patient,metric,strategy,delta,rep
P1,frac_Tumour,full,0.12710626233047534,
P1,frac_Immune,full,0.01363921184221955,
P1,score_Estrogen_response,full,0.3241383195863239,
P1,score_Proliferation,full,-0.003071130872379712,
P1,score_T_cell_activity,full,-0.004984286781074224,
P1,score_Myeloid_inflammation,full,-0.1508685747480546,
P1,tumour_immune_contact,full,0.03638126139987344,
P1,frac_Tumour,random,0.12048192771084339,0.0
P1,frac_Immune,random,0.0,0.0
P1,score_Estrogen_response,random,0.3407197130179803,0.0
P1,score_Proliferation,random,-0.00883700125551526,0.0
P1,score_T_cell_activity,random,-0.006067284004097005,0.0
P1,score_Myeloid_inflammation,random,-0.15998477282097676,0.0
P1,tumour_immune_contact,random,-0.10993975903614459,0.0
P1,frac_Tumour,random,0.11897590361445783,1.0
P1,frac_Immune,random,0.003012048192771087,1.0
P1,score_Estrogen_response,random,0.3117998637800976,1.0
P1,score_Proliferation,random,-0.010684377759085078,1.0
P1,score_T_cell_activity,random,-0.002586232000984341,1.0
P1,score_Myeloid_inflammation,random,-0.13386019606188118,1.0
P1,tumour_immune_contact,random,-0.10542168674698796,1.0
P1,frac_Tumour,random,0.12801204819277107,2.0
P1,frac_Immune,random,0.00150602409638554,2.0
P1,score_Estrogen_response,random,0.319305922814592,2.0
P1,score_Proliferation,random,-0.001411167579628002,2.0
P1,score_T_cell_activity,random,-0.005121917518686099,2.0
P1,score_Myeloid_inflammation,random,-0.14930456790109167,2.0
P1,tumour_immune_contact,random,-0.1069277108433735,2.0
P1,frac_Tumour,random,0.10843373493975904,3.0
P1,frac_Immune,random,0.01957831325301205,3.0
P1,score_Estrogen_response,random,0.3199445203300809,3.0
P1,score_Proliferation,random,0.0003046994298940239,3.0
P1,score_T_cell_activity,random,-0.0003399398662598729,3.0
P1,score_Myeloid_inflammation,random,-0.15548481553639068,3.0
P1,tumour_immune_contact,random,-0.08584337349397592,3.0
P1,frac_Tumour,random,0.13704819277108432,4.0
P1,frac_Immune,random,0.021084337349397596,4.0
P1,score_Estrogen_response,random,0.33986859667162306,4.0
P1,score_Proliferation,random,-0.008167174849921115,4.0
P1,score_T_cell_activity,random,-0.002790496235272013,4.0
P1,score_Myeloid_inflammation,random,-0.16216885671002454,4.0
P1,tumour_immune_contact,random,-0.09789156626506025,4.0
P1,frac_Tumour,random,0.11295180722891567,5.0
P1,frac_Immune,random,0.027108433734939756,5.0
P1,score_Estrogen_response,random,0.3311934071881295,5.0
P1,score_Proliferation,random,-0.015361563844081653,5.0
P1,score_T_cell_activity,random,-0.002706356212795978,5.0
P1,score_Myeloid_inflammation,random,-0.15006859764063488,5.0
P1,tumour_immune_contact,random,-0.08433734939759037,5.0
P1,frac_Tumour,random,0.1310240963855422,6.0
P1,frac_Immune,random,0.01957831325301205,6.0
P1,score_Estrogen_response,random,0.31702418906150687,6.0
P1,score_Proliferation,random,-0.013316343936216406,6.0
P1,score_T_cell_activity,random,-0.0022334829000344716,6.0
P1,score_Myeloid_inflammation,random,-0.15098580517067145,6.0
P1,tumour_immune_contact,random,-0.10843373493975905,6.0
P1,frac_Tumour,random,0.12048192771084339,7.0
P1,frac_Immune,random,0.010542168674698794,7.0
P1,score_Estrogen_response,random,0.3069030531743714,7.0
P1,score_Proliferation,random,-0.005756273710301429,7.0
P1,score_T_cell_activity,random,0.0014125498249588247,7.0
P1,score_Myeloid_inflammation,random,-0.1261776613547962,7.0
P1,tumour_immune_contact,random,-0.0993975903614458,7.0
P1,frac_Tumour,random,0.11295180722891567,8.0
P1,frac_Immune,random,0.010542168674698794,8.0
P1,score_Estrogen_response,random,0.3122963215719323,8.0
P1,score_Proliferation,random,-0.010322485939415942,8.0
P1,score_T_cell_activity,random,-0.0015605641865586652,8.0
P1,score_Myeloid_inflammation,random,-0.1329263951744386,8.0
P1,tumour_immune_contact,random,-0.11144578313253013,8.0
P1,frac_Tumour,random,0.11295180722891567,9.0
P1,frac_Immune,random,0.018072289156626502,9.0
P1,score_Estrogen_response,random,0.3341501426785518,9.0
P1,score_Proliferation,random,-0.007355888576238373,9.0
P1,score_T_cell_activity,random,-0.0032149603418916103,9.0
P1,score_Myeloid_inflammation,random,-0.15898702631881367,9.0
P1,tumour_immune_contact,random,-0.09789156626506025,9.0
P1,frac_Tumour,random,0.12349397590361445,10.0
P1,frac_Immune,random,0.01957831325301205,10.0
P1,score_Estrogen_response,random,0.3259524399131519,10.0
P1,score_Proliferation,random,-0.01620161718419526,10.0
P1,score_T_cell_activity,random,-0.004583847615015076,10.0
P1,score_Myeloid_inflammation,random,-0.1479933874309063,10.0
P1,tumour_immune_contact,random,-0.10090361445783133,10.0
P1,frac_Tumour,random,0.12801204819277107,11.0
P1,frac_Immune,random,0.018072289156626502,11.0
P1,score_Estrogen_response,random,0.33774787311119436,11.0
P1,score_Proliferation,random,-0.00019563533114598237,11.0
P1,score_T_cell_activity,random,-0.003659880823100427,11.0
P1,score_Myeloid_inflammation,random,-0.14992084397933841,11.0
P1,tumour_immune_contact,random,-0.08132530120481929,11.0
P1,frac_Tumour,random,0.1430722891566265,12.0
P1,frac_Immune,random,0.010542168674698794,12.0
P1,score_Estrogen_response,random,0.3141370280982403,12.0
P1,score_Proliferation,random,-0.006705088289889081,12.0
P1,score_T_cell_activity,random,-0.005867036185649983,12.0
P1,score_Myeloid_inflammation,random,-0.14911943442662146,12.0
P1,tumour_immune_contact,random,-0.1069277108433735,12.0
P1,frac_Tumour,random,0.11596385542168676,13.0
P1,frac_Immune,random,0.025602409638554223,13.0
P1,score_Estrogen_response,random,0.317987161042141,13.0
P1,score_Proliferation,random,-0.013088360445553464,13.0
P1,score_T_cell_activity,random,-0.006478012692736812,13.0
P1,score_Myeloid_inflammation,random,-0.16778696129232112,13.0
P1,tumour_immune_contact,random,-0.0963855421686747,13.0
P1,frac_Tumour,random,0.1506024096385542,14.0
P1,frac_Immune,random,0.018072289156626502,14.0
P1,score_Estrogen_response,random,0.33060803174575104,14.0
P1,score_Proliferation,random,-0.012993618968131037,14.0
P1,score_T_cell_activity,random,-0.0045220022512726995,14.0
P1,score_Myeloid_inflammation,random,-0.1455937699041726,14.0
P1,tumour_immune_contact,random,-0.088855421686747,14.0
P1,frac_Tumour,random,0.13403614457831325,15.0
P1,frac_Immune,random,0.015060240963855422,15.0
P1,score_Estrogen_response,random,0.30838401134278537,15.0
P1,score_Proliferation,random,-0.025193507082946716,15.0
P1,score_T_cell_activity,random,-0.00893222921422447,15.0
P1,score_Myeloid_inflammation,random,-0.14865348166165784,15.0
P1,tumour_immune_contact,random,-0.0963855421686747,15.0
P1,frac_Tumour,random,0.125,16.0
P1,frac_Immune,random,0.012048192771084341,16.0
P1,score_Estrogen_response,random,0.3308465991646834,16.0
P1,score_Proliferation,random,-0.007778255289369926,16.0
P1,score_T_cell_activity,random,-0.00046990707187528034,16.0
P1,score_Myeloid_inflammation,random,-0.14449541170682223,16.0
P1,tumour_immune_contact,random,-0.11445783132530121,16.0
P1,frac_Tumour,random,0.12650602409638556,17.0
P1,frac_Immune,random,0.007530120481927714,17.0
P1,score_Estrogen_response,random,0.32373071982538615,17.0
P1,score_Proliferation,random,0.003062768967434737,17.0
P1,score_T_cell_activity,random,-0.00563571920470301,17.0
P1,score_Myeloid_inflammation,random,-0.15711835542690525,17.0
P1,tumour_immune_contact,random,-0.09487951807228917,17.0
P1,frac_Tumour,random,0.14608433734939757,18.0
P1,frac_Immune,random,0.009036144578313261,18.0
P1,score_Estrogen_response,random,0.31871383106495454,18.0
P1,score_Proliferation,random,-0.009847814170413954,18.0
P1,score_T_cell_activity,random,-0.010383378605765988,18.0
P1,score_Myeloid_inflammation,random,-0.1678191586873241,18.0
P1,tumour_immune_contact,random,-0.10391566265060243,18.0
P1,frac_Tumour,random,0.11746987951807229,19.0
P1,frac_Immune,random,0.013554216867469888,19.0
P1,score_Estrogen_response,random,0.3280322972477395,19.0
P1,score_Proliferation,random,0.005280991522953898,19.0
P1,score_T_cell_activity,random,-0.008532811599742457,19.0
P1,score_Myeloid_inflammation,random,-0.1283049841416648,19.0
P1,tumour_immune_contact,random,-0.088855421686747,19.0
P1,frac_Tumour,random,0.1325301204819277,20.0
P1,frac_Immune,random,0.01656626506024097,20.0
P1,score_Estrogen_response,random,0.32978517998919865,20.0
P1,score_Proliferation,random,-0.006210597310824671,20.0
P1,score_T_cell_activity,random,-0.00914789336093937,20.0
P1,score_Myeloid_inflammation,random,-0.16574401876807418,20.0
P1,tumour_immune_contact,random,-0.10542168674698796,20.0
P1,frac_Tumour,random,0.1325301204819277,21.0
P1,frac_Immune,random,0.03012048192771085,21.0
P1,score_Estrogen_response,random,0.33220052116996523,21.0
P1,score_Proliferation,random,-0.012506788587748424,21.0
P1,score_T_cell_activity,random,-0.00033168207851040307,21.0
P1,score_Myeloid_inflammation,random,-0.16006554416025498,21.0
P1,tumour_immune_contact,random,-0.08283132530120482,21.0
P1,frac_Tumour,random,0.11144578313253013,22.0
P1,frac_Immune,random,0.004518072289156634,22.0
P1,score_Estrogen_response,random,0.3274170191722273,22.0
P1,score_Proliferation,random,-0.01549186732717301,22.0
P1,score_T_cell_activity,random,-0.0026755288222946806,22.0
P1,score_Myeloid_inflammation,random,-0.14809023586895295,22.0
P1,tumour_immune_contact,random,-0.0993975903614458,22.0
P1,frac_Tumour,random,0.16415662650602408,23.0
P1,frac_Immune,random,0.012048192771084341,23.0
P1,score_Estrogen_response,random,0.3471300467291023,23.0
P1,score_Proliferation,random,0.003887443820890714,23.0
P1,score_T_cell_activity,random,-0.0094323879454629,23.0
P1,score_Myeloid_inflammation,random,-0.18586409618209232,23.0
P1,tumour_immune_contact,random,-0.088855421686747,23.0
P1,frac_Tumour,random,0.13855421686746988,24.0
P1,frac_Immune,random,0.00150602409638554,24.0
P1,score_Estrogen_response,random,0.31384825160447993,24.0
P1,score_Proliferation,random,0.020440769159093604,24.0
P1,score_T_cell_activity,random,-0.007998173503930789,24.0
P1,score_Myeloid_inflammation,random,-0.13461370847884158,24.0
P1,tumour_immune_contact,random,-0.1069277108433735,24.0
P1,frac_Tumour,random,0.125,25.0
P1,frac_Immune,random,0.025602409638554223,25.0
P1,score_Estrogen_response,random,0.3404694839073614,25.0
P1,score_Proliferation,random,0.005453708142324798,25.0
P1,score_T_cell_activity,random,-0.015308802931962243,25.0
P1,score_Myeloid_inflammation,random,-0.17728899320428287,25.0
P1,tumour_immune_contact,random,-0.0963855421686747,25.0
P1,frac_Tumour,random,0.10993975903614457,26.0
P1,frac_Immune,random,0.03162650602409638,26.0
P1,score_Estrogen_response,random,0.30702693451042407,26.0
P1,score_Proliferation,random,0.0017233609815605856,26.0
P1,score_T_cell_activity,random,-0.005600128157550548,26.0
P1,score_Myeloid_inflammation,random,-0.11790234791295526,26.0
P1,tumour_immune_contact,random,-0.07379518072289158,26.0
P1,frac_Tumour,random,0.12801204819277107,27.0
P1,frac_Immune,random,0.010542168674698794,27.0
P1,score_Estrogen_response,random,0.3258920910003661,27.0
P1,score_Proliferation,random,0.008098088488058453,27.0
P1,score_T_cell_activity,random,-0.0073697844761681855,27.0
P1,score_Myeloid_inflammation,random,-0.14611765903983384,27.0
P1,tumour_immune_contact,random,-0.11897590361445784,27.0
P1,frac_Tumour,random,0.12349397590361445,28.0
P1,frac_Immune,random,0.0,28.0
P1,score_Estrogen_response,random,0.3066577740682467,28.0
P1,score_Proliferation,random,-0.01989578313627102,28.0
P1,score_T_cell_activity,random,-0.012736370074880649,28.0
P1,score_Myeloid_inflammation,random,-0.13757085733863722,28.0
P1,tumour_immune_contact,random,-0.10240963855421688,28.0
P1,frac_Tumour,random,0.13704819277108432,29.0
P1,frac_Immune,random,0.012048192771084341,29.0
P1,score_Estrogen_response,random,0.3254575074503254,29.0
P1,score_Proliferation,random,-0.0013823596348640627,29.0
P1,score_T_cell_activity,random,-0.006822894227971513,29.0
P1,score_Myeloid_inflammation,random,-0.14087935237623259,29.0
P1,tumour_immune_contact,random,-0.10542168674698796,29.0
P1,frac_Tumour,random,0.12650602409638556,30.0
P1,frac_Immune,random,0.009036144578313261,30.0
P1,score_Estrogen_response,random,0.3213846283637557,30.0
P1,score_Proliferation,random,0.0025716452542433785,30.0
P1,score_T_cell_activity,random,-0.0014520626073501195,30.0
P1,score_Myeloid_inflammation,random,-0.14099405194236775,30.0
P1,tumour_immune_contact,random,-0.10843373493975905,30.0
P1,frac_Tumour,random,0.1069277108433735,31.0
P1,frac_Immune,random,0.007530120481927714,31.0
P1,score_Estrogen_response,random,0.3181678692067319,31.0
P1,score_Proliferation,random,-0.0068779591480308344,31.0
P1,score_T_cell_activity,random,-0.0018289395026174415,31.0
P1,score_Myeloid_inflammation,random,-0.12579769245686026,31.0
P1,tumour_immune_contact,random,-0.10542168674698796,31.0
P1,frac_Tumour,random,0.12951807228915663,32.0
P1,frac_Immune,random,0.010542168674698794,32.0
P1,score_Estrogen_response,random,0.3112479035707244,32.0
P1,score_Proliferation,random,0.009528607634959708,32.0
P1,score_T_cell_activity,random,-0.007284024649595161,32.0
P1,score_Myeloid_inflammation,random,-0.15564129271925486,32.0
P1,tumour_immune_contact,random,-0.09789156626506025,32.0
P1,frac_Tumour,random,0.13403614457831325,33.0
P1,frac_Immune,random,0.010542168674698794,33.0
P1,score_Estrogen_response,random,0.32768584115544386,33.0
P1,score_Proliferation,random,0.00148829828769368,33.0
P1,score_T_cell_activity,random,-0.005660980086130311,33.0
P1,score_Myeloid_inflammation,random,-0.16060446256845418,33.0
P1,tumour_immune_contact,random,-0.10090361445783133,33.0
P1,frac_Tumour,random,0.15813253012048195,34.0
P1,frac_Immune,random,0.012048192771084341,34.0
P1,score_Estrogen_response,random,0.33374880652382277,34.0
P1,score_Proliferation,random,-0.018294780973813155,34.0
P1,score_T_cell_activity,random,-0.00569775461396539,34.0
P1,score_Myeloid_inflammation,random,-0.14240343204463818,34.0
P1,tumour_immune_contact,random,-0.10391566265060243,34.0
P1,frac_Tumour,random,0.13554216867469882,35.0
P1,frac_Immune,random,0.010542168674698794,35.0
P1,score_Estrogen_response,random,0.31671319953826726,35.0
P1,score_Proliferation,random,0.00040191301478929636,35.0
P1,score_T_cell_activity,random,-0.006185330182074542,35.0
P1,score_Myeloid_inflammation,random,-0.13697594565645552,35.0
P1,tumour_immune_contact,random,-0.088855421686747,35.0
P1,frac_Tumour,random,0.12048192771084339,36.0
P1,frac_Immune,random,0.02259036144578313,36.0
P1,score_Estrogen_response,random,0.32011644500486347,36.0
P1,score_Proliferation,random,-0.01724611217226225,36.0
P1,score_T_cell_activity,random,-0.0008381896697014697,36.0
P1,score_Myeloid_inflammation,random,-0.13452085386540652,36.0
P1,tumour_immune_contact,random,-0.08584337349397592,36.0
P1,frac_Tumour,random,0.13403614457831325,37.0
P1,frac_Immune,random,0.0,37.0
P1,score_Estrogen_response,random,0.32522989411178516,37.0
P1,score_Proliferation,random,0.0037395387623905567,37.0
P1,score_T_cell_activity,random,-0.008157709365568484,37.0
P1,score_Myeloid_inflammation,random,-0.16015059285229194,37.0
P1,tumour_immune_contact,random,-0.12048192771084339,37.0
P1,frac_Tumour,random,0.10993975903614457,38.0
P1,frac_Immune,random,0.028614457831325303,38.0
P1,score_Estrogen_response,random,0.3174249917843889,38.0
P1,score_Proliferation,random,-0.005488370408240992,38.0
P1,score_T_cell_activity,random,0.0024768535546868683,38.0
P1,score_Myeloid_inflammation,random,-0.12836861517927936,38.0
P1,tumour_immune_contact,random,-0.10391566265060243,38.0
P1,frac_Tumour,random,0.14156626506024095,39.0
P1,frac_Immune,random,0.006024096385542167,39.0
P1,score_Estrogen_response,random,0.34137395693784267,39.0
P1,score_Proliferation,random,0.0035426766080676837,39.0
P1,score_T_cell_activity,random,-0.011906359177217427,39.0
P1,score_Myeloid_inflammation,random,-0.15940320321252407,39.0
P1,tumour_immune_contact,random,-0.10843373493975905,39.0
P1,frac_Tumour,random,0.11596385542168676,40.0
P1,frac_Immune,random,0.009036144578313261,40.0
P1,score_Estrogen_response,random,0.331341336361607,40.0
P1,score_Proliferation,random,-0.0028829870502627055,40.0
P1,score_T_cell_activity,random,-0.002688782253119361,40.0
P1,score_Myeloid_inflammation,random,-0.1561115641273853,40.0
P1,tumour_immune_contact,random,-0.09789156626506025,40.0
P1,frac_Tumour,random,0.12951807228915663,41.0
P1,frac_Immune,random,0.024096385542168676,41.0
P1,score_Estrogen_response,random,0.33541552153338716,41.0
P1,score_Proliferation,random,0.004733864375377724,41.0
P1,score_T_cell_activity,random,-0.00545851314552577,41.0
P1,score_Myeloid_inflammation,random,-0.17484998071545918,41.0
P1,tumour_immune_contact,random,-0.09487951807228917,41.0
P1,frac_Tumour,random,0.14759036144578314,42.0
P1,frac_Immune,random,0.0,42.0
P1,score_Estrogen_response,random,0.3238138911684182,42.0
P1,score_Proliferation,random,0.004452549835191772,42.0
P1,score_T_cell_activity,random,-0.007009076453954818,42.0
P1,score_Myeloid_inflammation,random,-0.15549293586220195,42.0
P1,tumour_immune_contact,random,-0.11596385542168676,42.0
P1,frac_Tumour,random,0.1506024096385542,43.0
P1,frac_Immune,random,0.007530120481927714,43.0
P1,score_Estrogen_response,random,0.33344579410753195,43.0
P1,score_Proliferation,random,0.019324126154588107,43.0
P1,score_T_cell_activity,random,-0.005608408402427134,43.0
P1,score_Myeloid_inflammation,random,-0.15648575636551287,43.0
P1,tumour_immune_contact,random,-0.10090361445783133,43.0
P1,frac_Tumour,random,0.14156626506024095,44.0
P1,frac_Immune,random,0.010542168674698794,44.0
P1,score_Estrogen_response,random,0.31956899239774295,44.0
P1,score_Proliferation,random,0.008319898989379461,44.0
P1,score_T_cell_activity,random,-0.00811935651858887,44.0
P1,score_Myeloid_inflammation,random,-0.17017105899362198,44.0
P1,tumour_immune_contact,random,-0.0963855421686747,44.0
P1,frac_Tumour,random,0.13403614457831325,45.0
P1,frac_Immune,random,0.025602409638554223,45.0
P1,score_Estrogen_response,random,0.32894051800425905,45.0
P1,score_Proliferation,random,0.014404544840342894,45.0
P1,score_T_cell_activity,random,-0.007503759811680959,45.0
P1,score_Myeloid_inflammation,random,-0.17438622443047117,45.0
P1,tumour_immune_contact,random,-0.08132530120481929,45.0
P1,frac_Tumour,random,0.15361445783132532,46.0
P1,frac_Immune,random,0.01957831325301205,46.0
P1,score_Estrogen_response,random,0.33788072296413274,46.0
P1,score_Proliferation,random,-0.009442440490199029,46.0
P1,score_T_cell_activity,random,-0.00866160450845837,46.0
P1,score_Myeloid_inflammation,random,-0.18089684452226773,46.0
P1,tumour_immune_contact,random,-0.09036144578313254,46.0
P1,frac_Tumour,random,0.15361445783132532,47.0
P1,frac_Immune,random,0.003012048192771087,47.0
P1,score_Estrogen_response,random,0.3341928751604619,47.0
P1,score_Proliferation,random,0.0016412592237735834,47.0
P1,score_T_cell_activity,random,-0.004966728251083308,47.0
P1,score_Myeloid_inflammation,random,-0.1520992486908972,47.0
P1,tumour_immune_contact,random,-0.10542168674698796,47.0
P1,frac_Tumour,random,0.13403614457831325,48.0
P1,frac_Immune,random,0.01957831325301205,48.0
P1,score_Estrogen_response,random,0.3447265912516041,48.0
P1,score_Proliferation,random,-0.0024131602371469238,48.0
P1,score_T_cell_activity,random,2.946152810351507e-05,48.0
P1,score_Myeloid_inflammation,random,-0.1660256237567018,48.0
P1,tumour_immune_contact,random,-0.09186746987951808,48.0
P1,frac_Tumour,random,0.12951807228915663,49.0
P1,frac_Immune,random,0.015060240963855422,49.0
P1,score_Estrogen_response,random,0.34139795203862533,49.0
P1,score_Proliferation,random,0.010048073146386437,49.0
P1,score_T_cell_activity,random,-0.009832682223923235,49.0
P1,score_Myeloid_inflammation,random,-0.15862895723301926,49.0
P1,tumour_immune_contact,random,-0.09487951807228917,49.0
P1,frac_Tumour,random,0.10090361445783132,50.0
P1,frac_Immune,random,0.018072289156626502,50.0
P1,score_Estrogen_response,random,0.3238201904713641,50.0
P1,score_Proliferation,random,-0.014996324216678654,50.0
P1,score_T_cell_activity,random,-0.00887147585880086,50.0
P1,score_Myeloid_inflammation,random,-0.1653733980527433,50.0
P1,tumour_immune_contact,random,-0.07680722891566266,50.0
P1,frac_Tumour,random,0.12951807228915663,51.0
P1,frac_Immune,random,0.021084337349397596,51.0
P1,score_Estrogen_response,random,0.316097576114447,51.0
P1,score_Proliferation,random,-0.009465102757206445,51.0
P1,score_T_cell_activity,random,-0.0009980968704305026,51.0
P1,score_Myeloid_inflammation,random,-0.15142163213759197,51.0
P1,tumour_immune_contact,random,-0.09487951807228917,51.0
P1,frac_Tumour,random,0.125,52.0
P1,frac_Immune,random,0.003012048192771087,52.0
P1,score_Estrogen_response,random,0.3232767493839873,52.0
P1,score_Proliferation,random,-0.0027022937458254953,52.0
P1,score_T_cell_activity,random,-0.0025897672332553996,52.0
P1,score_Myeloid_inflammation,random,-0.1280563808083363,52.0
P1,tumour_immune_contact,random,-0.09337349397590362,52.0
P1,frac_Tumour,random,0.12951807228915663,53.0
P1,frac_Immune,random,0.010542168674698794,53.0
P1,score_Estrogen_response,random,0.32329029060630043,53.0
P1,score_Proliferation,random,-0.0024875499339992446,53.0
P1,score_T_cell_activity,random,-0.003601412257157177,53.0
P1,score_Myeloid_inflammation,random,-0.16104687048830796,53.0
P1,tumour_immune_contact,random,-0.09789156626506025,53.0
P1,frac_Tumour,random,0.11897590361445783,54.0
P1,frac_Immune,random,0.015060240963855422,54.0
P1,score_Estrogen_response,random,0.34048773291963996,54.0
P1,score_Proliferation,random,0.006908224151622127,54.0
P1,score_T_cell_activity,random,-0.009347214384371019,54.0
P1,score_Myeloid_inflammation,random,-0.15200164385614418,54.0
P1,tumour_immune_contact,random,-0.10391566265060243,54.0
P1,frac_Tumour,random,0.11897590361445783,55.0
P1,frac_Immune,random,0.009036144578313261,55.0
P1,score_Estrogen_response,random,0.3222947788005516,55.0
P1,score_Proliferation,random,-0.02013611214326868,55.0
P1,score_T_cell_activity,random,-0.007257418092774101,55.0
P1,score_Myeloid_inflammation,random,-0.1574266527440961,55.0
P1,tumour_immune_contact,random,-0.09487951807228917,55.0
P1,frac_Tumour,random,0.12198795180722892,56.0
P1,frac_Immune,random,0.01957831325301205,56.0
P1,score_Estrogen_response,random,0.32801710893231184,56.0
P1,score_Proliferation,random,-0.009414468173094272,56.0
P1,score_T_cell_activity,random,-0.004297300342634977,56.0
P1,score_Myeloid_inflammation,random,-0.16482337929620458,56.0
P1,tumour_immune_contact,random,-0.09789156626506025,56.0
P1,frac_Tumour,random,0.12048192771084339,57.0
P1,frac_Immune,random,0.004518072289156634,57.0
P1,score_Estrogen_response,random,0.3192599576473597,57.0
P1,score_Proliferation,random,0.0016579604969001755,57.0
P1,score_T_cell_activity,random,-0.003574615640154325,57.0
P1,score_Myeloid_inflammation,random,-0.15820067135017626,57.0
P1,tumour_immune_contact,random,-0.0963855421686747,57.0
P1,frac_Tumour,random,0.12951807228915663,58.0
P1,frac_Immune,random,0.010542168674698794,58.0
P1,score_Estrogen_response,random,0.32886970878202415,58.0
P1,score_Proliferation,random,-0.0068332135441725225,58.0
P1,score_T_cell_activity,random,-0.006973862932508729,58.0
P1,score_Myeloid_inflammation,random,-0.15514358837176723,58.0
P1,tumour_immune_contact,random,-0.10240963855421688,58.0
P1,frac_Tumour,random,0.09638554216867469,59.0
P1,frac_Immune,random,0.015060240963855422,59.0
P1,score_Estrogen_response,random,0.31746037177212516,59.0
P1,score_Proliferation,random,0.009488152556108012,59.0
P1,score_T_cell_activity,random,0.0024140516651203355,59.0
P1,score_Myeloid_inflammation,random,-0.12545792205753983,59.0
P1,tumour_immune_contact,random,-0.10391566265060243,59.0
P1,frac_Tumour,random,0.13403614457831325,60.0
P1,frac_Immune,random,0.03012048192771085,60.0
P1,score_Estrogen_response,random,0.3358976883005884,60.0
P1,score_Proliferation,random,0.0031515920173794797,60.0
P1,score_T_cell_activity,random,-0.007235726394447455,60.0
P1,score_Myeloid_inflammation,random,-0.1927948351185587,60.0
P1,tumour_immune_contact,random,-0.08433734939759037,60.0
P1,frac_Tumour,random,0.10843373493975904,61.0
P1,frac_Immune,random,0.01957831325301205,61.0
P1,score_Estrogen_response,random,0.31231551835181426,61.0
P1,score_Proliferation,random,-0.0054209806937267424,61.0
P1,score_T_cell_activity,random,-0.0001395808335049563,61.0
P1,score_Myeloid_inflammation,random,-0.12308460022191924,61.0
P1,tumour_immune_contact,random,-0.10391566265060243,61.0
P1,frac_Tumour,random,0.10843373493975904,62.0
P1,frac_Immune,random,0.01957831325301205,62.0
P1,score_Estrogen_response,random,0.3260732186350419,62.0
P1,score_Proliferation,random,-0.0025813468407868195,62.0
P1,score_T_cell_activity,random,-0.0055164430331154524,62.0
P1,score_Myeloid_inflammation,random,-0.15972479668170708,62.0
P1,tumour_immune_contact,random,-0.09487951807228917,62.0
P1,frac_Tumour,random,0.12650602409638556,63.0
P1,frac_Immune,random,0.015060240963855422,63.0
P1,score_Estrogen_response,random,0.3565194770116197,63.0
P1,score_Proliferation,random,-0.013013706430639234,63.0
P1,score_T_cell_activity,random,-0.003037037471870343,63.0
P1,score_Myeloid_inflammation,random,-0.1613286821133811,63.0
P1,tumour_immune_contact,random,-0.10240963855421688,63.0
P1,frac_Tumour,random,0.12951807228915663,64.0
P1,frac_Immune,random,0.015060240963855422,64.0
P1,score_Estrogen_response,random,0.3201426994906973,64.0
P1,score_Proliferation,random,-0.004452851564017989,64.0
P1,score_T_cell_activity,random,-0.00032109835061682216,64.0
P1,score_Myeloid_inflammation,random,-0.14186081615018556,64.0
P1,tumour_immune_contact,random,-0.09186746987951808,64.0
P1,frac_Tumour,random,0.11897590361445783,65.0
P1,frac_Immune,random,0.01656626506024097,65.0
P1,score_Estrogen_response,random,0.30895950125356164,65.0
P1,score_Proliferation,random,-0.00934790887764636,65.0
P1,score_T_cell_activity,random,-0.005991207189947725,65.0
P1,score_Myeloid_inflammation,random,-0.13951940751663924,65.0
P1,tumour_immune_contact,random,-0.10993975903614459,65.0
P1,frac_Tumour,random,0.1430722891566265,66.0
P1,frac_Immune,random,0.012048192771084341,66.0
P1,score_Estrogen_response,random,0.3300345663107037,66.0
P1,score_Proliferation,random,-0.0020181387071455652,66.0
P1,score_T_cell_activity,random,0.002151068371821599,66.0
P1,score_Myeloid_inflammation,random,-0.15047815713571938,66.0
P1,tumour_immune_contact,random,-0.10090361445783133,66.0
P1,frac_Tumour,random,0.125,67.0
P1,frac_Immune,random,0.012048192771084341,67.0
P1,score_Estrogen_response,random,0.33037346197572803,67.0
P1,score_Proliferation,random,-0.006618987465141858,67.0
P1,score_T_cell_activity,random,0.0016841584458408593,67.0
P1,score_Myeloid_inflammation,random,-0.129638981262005,67.0
P1,tumour_immune_contact,random,-0.09789156626506025,67.0
P1,frac_Tumour,random,0.11144578313253013,68.0
P1,frac_Immune,random,0.03012048192771085,68.0
P1,score_Estrogen_response,random,0.3055895974466142,68.0
P1,score_Proliferation,random,0.004160607997666378,68.0
P1,score_T_cell_activity,random,0.002968686707886347,68.0
P1,score_Myeloid_inflammation,random,-0.14816341319314308,68.0
P1,tumour_immune_contact,random,-0.06777108433734941,68.0
P1,frac_Tumour,random,0.08132530120481928,69.0
P1,frac_Immune,random,0.006024096385542167,69.0
P1,score_Estrogen_response,random,0.29801402862853377,69.0
P1,score_Proliferation,random,-0.0284753538238591,69.0
P1,score_T_cell_activity,random,-0.003148025822627496,69.0
P1,score_Myeloid_inflammation,random,-0.1149013558083988,69.0
P1,tumour_immune_contact,random,-0.088855421686747,69.0
P1,frac_Tumour,random,0.12951807228915663,70.0
P1,frac_Immune,random,0.021084337349397596,70.0
P1,score_Estrogen_response,random,0.339516505283015,70.0
P1,score_Proliferation,random,0.0117393918092298,70.0
P1,score_T_cell_activity,random,0.0018686716046678012,70.0
P1,score_Myeloid_inflammation,random,-0.1636286883203209,70.0
P1,tumour_immune_contact,random,-0.09186746987951808,70.0
P1,frac_Tumour,random,0.12048192771084339,71.0
P1,frac_Immune,random,0.028614457831325303,71.0
P1,score_Estrogen_response,random,0.3216991499980004,71.0
P1,score_Proliferation,random,-0.003423054718827629,71.0
P1,score_T_cell_activity,random,-0.0017269527403465713,71.0
P1,score_Myeloid_inflammation,random,-0.13142587725194924,71.0
P1,tumour_immune_contact,random,-0.07680722891566266,71.0
P1,frac_Tumour,random,0.11746987951807229,72.0
P1,frac_Immune,random,0.01957831325301205,72.0
P1,score_Estrogen_response,random,0.33047144817315943,72.0
P1,score_Proliferation,random,0.008964538652108263,72.0
P1,score_T_cell_activity,random,-0.006835558790638744,72.0
P1,score_Myeloid_inflammation,random,-0.14314781874717478,72.0
P1,tumour_immune_contact,random,-0.0783132530120482,72.0
P1,frac_Tumour,random,0.12951807228915663,73.0
P1,frac_Immune,random,0.010542168674698794,73.0
P1,score_Estrogen_response,random,0.33333924765840817,73.0
P1,score_Proliferation,random,0.009547938914368687,73.0
P1,score_T_cell_activity,random,-0.005588906156729501,73.0
P1,score_Myeloid_inflammation,random,-0.15370757778878874,73.0
P1,tumour_immune_contact,random,-0.10843373493975905,73.0
P1,frac_Tumour,random,0.13855421686746988,74.0
P1,frac_Immune,random,0.01957831325301205,74.0
P1,score_Estrogen_response,random,0.31936020974211543,74.0
P1,score_Proliferation,random,-0.023081933572185385,74.0
P1,score_T_cell_activity,random,-0.0050402561387264105,74.0
P1,score_Myeloid_inflammation,random,-0.1592577423152743,74.0
P1,tumour_immune_contact,random,-0.08584337349397592,74.0
P1,frac_Tumour,random,0.14006024096385544,75.0
P1,frac_Immune,random,0.006024096385542167,75.0
P1,score_Estrogen_response,random,0.32725575102435245,75.0
P1,score_Proliferation,random,0.004382704102954649,75.0
P1,score_T_cell_activity,random,-0.004603420137760629,75.0
P1,score_Myeloid_inflammation,random,-0.1625480276460765,75.0
P1,tumour_immune_contact,random,-0.09789156626506025,75.0
P1,frac_Tumour,random,0.13855421686746988,76.0
P1,frac_Immune,random,0.012048192771084341,76.0
P1,score_Estrogen_response,random,0.3092666212305979,76.0
P1,score_Proliferation,random,0.0013800619758166967,76.0
P1,score_T_cell_activity,random,0.0014176038631114616,76.0
P1,score_Myeloid_inflammation,random,-0.13435617223484583,76.0
P1,tumour_immune_contact,random,-0.08734939759036145,76.0
P1,frac_Tumour,random,0.12951807228915663,77.0
P1,frac_Immune,random,0.006024096385542167,77.0
P1,score_Estrogen_response,random,0.3166484506615328,77.0
P1,score_Proliferation,random,0.008365064522337196,77.0
P1,score_T_cell_activity,random,-0.004348214768142585,77.0
P1,score_Myeloid_inflammation,random,-0.14572381039178375,77.0
P1,tumour_immune_contact,random,-0.10542168674698796,77.0
P1,frac_Tumour,random,0.12349397590361445,78.0
P1,frac_Immune,random,0.015060240963855422,78.0
P1,score_Estrogen_response,random,0.3302895952317446,78.0
P1,score_Proliferation,random,-0.009033881352409463,78.0
P1,score_T_cell_activity,random,-0.004158332973838332,78.0
P1,score_Myeloid_inflammation,random,-0.15130664435341926,78.0
P1,tumour_immune_contact,random,-0.09789156626506025,78.0
P1,frac_Tumour,random,0.14006024096385544,79.0
P1,frac_Immune,random,0.004518072289156634,79.0
P1,score_Estrogen_response,random,0.30040190570528547,79.0
P1,score_Proliferation,random,-0.008203469435810878,79.0
P1,score_T_cell_activity,random,-0.0026154628746121746,79.0
P1,score_Myeloid_inflammation,random,-0.1366655866886375,79.0
P1,tumour_immune_contact,random,-0.10843373493975905,79.0
P1,frac_Tumour,random,0.10542168674698794,80.0
P1,frac_Immune,random,0.013554216867469888,80.0
P1,score_Estrogen_response,random,0.3164717347805285,80.0
P1,score_Proliferation,random,-0.0008515392022958417,80.0
P1,score_T_cell_activity,random,-0.014729129992335678,80.0
P1,score_Myeloid_inflammation,random,-0.13919075702883973,80.0
P1,tumour_immune_contact,random,-0.10240963855421688,80.0
P1,frac_Tumour,random,0.14608433734939757,81.0
P1,frac_Immune,random,0.01957831325301205,81.0
P1,score_Estrogen_response,random,0.32987909181489206,81.0
P1,score_Proliferation,random,0.0014291382976925064,81.0
P1,score_T_cell_activity,random,-0.0027649253171730236,81.0
P1,score_Myeloid_inflammation,random,-0.1753122252331885,81.0
P1,tumour_immune_contact,random,-0.0993975903614458,81.0
P1,frac_Tumour,random,0.12951807228915663,82.0
P1,frac_Immune,random,0.01656626506024097,82.0
P1,score_Estrogen_response,random,0.32617439533551174,82.0
P1,score_Proliferation,random,-0.01268251008013368,82.0
P1,score_T_cell_activity,random,-0.0030494115948677064,82.0
P1,score_Myeloid_inflammation,random,-0.13220629447127508,82.0
P1,tumour_immune_contact,random,-0.10090361445783133,82.0
P1,frac_Tumour,random,0.12048192771084339,83.0
P1,frac_Immune,random,0.01957831325301205,83.0
P1,score_Estrogen_response,random,0.3159314742955198,83.0
P1,score_Proliferation,random,-0.009584579021388958,83.0
P1,score_T_cell_activity,random,-0.002772696414865163,83.0
P1,score_Myeloid_inflammation,random,-0.142751001581353,83.0
P1,tumour_immune_contact,random,-0.0963855421686747,83.0
P1,frac_Tumour,random,0.11897590361445783,84.0
P1,frac_Immune,random,0.009036144578313261,84.0
P1,score_Estrogen_response,random,0.3224224195717018,84.0
P1,score_Proliferation,random,0.0016110602483660201,84.0
P1,score_T_cell_activity,random,-0.0038737280510036816,84.0
P1,score_Myeloid_inflammation,random,-0.14787554647848308,84.0
P1,tumour_immune_contact,random,-0.1069277108433735,84.0
P1,frac_Tumour,random,0.14457831325301207,85.0
P1,frac_Immune,random,0.018072289156626502,85.0
P1,score_Estrogen_response,random,0.33078473965181865,85.0
P1,score_Proliferation,random,-0.0030000820930962705,85.0
P1,score_T_cell_activity,random,-0.008516112274314506,85.0
P1,score_Myeloid_inflammation,random,-0.1563291379354565,85.0
P1,tumour_immune_contact,random,-0.08433734939759037,85.0
P1,frac_Tumour,random,0.14457831325301207,86.0
P1,frac_Immune,random,0.004518072289156634,86.0
P1,score_Estrogen_response,random,0.3165941316506746,86.0
P1,score_Proliferation,random,0.00367191839748372,86.0
P1,score_T_cell_activity,random,-0.0046709899580382915,86.0
P1,score_Myeloid_inflammation,random,-0.15184775053446004,86.0
P1,tumour_immune_contact,random,-0.09337349397590362,86.0
P1,frac_Tumour,random,0.12951807228915663,87.0
P1,frac_Immune,random,0.024096385542168676,87.0
P1,score_Estrogen_response,random,0.30728709166704526,87.0
P1,score_Proliferation,random,0.006222324312386481,87.0
P1,score_T_cell_activity,random,-0.0003852510373276389,87.0
P1,score_Myeloid_inflammation,random,-0.14927544937597834,87.0
P1,tumour_immune_contact,random,-0.09337349397590362,87.0
P1,frac_Tumour,random,0.11897590361445783,88.0
P1,frac_Immune,random,0.012048192771084341,88.0
P1,score_Estrogen_response,random,0.33602550208566984,88.0
P1,score_Proliferation,random,0.01326151205979642,88.0
P1,score_T_cell_activity,random,-0.007415625953231468,88.0
P1,score_Myeloid_inflammation,random,-0.16104438386972922,88.0
P1,tumour_immune_contact,random,-0.12048192771084339,88.0
P1,frac_Tumour,random,0.10542168674698794,89.0
P1,frac_Immune,random,0.018072289156626502,89.0
P1,score_Estrogen_response,random,0.3094981895470975,89.0
P1,score_Proliferation,random,-0.0058610862759871365,89.0
P1,score_T_cell_activity,random,-0.00110219325460344,89.0
P1,score_Myeloid_inflammation,random,-0.12718590274589947,89.0
P1,tumour_immune_contact,random,-0.0993975903614458,89.0
P1,frac_Tumour,random,0.15210843373493976,90.0
P1,frac_Immune,random,0.015060240963855422,90.0
P1,score_Estrogen_response,random,0.3347134495001207,90.0
P1,score_Proliferation,random,-0.009688574539181424,90.0
P1,score_T_cell_activity,random,-0.004382195378762172,90.0
P1,score_Myeloid_inflammation,random,-0.16508975579317314,90.0
P1,tumour_immune_contact,random,-0.10090361445783133,90.0
P1,frac_Tumour,random,0.11897590361445783,91.0
P1,frac_Immune,random,0.025602409638554223,91.0
P1,score_Estrogen_response,random,0.33122452047968465,91.0
P1,score_Proliferation,random,-0.0005735334850692354,91.0
P1,score_T_cell_activity,random,-0.00580617721480538,91.0
P1,score_Myeloid_inflammation,random,-0.14130053383706973,91.0
P1,tumour_immune_contact,random,-0.09036144578313254,91.0
P1,frac_Tumour,random,0.088855421686747,92.0
P1,frac_Immune,random,0.015060240963855422,92.0
P1,score_Estrogen_response,random,0.29531149568081916,92.0
P1,score_Proliferation,random,-0.00594467234556426,92.0
P1,score_T_cell_activity,random,-0.003878081375456238,92.0
P1,score_Myeloid_inflammation,random,-0.11247531701206338,92.0
P1,tumour_immune_contact,random,-0.10542168674698796,92.0
P1,frac_Tumour,random,0.12048192771084339,93.0
P1,frac_Immune,random,0.027108433734939756,93.0
P1,score_Estrogen_response,random,0.3167041923176216,93.0
P1,score_Proliferation,random,-0.008144908061404532,93.0
P1,score_T_cell_activity,random,0.0036746267278989146,93.0
P1,score_Myeloid_inflammation,random,-0.13453325963736742,93.0
P1,tumour_immune_contact,random,-0.08283132530120482,93.0
P1,frac_Tumour,random,0.13704819277108432,94.0
P1,frac_Immune,random,0.012048192771084341,94.0
P1,score_Estrogen_response,random,0.32867274029470017,94.0
P1,score_Proliferation,random,-0.0063856376228744,94.0
P1,score_T_cell_activity,random,-0.010257186043813047,94.0
P1,score_Myeloid_inflammation,random,-0.15057106768937883,94.0
P1,tumour_immune_contact,random,-0.0963855421686747,94.0
P1,frac_Tumour,random,0.10993975903614457,95.0
P1,frac_Immune,random,0.010542168674698794,95.0
P1,score_Estrogen_response,random,0.3015583467105768,95.0
P1,score_Proliferation,random,-0.005641829722622813,95.0
P1,score_T_cell_activity,random,-0.0021011475487406474,95.0
P1,score_Myeloid_inflammation,random,-0.12521558587271045,95.0
P1,tumour_immune_contact,random,-0.10391566265060243,95.0
P1,frac_Tumour,random,0.11897590361445783,96.0
P1,frac_Immune,random,0.01656626506024097,96.0
P1,score_Estrogen_response,random,0.320105303338341,96.0
P1,score_Proliferation,random,-0.009169406393956117,96.0
P1,score_T_cell_activity,random,5.392738434684217e-05,96.0
P1,score_Myeloid_inflammation,random,-0.15065277235737423,96.0
P1,tumour_immune_contact,random,-0.1069277108433735,96.0
P1,frac_Tumour,random,0.14006024096385544,97.0
P1,frac_Immune,random,0.015060240963855422,97.0
P1,score_Estrogen_response,random,0.31501596098420126,97.0
P1,score_Proliferation,random,-0.0018345665826520357,97.0
P1,score_T_cell_activity,random,-0.0033700061085592792,97.0
P1,score_Myeloid_inflammation,random,-0.14639498611205756,97.0
P1,tumour_immune_contact,random,-0.08584337349397592,97.0
P1,frac_Tumour,random,0.13403614457831325,98.0
P1,frac_Immune,random,-0.00301204819277108,98.0
P1,score_Estrogen_response,random,0.31124576067782805,98.0
P1,score_Proliferation,random,0.007024441174698099,98.0
P1,score_T_cell_activity,random,-0.010661347927278783,98.0
P1,score_Myeloid_inflammation,random,-0.15188351083617405,98.0
P1,tumour_immune_contact,random,-0.11295180722891568,98.0
P1,frac_Tumour,random,0.11295180722891567,99.0
P1,frac_Immune,random,0.01957831325301205,99.0
P1,score_Estrogen_response,random,0.32566856692571233,99.0
P1,score_Proliferation,random,-0.008121591391917631,99.0
P1,score_T_cell_activity,random,-0.01243818872143705,99.0
P1,score_Myeloid_inflammation,random,-0.15276004875417556,99.0
P1,tumour_immune_contact,random,-0.09789156626506025,99.0
P1,frac_Tumour,random,0.11596385542168676,100.0
P1,frac_Immune,random,0.03313253012048193,100.0
P1,score_Estrogen_response,random,0.32081639873797174,100.0
P1,score_Proliferation,random,0.0004287068225097626,100.0
P1,score_T_cell_activity,random,-0.0096270997999423,100.0
P1,score_Myeloid_inflammation,random,-0.12140583138115707,100.0
P1,tumour_immune_contact,random,-0.08584337349397592,100.0
P1,frac_Tumour,random,0.10391566265060241,101.0
P1,frac_Immune,random,0.027108433734939756,101.0
P1,score_Estrogen_response,random,0.30387544444735837,101.0
P1,score_Proliferation,random,-0.013769547955690587,101.0
P1,score_T_cell_activity,random,-0.0017793978705822706,101.0
P1,score_Myeloid_inflammation,random,-0.12418988418686819,101.0
P1,tumour_immune_contact,random,-0.07981927710843376,101.0
P1,frac_Tumour,random,0.12198795180722892,102.0
P1,frac_Immune,random,0.01957831325301205,102.0
P1,score_Estrogen_response,random,0.324851371911983,102.0
P1,score_Proliferation,random,-0.01055662640321409,102.0
P1,score_T_cell_activity,random,-0.003626187821887581,102.0
P1,score_Myeloid_inflammation,random,-0.16543870557999377,102.0
P1,tumour_immune_contact,random,-0.10391566265060243,102.0
P1,frac_Tumour,random,0.12198795180722892,103.0
P1,frac_Immune,random,0.025602409638554223,103.0
P1,score_Estrogen_response,random,0.3140477296073778,103.0
P1,score_Proliferation,random,-0.002731306097035589,103.0
P1,score_T_cell_activity,random,-0.009195387737159746,103.0
P1,score_Myeloid_inflammation,random,-0.14874102523869914,103.0
P1,tumour_immune_contact,random,-0.09186746987951808,103.0
P1,frac_Tumour,random,0.11746987951807229,104.0
P1,frac_Immune,random,0.01957831325301205,104.0
P1,score_Estrogen_response,random,0.32766047546741994,104.0
P1,score_Proliferation,random,-0.0032539674405026803,104.0
P1,score_T_cell_activity,random,-0.0017644642161796357,104.0
P1,score_Myeloid_inflammation,random,-0.1386817110708166,104.0
P1,tumour_immune_contact,random,-0.09487951807228917,104.0
P1,frac_Tumour,random,0.09789156626506025,105.0
P1,frac_Immune,random,0.027108433734939756,105.0
P1,score_Estrogen_response,random,0.34156493863914383,105.0
P1,score_Proliferation,random,0.005551804784870856,105.0
P1,score_T_cell_activity,random,-0.009997495848790231,105.0
P1,score_Myeloid_inflammation,random,-0.14407263653618949,105.0
P1,tumour_immune_contact,random,-0.09036144578313254,105.0
P1,frac_Tumour,random,0.10993975903614457,106.0
P1,frac_Immune,random,0.009036144578313261,106.0
P1,score_Estrogen_response,random,0.3079643151250129,106.0
P1,score_Proliferation,random,-0.013802253058635078,106.0
P1,score_T_cell_activity,random,-0.0031943094246837506,106.0
P1,score_Myeloid_inflammation,random,-0.1582105538726058,106.0
P1,tumour_immune_contact,random,-0.11144578313253013,106.0
P1,frac_Tumour,random,0.12650602409638556,107.0
P1,frac_Immune,random,0.015060240963855422,107.0
P1,score_Estrogen_response,random,0.32904655113967163,107.0
P1,score_Proliferation,random,0.004442910512526343,107.0
P1,score_T_cell_activity,random,-0.0034476260253224517,107.0
P1,score_Myeloid_inflammation,random,-0.14373393961156294,107.0
P1,tumour_immune_contact,random,-0.10090361445783133,107.0
P1,frac_Tumour,random,0.15361445783132532,108.0
P1,frac_Immune,random,0.010542168674698794,108.0
P1,score_Estrogen_response,random,0.32166415039679597,108.0
P1,score_Proliferation,random,-0.010103694022960703,108.0
P1,score_T_cell_activity,random,-0.009085199456796589,108.0
P1,score_Myeloid_inflammation,random,-0.16025615709083077,108.0
P1,tumour_immune_contact,random,-0.10843373493975905,108.0
P1,frac_Tumour,random,0.14006024096385544,109.0
P1,frac_Immune,random,0.01656626506024097,109.0
P1,score_Estrogen_response,random,0.326309493742184,109.0
P1,score_Proliferation,random,0.001584104980215507,109.0
P1,score_T_cell_activity,random,-0.009657894981075004,109.0
P1,score_Myeloid_inflammation,random,-0.1508012180217572,109.0
P1,tumour_immune_contact,random,-0.09036144578313254,109.0
P1,frac_Tumour,random,0.13704819277108432,110.0
P1,frac_Immune,random,0.013554216867469888,110.0
P1,score_Estrogen_response,random,0.32612128055804424,110.0
P1,score_Proliferation,random,-0.001945477990937832,110.0
P1,score_T_cell_activity,random,-0.000906691017280142,110.0
P1,score_Myeloid_inflammation,random,-0.1474962116613753,110.0
P1,tumour_immune_contact,random,-0.08283132530120482,110.0
P1,frac_Tumour,random,0.12198795180722892,111.0
P1,frac_Immune,random,0.024096385542168676,111.0
P1,score_Estrogen_response,random,0.32149602718221415,111.0
P1,score_Proliferation,random,-0.02570438781041778,111.0
P1,score_T_cell_activity,random,-0.011520573203163931,111.0
P1,score_Myeloid_inflammation,random,-0.1597269744909466,111.0
P1,tumour_immune_contact,random,-0.09036144578313254,111.0
P1,frac_Tumour,random,0.09638554216867469,112.0
P1,frac_Immune,random,-0.004518072289156627,112.0
P1,score_Estrogen_response,random,0.3260326136481797,112.0
P1,score_Proliferation,random,-0.017188445832602497,112.0
P1,score_T_cell_activity,random,-0.0013733067614845468,112.0
P1,score_Myeloid_inflammation,random,-0.1413046346161123,112.0
P1,tumour_immune_contact,random,-0.11596385542168676,112.0
P1,frac_Tumour,random,0.10391566265060241,113.0
P1,frac_Immune,random,0.03162650602409638,113.0
P1,score_Estrogen_response,random,0.31185759646784983,113.0
P1,score_Proliferation,random,-0.018568031684682473,113.0
P1,score_T_cell_activity,random,-0.0005198579885394687,113.0
P1,score_Myeloid_inflammation,random,-0.13424391498091365,113.0
P1,tumour_immune_contact,random,-0.08132530120481929,113.0
P1,frac_Tumour,random,0.09487951807228916,114.0
P1,frac_Immune,random,0.015060240963855422,114.0
P1,score_Estrogen_response,random,0.29645986690402615,114.0
P1,score_Proliferation,random,-0.014944776580443532,114.0
P1,score_T_cell_activity,random,0.005319734841106406,114.0
P1,score_Myeloid_inflammation,random,-0.09608143019217973,114.0
P1,tumour_immune_contact,random,-0.08734939759036145,114.0
P1,frac_Tumour,random,0.13704819277108432,115.0
P1,frac_Immune,random,0.01957831325301205,115.0
P1,score_Estrogen_response,random,0.326332040923101,115.0
P1,score_Proliferation,random,-0.012790380711516145,115.0
P1,score_T_cell_activity,random,-0.002141006146808225,115.0
P1,score_Myeloid_inflammation,random,-0.14108953328624718,115.0
P1,tumour_immune_contact,random,-0.09487951807228917,115.0
P1,frac_Tumour,random,0.12951807228915663,116.0
P1,frac_Immune,random,0.0,116.0
P1,score_Estrogen_response,random,0.31884427415648575,116.0
P1,score_Proliferation,random,-0.011621844558076543,116.0
P1,score_T_cell_activity,random,-0.00044113035859113777,116.0
P1,score_Myeloid_inflammation,random,-0.13985385963493424,116.0
P1,tumour_immune_contact,random,-0.1069277108433735,116.0
P1,frac_Tumour,random,0.09487951807228916,117.0
P1,frac_Immune,random,0.01656626506024097,117.0
P1,score_Estrogen_response,random,0.3077012985828613,117.0
P1,score_Proliferation,random,-0.009966769909320251,117.0
P1,score_T_cell_activity,random,-0.0006054813252036354,117.0
P1,score_Myeloid_inflammation,random,-0.12286313606142926,117.0
P1,tumour_immune_contact,random,-0.0963855421686747,117.0
P1,frac_Tumour,random,0.12198795180722892,118.0
P1,frac_Immune,random,0.01957831325301205,118.0
P1,score_Estrogen_response,random,0.31243727889345674,118.0
P1,score_Proliferation,random,0.006624000730033813,118.0
P1,score_T_cell_activity,random,-0.009722870404042874,118.0
P1,score_Myeloid_inflammation,random,-0.14567122010128358,118.0
P1,tumour_immune_contact,random,-0.10391566265060243,118.0
P1,frac_Tumour,random,0.1430722891566265,119.0
P1,frac_Immune,random,0.02259036144578313,119.0
P1,score_Estrogen_response,random,0.3473881222801344,119.0
P1,score_Proliferation,random,0.013806355170009733,119.0
P1,score_T_cell_activity,random,-0.0011866133472766263,119.0
P1,score_Myeloid_inflammation,random,-0.1502511909638269,119.0
P1,tumour_immune_contact,random,-0.10090361445783133,119.0
P1,frac_Tumour,random,0.11897590361445783,120.0
P1,frac_Immune,random,0.009036144578313261,120.0
P1,score_Estrogen_response,random,0.29536625816327056,120.0
P1,score_Proliferation,random,-0.02415922219647738,120.0
P1,score_T_cell_activity,random,-0.006288718598973319,120.0
P1,score_Myeloid_inflammation,random,-0.13564977897937036,120.0
P1,tumour_immune_contact,random,-0.10843373493975905,120.0
P1,frac_Tumour,random,0.13403614457831325,121.0
P1,frac_Immune,random,0.013554216867469888,121.0
P1,score_Estrogen_response,random,0.3241194587845234,121.0
P1,score_Proliferation,random,-0.005599018156749106,121.0
P1,score_T_cell_activity,random,-0.0027537330588303416,121.0
P1,score_Myeloid_inflammation,random,-0.14820735729910214,121.0
P1,tumour_immune_contact,random,-0.10542168674698796,121.0
P1,frac_Tumour,random,0.12951807228915663,122.0
P1,frac_Immune,random,0.004518072289156634,122.0
P1,score_Estrogen_response,random,0.3247083144813505,122.0
P1,score_Proliferation,random,0.009791651170279532,122.0
P1,score_T_cell_activity,random,-0.010303140969520591,122.0
P1,score_Myeloid_inflammation,random,-0.16007721095704444,122.0
P1,tumour_immune_contact,random,-0.09789156626506025,122.0
P1,frac_Tumour,random,0.14006024096385544,123.0
P1,frac_Immune,random,0.003012048192771087,123.0
P1,score_Estrogen_response,random,0.3210949611163493,123.0
P1,score_Proliferation,random,-0.011691098100921211,123.0
P1,score_T_cell_activity,random,-0.010791054154316105,123.0
P1,score_Myeloid_inflammation,random,-0.15856983639098962,123.0
P1,tumour_immune_contact,random,-0.11295180722891568,123.0
P1,frac_Tumour,random,0.14006024096385544,124.0
P1,frac_Immune,random,0.01656626506024097,124.0
P1,score_Estrogen_response,random,0.329607611651477,124.0
P1,score_Proliferation,random,-0.00046128538667379723,124.0
P1,score_T_cell_activity,random,-0.0040775822410621795,124.0
P1,score_Myeloid_inflammation,random,-0.1725722955280997,124.0
P1,tumour_immune_contact,random,-0.0963855421686747,124.0
P1,frac_Tumour,random,0.12650602409638556,125.0
P1,frac_Immune,random,0.009036144578313261,125.0
P1,score_Estrogen_response,random,0.318482753497906,125.0
P1,score_Proliferation,random,-0.007519992975873835,125.0
P1,score_T_cell_activity,random,-0.006106355900625628,125.0
P1,score_Myeloid_inflammation,random,-0.12732980439786723,125.0
P1,tumour_immune_contact,random,-0.10240963855421688,125.0
P1,frac_Tumour,random,0.1310240963855422,126.0
P1,frac_Immune,random,0.006024096385542167,126.0
P1,score_Estrogen_response,random,0.34273597851887905,126.0
P1,score_Proliferation,random,0.005094453593857975,126.0
P1,score_T_cell_activity,random,-0.0045850889801260925,126.0
P1,score_Myeloid_inflammation,random,-0.15597271673727567,126.0
P1,tumour_immune_contact,random,-0.11445783132530121,126.0
P1,frac_Tumour,random,0.12951807228915663,127.0
P1,frac_Immune,random,0.007530120481927714,127.0
P1,score_Estrogen_response,random,0.3287109864203369,127.0
P1,score_Proliferation,random,0.001870484375305341,127.0
P1,score_T_cell_activity,random,-0.00045299512961782134,127.0
P1,score_Myeloid_inflammation,random,-0.1389326800095645,127.0
P1,tumour_immune_contact,random,-0.08734939759036145,127.0
P1,frac_Tumour,random,0.12650602409638556,128.0
P1,frac_Immune,random,0.01656626506024097,128.0
P1,score_Estrogen_response,random,0.3350315994997014,128.0
P1,score_Proliferation,random,0.010435294857260828,128.0
P1,score_T_cell_activity,random,-0.010293648563235638,128.0
P1,score_Myeloid_inflammation,random,-0.14076671976367425,128.0
P1,tumour_immune_contact,random,-0.0963855421686747,128.0
P1,frac_Tumour,random,0.125,129.0
P1,frac_Immune,random,0.004518072289156634,129.0
P1,score_Estrogen_response,random,0.31667443007621754,129.0
P1,score_Proliferation,random,-0.016928354484846787,129.0
P1,score_T_cell_activity,random,-0.005818578957434159,129.0
P1,score_Myeloid_inflammation,random,-0.14904357594692766,129.0
P1,tumour_immune_contact,random,-0.1174698795180723,129.0
P1,frac_Tumour,random,0.1325301204819277,130.0
P1,frac_Immune,random,0.010542168674698794,130.0
P1,score_Estrogen_response,random,0.31162585725926817,130.0
P1,score_Proliferation,random,-0.0019513994819967836,130.0
P1,score_T_cell_activity,random,-0.0016131944425374144,130.0
P1,score_Myeloid_inflammation,random,-0.13310159555340864,130.0
P1,tumour_immune_contact,random,-0.10542168674698796,130.0
P1,frac_Tumour,random,0.10090361445783132,131.0
P1,frac_Immune,random,0.015060240963855422,131.0
P1,score_Estrogen_response,random,0.3131472338301704,131.0
P1,score_Proliferation,random,-0.02164962980538216,131.0
P1,score_T_cell_activity,random,-0.006086878639268109,131.0
P1,score_Myeloid_inflammation,random,-0.10695293644756265,131.0
P1,tumour_immune_contact,random,-0.088855421686747,131.0
P1,frac_Tumour,random,0.12801204819277107,132.0
P1,frac_Immune,random,0.006024096385542167,132.0
P1,score_Estrogen_response,random,0.33059578291716574,132.0
P1,score_Proliferation,random,-0.003021648232503214,132.0
P1,score_T_cell_activity,random,-0.011908708992732097,132.0
P1,score_Myeloid_inflammation,random,-0.1641349685081824,132.0
P1,tumour_immune_contact,random,-0.10240963855421688,132.0
P1,frac_Tumour,random,0.12951807228915663,133.0
P1,frac_Immune,random,0.007530120481927714,133.0
P1,score_Estrogen_response,random,0.3266503845150248,133.0
P1,score_Proliferation,random,0.0035892062971973468,133.0
P1,score_T_cell_activity,random,-0.005946606993794921,133.0
P1,score_Myeloid_inflammation,random,-0.150907939883463,133.0
P1,tumour_immune_contact,random,-0.1069277108433735,133.0
P1,frac_Tumour,random,0.16114457831325302,134.0
P1,frac_Immune,random,0.0,134.0
P1,score_Estrogen_response,random,0.3200697826562302,134.0
P1,score_Proliferation,random,-0.0037067782986393116,134.0
P1,score_T_cell_activity,random,-0.010032196029242742,134.0
P1,score_Myeloid_inflammation,random,-0.1515362806992666,134.0
P1,tumour_immune_contact,random,-0.10090361445783133,134.0
P1,frac_Tumour,random,0.11144578313253013,135.0
P1,frac_Immune,random,0.013554216867469888,135.0
P1,score_Estrogen_response,random,0.3226379329736707,135.0
P1,score_Proliferation,random,-0.0017846215420773105,135.0
P1,score_T_cell_activity,random,-0.004776919165768298,135.0
P1,score_Myeloid_inflammation,random,-0.14395985965551278,135.0
P1,tumour_immune_contact,random,-0.11445783132530121,135.0
P1,frac_Tumour,random,0.11897590361445783,136.0
P1,frac_Immune,random,0.01957831325301205,136.0
P1,score_Estrogen_response,random,0.3315728644293975,136.0
P1,score_Proliferation,random,-0.008485697838177084,136.0
P1,score_T_cell_activity,random,-0.006331043416896019,136.0
P1,score_Myeloid_inflammation,random,-0.16279726127903144,136.0
P1,tumour_immune_contact,random,-0.0993975903614458,136.0
P1,frac_Tumour,random,0.1310240963855422,137.0
P1,frac_Immune,random,0.02259036144578313,137.0
P1,score_Estrogen_response,random,0.33210774446728164,137.0
P1,score_Proliferation,random,0.014087969580112306,137.0
P1,score_T_cell_activity,random,-0.010360354681450678,137.0
P1,score_Myeloid_inflammation,random,-0.17169324892224144,137.0
P1,tumour_immune_contact,random,-0.09789156626506025,137.0
P1,frac_Tumour,random,0.1069277108433735,138.0
P1,frac_Immune,random,0.028614457831325303,138.0
P1,score_Estrogen_response,random,0.31810950539203875,138.0
P1,score_Proliferation,random,-0.00833709572265057,138.0
P1,score_T_cell_activity,random,-0.001202128346246408,138.0
P1,score_Myeloid_inflammation,random,-0.14244454769467868,138.0
P1,tumour_immune_contact,random,-0.08433734939759037,138.0
P1,frac_Tumour,random,0.125,139.0
P1,frac_Immune,random,0.00150602409638554,139.0
P1,score_Estrogen_response,random,0.3117804214484816,139.0
P1,score_Proliferation,random,-0.009187193537201703,139.0
P1,score_T_cell_activity,random,-0.00720195143750633,139.0
P1,score_Myeloid_inflammation,random,-0.1336281774409769,139.0
P1,tumour_immune_contact,random,-0.10391566265060243,139.0
P1,frac_Tumour,random,0.11295180722891567,140.0
P1,frac_Immune,random,0.028614457831325303,140.0
P1,score_Estrogen_response,random,0.32400836478636175,140.0
P1,score_Proliferation,random,0.0072140666055389175,140.0
P1,score_T_cell_activity,random,-0.0032661828824195513,140.0
P1,score_Myeloid_inflammation,random,-0.16119341458635839,140.0
P1,tumour_immune_contact,random,-0.08584337349397592,140.0
P1,frac_Tumour,random,0.11596385542168676,141.0
P1,frac_Immune,random,0.03614457831325301,141.0
P1,score_Estrogen_response,random,0.32970129774822754,141.0
P1,score_Proliferation,random,-0.016317299659567564,141.0
P1,score_T_cell_activity,random,-0.005104644616983502,141.0
P1,score_Myeloid_inflammation,random,-0.14803279183681026,141.0
P1,tumour_immune_contact,random,-0.09186746987951808,141.0
P1,frac_Tumour,random,0.14457831325301207,142.0
P1,frac_Immune,random,0.015060240963855422,142.0
P1,score_Estrogen_response,random,0.3379677525507794,142.0
P1,score_Proliferation,random,0.001260574177239925,142.0
P1,score_T_cell_activity,random,-0.010291349129923372,142.0
P1,score_Myeloid_inflammation,random,-0.1703155070564662,142.0
P1,tumour_immune_contact,random,-0.08734939759036145,142.0
P1,frac_Tumour,random,0.11144578313253013,143.0
P1,frac_Immune,random,0.018072289156626502,143.0
P1,score_Estrogen_response,random,0.31129922054530124,143.0
P1,score_Proliferation,random,-0.0008911498167616076,143.0
P1,score_T_cell_activity,random,-0.00468397654090301,143.0
P1,score_Myeloid_inflammation,random,-0.11991667332436526,143.0
P1,tumour_immune_contact,random,-0.10240963855421688,143.0
P1,frac_Tumour,random,0.12198795180722892,144.0
P1,frac_Immune,random,0.006024096385542167,144.0
P1,score_Estrogen_response,random,0.32255457952194855,144.0
P1,score_Proliferation,random,0.011521060162872654,144.0
P1,score_T_cell_activity,random,-0.0002557063966271379,144.0
P1,score_Myeloid_inflammation,random,-0.14960602538763826,144.0
P1,tumour_immune_contact,random,-0.10391566265060243,144.0
P1,frac_Tumour,random,0.125,145.0
P1,frac_Immune,random,0.01957831325301205,145.0
P1,score_Estrogen_response,random,0.3183854499694301,145.0
P1,score_Proliferation,random,-0.0071837076729715735,145.0
P1,score_T_cell_activity,random,-0.005757357424581384,145.0
P1,score_Myeloid_inflammation,random,-0.15715008608761766,145.0
P1,tumour_immune_contact,random,-0.10542168674698796,145.0
P1,frac_Tumour,random,0.12650602409638556,146.0
P1,frac_Immune,random,-0.010542168674698794,146.0
P1,score_Estrogen_response,random,0.2964472339929999,146.0
P1,score_Proliferation,random,-0.022353607023974178,146.0
P1,score_T_cell_activity,random,-0.0027358945123402466,146.0
P1,score_Myeloid_inflammation,random,-0.11353139583989591,146.0
P1,tumour_immune_contact,random,-0.12198795180722893,146.0
P1,frac_Tumour,random,0.11144578313253013,147.0
P1,frac_Immune,random,0.03765060240963856,147.0
P1,score_Estrogen_response,random,0.31835617972284547,147.0
P1,score_Proliferation,random,-0.002695430312401761,147.0
P1,score_T_cell_activity,random,-0.0027633113172279315,147.0
P1,score_Myeloid_inflammation,random,-0.15386940458051035,147.0
P1,tumour_immune_contact,random,-0.09487951807228917,147.0
P1,frac_Tumour,random,0.12198795180722892,148.0
P1,frac_Immune,random,0.028614457831325303,148.0
P1,score_Estrogen_response,random,0.3213003673156303,148.0
P1,score_Proliferation,random,-0.00517447478391265,148.0
P1,score_T_cell_activity,random,-0.005825972607277004,148.0
P1,score_Myeloid_inflammation,random,-0.1450231318602395,148.0
P1,tumour_immune_contact,random,-0.08283132530120482,148.0
P1,frac_Tumour,random,0.10090361445783132,149.0
P1,frac_Immune,random,0.02259036144578313,149.0
P1,score_Estrogen_response,random,0.30625102202187904,149.0
P1,score_Proliferation,random,-0.008874107917197453,149.0
P1,score_T_cell_activity,random,-0.0032339469837137005,149.0
P1,score_Myeloid_inflammation,random,-0.1545486184295504,149.0
P1,tumour_immune_contact,random,-0.0993975903614458,149.0
P1,frac_Tumour,random,0.11144578313253013,150.0
P1,frac_Immune,random,0.028614457831325303,150.0
P1,score_Estrogen_response,random,0.3241485386358234,150.0
P1,score_Proliferation,random,0.012073028561593589,150.0
P1,score_T_cell_activity,random,-0.0059495922140926725,150.0
P1,score_Myeloid_inflammation,random,-0.16570391400434542,150.0
P1,tumour_immune_contact,random,-0.09487951807228917,150.0
P1,frac_Tumour,random,0.1310240963855422,151.0
P1,frac_Immune,random,0.003012048192771087,151.0
P1,score_Estrogen_response,random,0.31408819026181756,151.0
P1,score_Proliferation,random,-0.016583549606701734,151.0
P1,score_T_cell_activity,random,-0.007883761595171618,151.0
P1,score_Myeloid_inflammation,random,-0.12589202171605135,151.0
P1,tumour_immune_contact,random,-0.10090361445783133,151.0
P1,frac_Tumour,random,0.10993975903614457,152.0
P1,frac_Immune,random,0.013554216867469888,152.0
P1,score_Estrogen_response,random,0.31332292569796283,152.0
P1,score_Proliferation,random,-0.020404220397221066,152.0
P1,score_T_cell_activity,random,-0.005137013929914759,152.0
P1,score_Myeloid_inflammation,random,-0.13459017514490013,152.0
P1,tumour_immune_contact,random,-0.09036144578313254,152.0
P1,frac_Tumour,random,0.12951807228915663,153.0
P1,frac_Immune,random,0.024096385542168676,153.0
P1,score_Estrogen_response,random,0.335510724063927,153.0
P1,score_Proliferation,random,0.017752492931869764,153.0
P1,score_T_cell_activity,random,-0.011372469003540445,153.0
P1,score_Myeloid_inflammation,random,-0.1651316506523752,153.0
P1,tumour_immune_contact,random,-0.10391566265060243,153.0
P1,frac_Tumour,random,0.1430722891566265,154.0
P1,frac_Immune,random,0.007530120481927714,154.0
P1,score_Estrogen_response,random,0.32924103779838443,154.0
P1,score_Proliferation,random,0.016268108000819393,154.0
P1,score_T_cell_activity,random,0.0010383290000948084,154.0
P1,score_Myeloid_inflammation,random,-0.16309959210733263,154.0
P1,tumour_immune_contact,random,-0.1069277108433735,154.0
P1,frac_Tumour,random,0.1430722891566265,155.0
P1,frac_Immune,random,0.025602409638554223,155.0
P1,score_Estrogen_response,random,0.3278037672611176,155.0
P1,score_Proliferation,random,0.0062391418692952245,155.0
P1,score_T_cell_activity,random,-0.005104015838489474,155.0
P1,score_Myeloid_inflammation,random,-0.15525867020714507,155.0
P1,tumour_immune_contact,random,-0.09036144578313254,155.0
P1,frac_Tumour,random,0.12801204819277107,156.0
P1,frac_Immune,random,0.03012048192771085,156.0
P1,score_Estrogen_response,random,0.32935415384642897,156.0
P1,score_Proliferation,random,-0.0018731528468325133,156.0
P1,score_T_cell_activity,random,-0.001611356745582508,156.0
P1,score_Myeloid_inflammation,random,-0.16765884409886764,156.0
P1,tumour_immune_contact,random,-0.088855421686747,156.0
P1,frac_Tumour,random,0.1144578313253012,157.0
P1,frac_Immune,random,0.021084337349397596,157.0
P1,score_Estrogen_response,random,0.33455993527560524,157.0
P1,score_Proliferation,random,-0.014002500761900391,157.0
P1,score_T_cell_activity,random,-0.00939950070455371,157.0
P1,score_Myeloid_inflammation,random,-0.15020916686864055,157.0
P1,tumour_immune_contact,random,-0.10240963855421688,157.0
P1,frac_Tumour,random,0.12349397590361445,158.0
P1,frac_Immune,random,0.021084337349397596,158.0
P1,score_Estrogen_response,random,0.32542065720513136,158.0
P1,score_Proliferation,random,0.00968679567155595,158.0
P1,score_T_cell_activity,random,-0.007680060028730626,158.0
P1,score_Myeloid_inflammation,random,-0.1503667586470772,158.0
P1,tumour_immune_contact,random,-0.08584337349397592,158.0
P1,frac_Tumour,random,0.10993975903614457,159.0
P1,frac_Immune,random,0.03012048192771085,159.0
P1,score_Estrogen_response,random,0.3106880274034558,159.0
P1,score_Proliferation,random,-0.0022681750107839396,159.0
P1,score_T_cell_activity,random,-0.0023196190924170503,159.0
P1,score_Myeloid_inflammation,random,-0.13506984933612334,159.0
P1,tumour_immune_contact,random,-0.09337349397590362,159.0
P1,frac_Tumour,random,0.12801204819277107,160.0
P1,frac_Immune,random,-0.00150602409638554,160.0
P1,score_Estrogen_response,random,0.30207562542261235,160.0
P1,score_Proliferation,random,-0.02349266887993225,160.0
P1,score_T_cell_activity,random,-0.0035599878219117107,160.0
P1,score_Myeloid_inflammation,random,-0.12667233668118114,160.0
P1,tumour_immune_contact,random,-0.12349397590361447,160.0
P1,frac_Tumour,random,0.11144578313253013,161.0
P1,frac_Immune,random,0.028614457831325303,161.0
P1,score_Estrogen_response,random,0.3196072818509015,161.0
P1,score_Proliferation,random,0.007285352764071032,161.0
P1,score_T_cell_activity,random,-0.003857310435678585,161.0
P1,score_Myeloid_inflammation,random,-0.143726769487576,161.0
P1,tumour_immune_contact,random,-0.0993975903614458,161.0
P1,frac_Tumour,random,0.13554216867469882,162.0
P1,frac_Immune,random,0.01656626506024097,162.0
P1,score_Estrogen_response,random,0.33574148559533235,162.0
P1,score_Proliferation,random,-0.0055295175619240605,162.0
P1,score_T_cell_activity,random,-0.004191493535197403,162.0
P1,score_Myeloid_inflammation,random,-0.16339642159303097,162.0
P1,tumour_immune_contact,random,-0.09337349397590362,162.0
P1,frac_Tumour,random,0.11897590361445783,163.0
P1,frac_Immune,random,0.0,163.0
P1,score_Estrogen_response,random,0.30855896712443465,163.0
P1,score_Proliferation,random,-0.01669491796482398,163.0
P1,score_T_cell_activity,random,-0.0024390856249026016,163.0
P1,score_Myeloid_inflammation,random,-0.11910642613420114,163.0
P1,tumour_immune_contact,random,-0.11144578313253013,163.0
P1,frac_Tumour,random,0.14608433734939757,164.0
P1,frac_Immune,random,0.003012048192771087,164.0
P1,score_Estrogen_response,random,0.3081552813343734,164.0
P1,score_Proliferation,random,-0.02241350646580391,164.0
P1,score_T_cell_activity,random,-0.009584958442961835,164.0
P1,score_Myeloid_inflammation,random,-0.15896941611864956,164.0
P1,tumour_immune_contact,random,-0.09789156626506025,164.0
P1,frac_Tumour,random,0.12951807228915663,165.0
P1,frac_Immune,random,0.03012048192771085,165.0
P1,score_Estrogen_response,random,0.31224061705185246,165.0
P1,score_Proliferation,random,0.0015178205312313506,165.0
P1,score_T_cell_activity,random,-0.002943151672920549,165.0
P1,score_Myeloid_inflammation,random,-0.1600667476739544,165.0
P1,tumour_immune_contact,random,-0.08283132530120482,165.0
P1,frac_Tumour,random,0.11144578313253013,166.0
P1,frac_Immune,random,0.024096385542168676,166.0
P1,score_Estrogen_response,random,0.3262315162931765,166.0
P1,score_Proliferation,random,0.008049807888875363,166.0
P1,score_T_cell_activity,random,-0.007242273120396587,166.0
P1,score_Myeloid_inflammation,random,-0.15199428024686276,166.0
P1,tumour_immune_contact,random,-0.08283132530120482,166.0
P1,frac_Tumour,random,0.1325301204819277,167.0
P1,frac_Immune,random,0.02259036144578313,167.0
P1,score_Estrogen_response,random,0.3287979020842463,167.0
P1,score_Proliferation,random,0.003785984628072305,167.0
P1,score_T_cell_activity,random,-0.008659003212150322,167.0
P1,score_Myeloid_inflammation,random,-0.1586694134959905,167.0
P1,tumour_immune_contact,random,-0.08734939759036145,167.0
P1,frac_Tumour,random,0.11746987951807229,168.0
P1,frac_Immune,random,0.010542168674698794,168.0
P1,score_Estrogen_response,random,0.32086507104168704,168.0
P1,score_Proliferation,random,-0.008093988814786898,168.0
P1,score_T_cell_activity,random,-0.0038601655010358396,168.0
P1,score_Myeloid_inflammation,random,-0.13716262942832977,168.0
P1,tumour_immune_contact,random,-0.08433734939759037,168.0
P1,frac_Tumour,random,0.11746987951807229,169.0
P1,frac_Immune,random,0.015060240963855422,169.0
P1,score_Estrogen_response,random,0.3355159811810867,169.0
P1,score_Proliferation,random,-0.0025931340372818534,169.0
P1,score_T_cell_activity,random,-0.0008967381734924622,169.0
P1,score_Myeloid_inflammation,random,-0.15092365867359434,169.0
P1,tumour_immune_contact,random,-0.08734939759036145,169.0
P1,frac_Tumour,random,0.13704819277108432,170.0
P1,frac_Immune,random,0.0,170.0
P1,score_Estrogen_response,random,0.32502434799961666,170.0
P1,score_Proliferation,random,-0.002068505810475366,170.0
P1,score_T_cell_activity,random,-0.005345517782322374,170.0
P1,score_Myeloid_inflammation,random,-0.14854158878010096,170.0
P1,tumour_immune_contact,random,-0.11445783132530121,170.0
P1,frac_Tumour,random,0.11596385542168676,171.0
P1,frac_Immune,random,0.006024096385542167,171.0
P1,score_Estrogen_response,random,0.323376640063577,171.0
P1,score_Proliferation,random,0.0009449438396784506,171.0
P1,score_T_cell_activity,random,-0.0035114060709155693,171.0
P1,score_Myeloid_inflammation,random,-0.1538308730177748,171.0
P1,tumour_immune_contact,random,-0.10993975903614459,171.0
P1,frac_Tumour,random,0.1069277108433735,172.0
P1,frac_Immune,random,0.015060240963855422,172.0
P1,score_Estrogen_response,random,0.32987910874975857,172.0
P1,score_Proliferation,random,-0.015011151084945417,172.0
P1,score_T_cell_activity,random,-0.011122178472069852,172.0
P1,score_Myeloid_inflammation,random,-0.1297288501148961,172.0
P1,tumour_immune_contact,random,-0.10542168674698796,172.0
P1,frac_Tumour,random,0.1671686746987952,173.0
P1,frac_Immune,random,0.003012048192771087,173.0
P1,score_Estrogen_response,random,0.3592853532500794,173.0
P1,score_Proliferation,random,-0.012078142659434122,173.0
P1,score_T_cell_activity,random,-0.006190715075257314,173.0
P1,score_Myeloid_inflammation,random,-0.16273975389523881,173.0
P1,tumour_immune_contact,random,-0.0993975903614458,173.0
P1,frac_Tumour,random,0.1325301204819277,174.0
P1,frac_Immune,random,0.027108433734939756,174.0
P1,score_Estrogen_response,random,0.30802940566577275,174.0
P1,score_Proliferation,random,0.002875942018035012,174.0
P1,score_T_cell_activity,random,-0.005154943600596195,174.0
P1,score_Myeloid_inflammation,random,-0.14177661044975154,174.0
P1,tumour_immune_contact,random,-0.0963855421686747,174.0
P1,frac_Tumour,random,0.11295180722891567,175.0
P1,frac_Immune,random,0.00150602409638554,175.0
P1,score_Estrogen_response,random,0.31439376611143255,175.0
P1,score_Proliferation,random,-0.0032976352366015298,175.0
P1,score_T_cell_activity,random,-0.0034189072595422997,175.0
P1,score_Myeloid_inflammation,random,-0.11952631793133978,175.0
P1,tumour_immune_contact,random,-0.10240963855421688,175.0
P1,frac_Tumour,random,0.11144578313253013,176.0
P1,frac_Immune,random,0.01656626506024097,176.0
P1,score_Estrogen_response,random,0.3111987118611046,176.0
P1,score_Proliferation,random,-0.008727571765979766,176.0
P1,score_T_cell_activity,random,-0.0006055852216649727,176.0
P1,score_Myeloid_inflammation,random,-0.14626760249242518,176.0
P1,tumour_immune_contact,random,-0.08584337349397592,176.0
P1,frac_Tumour,random,0.13403614457831325,177.0
P1,frac_Immune,random,0.021084337349397596,177.0
P1,score_Estrogen_response,random,0.33427567273477365,177.0
P1,score_Proliferation,random,0.010188819749632934,177.0
P1,score_T_cell_activity,random,-0.0030895868102350384,177.0
P1,score_Myeloid_inflammation,random,-0.1620938227856152,177.0
P1,tumour_immune_contact,random,-0.0963855421686747,177.0
P1,frac_Tumour,random,0.125,178.0
P1,frac_Immune,random,0.010542168674698794,178.0
P1,score_Estrogen_response,random,0.3321475611804996,178.0
P1,score_Proliferation,random,-0.017934414172666297,178.0
P1,score_T_cell_activity,random,-0.010330071486323233,178.0
P1,score_Myeloid_inflammation,random,-0.16325570622643928,178.0
P1,tumour_immune_contact,random,-0.10090361445783133,178.0
P1,frac_Tumour,random,0.1325301204819277,179.0
P1,frac_Immune,random,0.012048192771084341,179.0
P1,score_Estrogen_response,random,0.33569393532122394,179.0
P1,score_Proliferation,random,0.010920068128447162,179.0
P1,score_T_cell_activity,random,-0.006494148731351377,179.0
P1,score_Myeloid_inflammation,random,-0.1256082437775187,179.0
P1,tumour_immune_contact,random,-0.088855421686747,179.0
P1,frac_Tumour,random,0.14759036144578314,180.0
P1,frac_Immune,random,-0.004518072289156627,180.0
P1,score_Estrogen_response,random,0.33308236515011513,180.0
P1,score_Proliferation,random,0.0023990076050063535,180.0
P1,score_T_cell_activity,random,-0.007000647728282764,180.0
P1,score_Myeloid_inflammation,random,-0.17295538224096071,180.0
P1,tumour_immune_contact,random,-0.10240963855421688,180.0
P1,frac_Tumour,random,0.10391566265060241,181.0
P1,frac_Immune,random,0.013554216867469888,181.0
P1,score_Estrogen_response,random,0.3157324267686892,181.0
P1,score_Proliferation,random,-0.018030851658300113,181.0
P1,score_T_cell_activity,random,-0.006244374294776514,181.0
P1,score_Myeloid_inflammation,random,-0.1375753993946659,181.0
P1,tumour_immune_contact,random,-0.09337349397590362,181.0
P1,frac_Tumour,random,0.13554216867469882,182.0
P1,frac_Immune,random,0.03012048192771085,182.0
P1,score_Estrogen_response,random,0.3391065301075321,182.0
P1,score_Proliferation,random,-0.00023535627401255542,182.0
P1,score_T_cell_activity,random,-0.007108256035779852,182.0
P1,score_Myeloid_inflammation,random,-0.17256320050314314,182.0
P1,tumour_immune_contact,random,-0.07228915662650603,182.0
P1,frac_Tumour,random,0.1144578313253012,183.0
P1,frac_Immune,random,0.018072289156626502,183.0
P1,score_Estrogen_response,random,0.31812751021773,183.0
P1,score_Proliferation,random,0.0030425245948051093,183.0
P1,score_T_cell_activity,random,-0.0035582783165346655,183.0
P1,score_Myeloid_inflammation,random,-0.1583604789794141,183.0
P1,tumour_immune_contact,random,-0.0993975903614458,183.0
P1,frac_Tumour,random,0.14608433734939757,184.0
P1,frac_Immune,random,0.021084337349397596,184.0
P1,score_Estrogen_response,random,0.3370274083980904,184.0
P1,score_Proliferation,random,-0.007580077510753762,184.0
P1,score_T_cell_activity,random,-0.007560359799538752,184.0
P1,score_Myeloid_inflammation,random,-0.163184609397502,184.0
P1,tumour_immune_contact,random,-0.0963855421686747,184.0
P1,frac_Tumour,random,0.12801204819277107,185.0
P1,frac_Immune,random,0.013554216867469888,185.0
P1,score_Estrogen_response,random,0.3067176029035049,185.0
P1,score_Proliferation,random,-0.02327403360646338,185.0
P1,score_T_cell_activity,random,-0.006502126260813937,185.0
P1,score_Myeloid_inflammation,random,-0.13350626700160767,185.0
P1,tumour_immune_contact,random,-0.1069277108433735,185.0
P1,frac_Tumour,random,0.12048192771084339,186.0
P1,frac_Immune,random,0.03463855421686748,186.0
P1,score_Estrogen_response,random,0.3300953700520176,186.0
P1,score_Proliferation,random,-0.006861904711441154,186.0
P1,score_T_cell_activity,random,-0.010673250558864639,186.0
P1,score_Myeloid_inflammation,random,-0.16333645362836563,186.0
P1,tumour_immune_contact,random,-0.09186746987951808,186.0
P1,frac_Tumour,random,0.16114457831325302,187.0
P1,frac_Immune,random,0.00150602409638554,187.0
P1,score_Estrogen_response,random,0.34201123409901735,187.0
P1,score_Proliferation,random,0.006669876572223975,187.0
P1,score_T_cell_activity,random,-0.009664365249106202,187.0
P1,score_Myeloid_inflammation,random,-0.17965374272323104,187.0
P1,tumour_immune_contact,random,-0.10240963855421688,187.0
P1,frac_Tumour,random,0.13704819277108432,188.0
P1,frac_Immune,random,0.004518072289156634,188.0
P1,score_Estrogen_response,random,0.34471920026871206,188.0
P1,score_Proliferation,random,-0.004026921055446364,188.0
P1,score_T_cell_activity,random,-0.005785628366841369,188.0
P1,score_Myeloid_inflammation,random,-0.15835643595557955,188.0
P1,tumour_immune_contact,random,-0.10391566265060243,188.0
P1,frac_Tumour,random,0.1144578313253012,189.0
P1,frac_Immune,random,0.03012048192771085,189.0
P1,score_Estrogen_response,random,0.3272483637681929,189.0
P1,score_Proliferation,random,0.0016061711726556853,189.0
P1,score_T_cell_activity,random,-0.01139787797300691,189.0
P1,score_Myeloid_inflammation,random,-0.1496240254450959,189.0
P1,tumour_immune_contact,random,-0.08132530120481929,189.0
P1,frac_Tumour,random,0.13554216867469882,190.0
P1,frac_Immune,random,0.01957831325301205,190.0
P1,score_Estrogen_response,random,0.3268393139665724,190.0
P1,score_Proliferation,random,0.014236494042974668,190.0
P1,score_T_cell_activity,random,-0.0038481110626435167,190.0
P1,score_Myeloid_inflammation,random,-0.16958504707382044,190.0
P1,tumour_immune_contact,random,-0.09789156626506025,190.0
P1,frac_Tumour,random,0.125,191.0
P1,frac_Immune,random,0.025602409638554223,191.0
P1,score_Estrogen_response,random,0.32376793777946244,191.0
P1,score_Proliferation,random,0.007869060581518185,191.0
P1,score_T_cell_activity,random,-0.00606729814446116,191.0
P1,score_Myeloid_inflammation,random,-0.16094931774444093,191.0
P1,tumour_immune_contact,random,-0.09036144578313254,191.0
P1,frac_Tumour,random,0.10240963855421688,192.0
P1,frac_Immune,random,0.007530120481927714,192.0
P1,score_Estrogen_response,random,0.32094702746962134,192.0
P1,score_Proliferation,random,-0.012719504934078084,192.0
P1,score_T_cell_activity,random,0.0034417696558088668,192.0
P1,score_Myeloid_inflammation,random,-0.11191772126494914,192.0
P1,tumour_immune_contact,random,-0.09789156626506025,192.0
P1,frac_Tumour,random,0.10542168674698794,193.0
P1,frac_Immune,random,0.02259036144578313,193.0
P1,score_Estrogen_response,random,0.29876717041522904,193.0
P1,score_Proliferation,random,-0.022249759522255916,193.0
P1,score_T_cell_activity,random,-0.0043643796826342484,193.0
P1,score_Myeloid_inflammation,random,-0.12656750965668973,193.0
P1,tumour_immune_contact,random,-0.09186746987951808,193.0
P1,frac_Tumour,random,0.10843373493975904,194.0
P1,frac_Immune,random,0.015060240963855422,194.0
P1,score_Estrogen_response,random,0.34543795191093873,194.0
P1,score_Proliferation,random,0.01376401876331835,194.0
P1,score_T_cell_activity,random,-0.009067940703596936,194.0
P1,score_Myeloid_inflammation,random,-0.1458956798386177,194.0
P1,tumour_immune_contact,random,-0.10391566265060243,194.0
P1,frac_Tumour,random,0.12048192771084339,195.0
P1,frac_Immune,random,0.00150602409638554,195.0
P1,score_Estrogen_response,random,0.3088775419221109,195.0
P1,score_Proliferation,random,0.0005244259432209816,195.0
P1,score_T_cell_activity,random,-0.0037355936030786206,195.0
P1,score_Myeloid_inflammation,random,-0.1431138255253511,195.0
P1,tumour_immune_contact,random,-0.11295180722891568,195.0
P1,frac_Tumour,random,0.13704819277108432,196.0
P1,frac_Immune,random,0.028614457831325303,196.0
P1,score_Estrogen_response,random,0.31117029806077845,196.0
P1,score_Proliferation,random,0.011021255554245341,196.0
P1,score_T_cell_activity,random,-0.009177873172913211,196.0
P1,score_Myeloid_inflammation,random,-0.1511641907956979,196.0
P1,tumour_immune_contact,random,-0.0783132530120482,196.0
P1,frac_Tumour,random,0.12650602409638556,197.0
P1,frac_Immune,random,-0.00301204819277108,197.0
P1,score_Estrogen_response,random,0.3249358172663539,197.0
P1,score_Proliferation,random,-0.010557474170557364,197.0
P1,score_T_cell_activity,random,-0.010773482776549924,197.0
P1,score_Myeloid_inflammation,random,-0.13916649543873139,197.0
P1,tumour_immune_contact,random,-0.11144578313253013,197.0
P1,frac_Tumour,random,0.14156626506024095,198.0
P1,frac_Immune,random,0.015060240963855422,198.0
P1,score_Estrogen_response,random,0.3201521390108505,198.0
P1,score_Proliferation,random,-0.00546499812148759,198.0
P1,score_T_cell_activity,random,-0.005757339390166792,198.0
P1,score_Myeloid_inflammation,random,-0.15692967930506235,198.0
P1,tumour_immune_contact,random,-0.10240963855421688,198.0
P1,frac_Tumour,random,0.10843373493975904,199.0
P1,frac_Immune,random,0.003012048192771087,199.0
P1,score_Estrogen_response,random,0.3208946341707679,199.0
P1,score_Proliferation,random,-0.021886455389102104,199.0
P1,score_T_cell_activity,random,-0.0017362017820039418,199.0
P1,score_Myeloid_inflammation,random,-0.11589360343225029,199.0
P1,tumour_immune_contact,random,-0.1069277108433735,199.0
P1,frac_Tumour,contiguous,0.3629518072289156,0.0
P1,frac_Immune,contiguous,0.01656626506024097,0.0
P1,score_Estrogen_response,contiguous,0.4962191678594746,0.0
P1,score_Proliferation,contiguous,0.057457467280743205,0.0
P1,score_T_cell_activity,contiguous,-0.03627586052390227,0.0
P1,score_Myeloid_inflammation,contiguous,-0.4454597720143888,0.0
P1,tumour_immune_contact,contiguous,0.05572289156626506,0.0
P1,frac_Tumour,contiguous,0.30271084337349397,1.0
P1,frac_Immune,contiguous,0.10993975903614459,1.0
P1,score_Estrogen_response,contiguous,0.502448427602128,1.0
P1,score_Proliferation,contiguous,0.0454667914838699,1.0
P1,score_T_cell_activity,contiguous,0.0016844703971621504,1.0
P1,score_Myeloid_inflammation,contiguous,-0.3332005850627069,1.0
P1,tumour_immune_contact,contiguous,0.2108433734939759,1.0
P1,frac_Tumour,contiguous,0.2756024096385542,2.0
P1,frac_Immune,contiguous,0.10692771084337349,2.0
P1,score_Estrogen_response,contiguous,0.49043166276966266,2.0
P1,score_Proliferation,contiguous,0.04463633466172404,2.0
P1,score_T_cell_activity,contiguous,0.0068815911658198,2.0
P1,score_Myeloid_inflammation,contiguous,-0.3085250590197054,2.0
P1,tumour_immune_contact,contiguous,0.2033132530120482,2.0
P1,frac_Tumour,contiguous,0.3539156626506024,3.0
P1,frac_Immune,contiguous,0.07680722891566266,3.0
P1,score_Estrogen_response,contiguous,0.5246418687702327,3.0
P1,score_Proliferation,contiguous,0.040523759450071827,3.0
P1,score_T_cell_activity,contiguous,-0.019660492293805964,3.0
P1,score_Myeloid_inflammation,contiguous,-0.35063955248744405,3.0
P1,tumour_immune_contact,contiguous,0.17620481927710843,3.0
P1,frac_Tumour,contiguous,-0.07228915662650602,4.0
P1,frac_Immune,contiguous,-0.02108433734939759,4.0
P1,score_Estrogen_response,contiguous,0.04766098589267659,4.0
P1,score_Proliferation,contiguous,-0.10712374904897423,4.0
P1,score_T_cell_activity,contiguous,0.007749123167022165,4.0
P1,score_Myeloid_inflammation,contiguous,0.19573265881098628,4.0
P1,tumour_immune_contact,contiguous,-0.06174698795180723,4.0
P1,frac_Tumour,contiguous,0.2966867469879518,5.0
P1,frac_Immune,contiguous,0.10843373493975905,5.0
P1,score_Estrogen_response,contiguous,0.49680236221855745,5.0
P1,score_Proliferation,contiguous,0.04486232811914517,5.0
P1,score_T_cell_activity,contiguous,0.003788376430371202,5.0
P1,score_Myeloid_inflammation,contiguous,-0.3225856688206591,5.0
P1,tumour_immune_contact,contiguous,0.2108433734939759,5.0
P1,frac_Tumour,contiguous,-0.061746987951807226,6.0
P1,frac_Immune,contiguous,-0.05421686746987951,6.0
P1,score_Estrogen_response,contiguous,0.16785347193544634,6.0
P1,score_Proliferation,contiguous,-0.07021754169144703,6.0
P1,score_T_cell_activity,contiguous,0.002204658219553382,6.0
P1,score_Myeloid_inflammation,contiguous,-0.03422084096667412,6.0
P1,tumour_immune_contact,contiguous,-0.12048192771084339,6.0
P1,frac_Tumour,contiguous,0.23945783132530118,7.0
P1,frac_Immune,contiguous,0.07379518072289157,7.0
P1,score_Estrogen_response,contiguous,0.4960254421099164,7.0
P1,score_Proliferation,contiguous,0.037135814946079745,7.0
P1,score_T_cell_activity,contiguous,-0.011135974558661261,7.0
P1,score_Myeloid_inflammation,contiguous,-0.2796594684722775,7.0
P1,tumour_immune_contact,contiguous,0.16265060240963855,7.0
P1,frac_Tumour,contiguous,0.022590361445783136,8.0
P1,frac_Immune,contiguous,-0.012048192771084335,8.0
P1,score_Estrogen_response,contiguous,0.29981722653457066,8.0
P1,score_Proliferation,contiguous,0.013976756507310272,8.0
P1,score_T_cell_activity,contiguous,-0.0039815460058101205,8.0
P1,score_Myeloid_inflammation,contiguous,-0.12189123690316406,8.0
P1,tumour_immune_contact,contiguous,-0.013554216867469895,8.0
P1,frac_Tumour,contiguous,0.21987951807228917,9.0
P1,frac_Immune,contiguous,-0.010542168674698794,9.0
P1,score_Estrogen_response,contiguous,0.38446795741983275,9.0
P1,score_Proliferation,contiguous,0.0202294728919116,9.0
P1,score_T_cell_activity,contiguous,-0.02603007563559645,9.0
P1,score_Myeloid_inflammation,contiguous,-0.3380649772414652,9.0
P1,tumour_immune_contact,contiguous,-0.003012048192771094,9.0
P1,frac_Tumour,contiguous,-0.07228915662650602,10.0
P1,frac_Immune,contiguous,-0.02108433734939759,10.0
P1,score_Estrogen_response,contiguous,0.062155659762976795,10.0
P1,score_Proliferation,contiguous,-0.10059057572541696,10.0
P1,score_T_cell_activity,contiguous,0.009966002727548284,10.0
P1,score_Myeloid_inflammation,contiguous,0.19412838075106953,10.0
P1,tumour_immune_contact,contiguous,-0.06174698795180723,10.0
P1,frac_Tumour,contiguous,0.2756024096385542,11.0
P1,frac_Immune,contiguous,0.10692771084337349,11.0
P1,score_Estrogen_response,contiguous,0.49043166276966266,11.0
P1,score_Proliferation,contiguous,0.04463633466172404,11.0
P1,score_T_cell_activity,contiguous,0.006881591165819802,11.0
P1,score_Myeloid_inflammation,contiguous,-0.3085250590197054,11.0
P1,tumour_immune_contact,contiguous,0.2033132530120482,11.0
P1,frac_Tumour,contiguous,0.2756024096385542,12.0
P1,frac_Immune,contiguous,0.10692771084337349,12.0
P1,score_Estrogen_response,contiguous,0.49043166276966266,12.0
P1,score_Proliferation,contiguous,0.04463633466172404,12.0
P1,score_T_cell_activity,contiguous,0.006881591165819802,12.0
P1,score_Myeloid_inflammation,contiguous,-0.3085250590197054,12.0
P1,tumour_immune_contact,contiguous,0.2033132530120482,12.0
P1,frac_Tumour,contiguous,0.3960843373493976,13.0
P1,frac_Immune,contiguous,0.03162650602409638,13.0
P1,score_Estrogen_response,contiguous,0.46693947902148414,13.0
P1,score_Proliferation,contiguous,0.0472388710190003,13.0
P1,score_T_cell_activity,contiguous,-0.030539556308862674,13.0
P1,score_Myeloid_inflammation,contiguous,-0.41916684144634453,13.0
P1,tumour_immune_contact,contiguous,0.060240963855421686,13.0
P1,frac_Tumour,contiguous,0.25301204819277107,14.0
P1,frac_Immune,contiguous,0.0783132530120482,14.0
P1,score_Estrogen_response,contiguous,0.5100119866257665,14.0
P1,score_Proliferation,contiguous,0.051885717146891365,14.0
P1,score_T_cell_activity,contiguous,-0.014066868372770198,14.0
P1,score_Myeloid_inflammation,contiguous,-0.3303012628717389,14.0
P1,tumour_immune_contact,contiguous,0.20180722891566263,14.0
P1,frac_Tumour,contiguous,0.30271084337349397,15.0
P1,frac_Immune,contiguous,0.10993975903614459,15.0
P1,score_Estrogen_response,contiguous,0.502448427602128,15.0
P1,score_Proliferation,contiguous,0.0454667914838699,15.0
P1,score_T_cell_activity,contiguous,0.0016844703971621504,15.0
P1,score_Myeloid_inflammation,contiguous,-0.3332005850627069,15.0
P1,tumour_immune_contact,contiguous,0.2108433734939759,15.0
P1,frac_Tumour,contiguous,0.286144578313253,16.0
P1,frac_Immune,contiguous,0.09337349397590364,16.0
P1,score_Estrogen_response,contiguous,0.5055055547322068,16.0
P1,score_Proliferation,contiguous,0.0760488263819816,16.0
P1,score_T_cell_activity,contiguous,0.0009997793341496863,16.0
P1,score_Myeloid_inflammation,contiguous,-0.2994294082887612,16.0
P1,tumour_immune_contact,contiguous,0.18825301204819275,16.0
P1,frac_Tumour,contiguous,0.2876506024096385,17.0
P1,frac_Immune,contiguous,0.10843373493975905,17.0
P1,score_Estrogen_response,contiguous,0.49429276443555215,17.0
P1,score_Proliferation,contiguous,0.045887155905288794,17.0
P1,score_T_cell_activity,contiguous,0.005496106459314086,17.0
P1,score_Myeloid_inflammation,contiguous,-0.31457658302216307,17.0
P1,tumour_immune_contact,contiguous,0.21385542168674695,17.0
P1,frac_Tumour,contiguous,0.40963855421686746,18.0
P1,frac_Immune,contiguous,0.06475903614457831,18.0
P1,score_Estrogen_response,contiguous,0.512870787471858,18.0
P1,score_Proliferation,contiguous,0.04784193443433954,18.0
P1,score_T_cell_activity,contiguous,-0.026972540827699936,18.0
P1,score_Myeloid_inflammation,contiguous,-0.4008371946930338,18.0
P1,tumour_immune_contact,contiguous,0.15060240963855423,18.0
P1,frac_Tumour,contiguous,0.3885542168674699,19.0
P1,frac_Immune,contiguous,0.027108433734939756,19.0
P1,score_Estrogen_response,contiguous,0.45532591894247565,19.0
P1,score_Proliferation,contiguous,0.048267130623788915,19.0
P1,score_T_cell_activity,contiguous,-0.03534593519335052,19.0
P1,score_Myeloid_inflammation,contiguous,-0.4275285499716071,19.0
P1,tumour_immune_contact,contiguous,0.06475903614457831,19.0
P1,frac_Tumour,contiguous,0.34186746987951805,20.0
P1,frac_Immune,contiguous,0.1310240963855422,20.0
P1,score_Estrogen_response,contiguous,0.5209141776818778,20.0
P1,score_Proliferation,contiguous,0.07170291155868572,20.0
P1,score_T_cell_activity,contiguous,0.0014534909716212604,20.0
P1,score_Myeloid_inflammation,contiguous,-0.3526198908301071,20.0
P1,tumour_immune_contact,contiguous,0.24548192771084335,20.0
P1,frac_Tumour,contiguous,-0.018072289156626502,21.0
P1,frac_Immune,contiguous,-0.049698795180722885,21.0
P1,score_Estrogen_response,contiguous,0.14727497175894158,21.0
P1,score_Proliferation,contiguous,-0.05723901044876545,21.0
P1,score_T_cell_activity,contiguous,-0.009175838604868654,21.0
P1,score_Myeloid_inflammation,contiguous,-0.08075648043905258,21.0
P1,tumour_immune_contact,contiguous,-0.11295180722891568,21.0
P1,frac_Tumour,contiguous,-0.05873493975903614,22.0
P1,frac_Immune,contiguous,-0.02108433734939759,22.0
P1,score_Estrogen_response,contiguous,0.06567559689973224,22.0
P1,score_Proliferation,contiguous,-0.09638184145153675,22.0
P1,score_T_cell_activity,contiguous,0.02128090464260923,22.0
P1,score_Myeloid_inflammation,contiguous,0.2548476342276397,22.0
P1,tumour_immune_contact,contiguous,-0.06174698795180723,22.0
P1,frac_Tumour,contiguous,0.015060240963855429,23.0
P1,frac_Immune,contiguous,-0.013554216867469875,23.0
P1,score_Estrogen_response,contiguous,0.19496807909296635,23.0
P1,score_Proliferation,contiguous,-0.02519795228870472,23.0
P1,score_T_cell_activity,contiguous,0.0056166714277253085,23.0
P1,score_Myeloid_inflammation,contiguous,0.041018088902386896,23.0
P1,tumour_immune_contact,contiguous,-0.007530120481927721,23.0
P1,frac_Tumour,contiguous,-0.03463855421686747,24.0
P1,frac_Immune,contiguous,-0.013554216867469875,24.0
P1,score_Estrogen_response,contiguous,0.13267820166442237,24.0
P1,score_Proliferation,contiguous,-0.059904173708339274,24.0
P1,score_T_cell_activity,contiguous,0.014440866961237418,24.0
P1,score_Myeloid_inflammation,contiguous,0.15661931244535687,24.0
P1,tumour_immune_contact,contiguous,-0.04518072289156627,24.0
P1,frac_Tumour,contiguous,0.12048192771084339,25.0
P1,frac_Immune,contiguous,0.03313253012048193,25.0
P1,score_Estrogen_response,contiguous,0.3366404866225645,25.0
P1,score_Proliferation,contiguous,0.01611645469282612,25.0
P1,score_T_cell_activity,contiguous,0.002192636080834281,25.0
P1,score_Myeloid_inflammation,contiguous,-0.11910694398135543,25.0
P1,tumour_immune_contact,contiguous,0.07228915662650601,25.0
P1,frac_Tumour,contiguous,0.29216867469879515,26.0
P1,frac_Immune,contiguous,0.06024096385542169,26.0
P1,score_Estrogen_response,contiguous,0.5164365193238515,26.0
P1,score_Proliferation,contiguous,0.05216550391158425,26.0
P1,score_T_cell_activity,contiguous,-0.022679948426453943,26.0
P1,score_Myeloid_inflammation,contiguous,-0.4027386747388681,26.0
P1,tumour_immune_contact,contiguous,0.15512048192771086,26.0
P1,frac_Tumour,contiguous,0.19578313253012047,27.0
P1,frac_Immune,contiguous,0.007530120481927714,27.0
P1,score_Estrogen_response,contiguous,0.3666209129459297,27.0
P1,score_Proliferation,contiguous,0.002595030279661832,27.0
P1,score_T_cell_activity,contiguous,-0.016598249137760646,27.0
P1,score_Myeloid_inflammation,contiguous,-0.29260972726698997,27.0
P1,tumour_immune_contact,contiguous,0.015060240963855415,27.0
P1,frac_Tumour,contiguous,0.3433734939759036,28.0
P1,frac_Immune,contiguous,0.08584337349397592,28.0
P1,score_Estrogen_response,contiguous,0.5309816966241439,28.0
P1,score_Proliferation,contiguous,0.04339026107163314,28.0
P1,score_T_cell_activity,contiguous,-0.020410499448457877,28.0
P1,score_Myeloid_inflammation,contiguous,-0.3769975205783145,28.0
P1,tumour_immune_contact,contiguous,0.2048192771084337,28.0
P1,frac_Tumour,contiguous,0.001506024096385547,29.0
P1,frac_Immune,contiguous,0.00150602409638554,29.0
P1,score_Estrogen_response,contiguous,0.19877947364702234,29.0
P1,score_Proliferation,contiguous,-0.03720021521071336,29.0
P1,score_T_cell_activity,contiguous,0.011189097767553655,29.0
P1,score_Myeloid_inflammation,contiguous,0.07116861702285482,29.0
P1,tumour_immune_contact,contiguous,0.0075301204819276935,29.0
P1,frac_Tumour,contiguous,0.31626506024096385,30.0
P1,frac_Immune,contiguous,0.0963855421686747,30.0
P1,score_Estrogen_response,contiguous,0.5225945716137655,30.0
P1,score_Proliferation,contiguous,0.07796066020212614,30.0
P1,score_T_cell_activity,contiguous,-0.0014492000017659245,30.0
P1,score_Myeloid_inflammation,contiguous,-0.3224098642052451,30.0
P1,tumour_immune_contact,contiguous,0.1867469879518072,30.0
P1,frac_Tumour,contiguous,0.11746987951807229,31.0
P1,frac_Immune,contiguous,0.04668674698795181,31.0
P1,score_Estrogen_response,contiguous,0.4337588367639995,31.0
P1,score_Proliferation,contiguous,0.06180192298495949,31.0
P1,score_T_cell_activity,contiguous,-0.006337708694030003,31.0
P1,score_Myeloid_inflammation,contiguous,-0.2086860643845314,31.0
P1,tumour_immune_contact,contiguous,0.13253012048192772,31.0
P1,frac_Tumour,contiguous,0.015060240963855429,32.0
P1,frac_Immune,contiguous,-0.04518072289156626,32.0
P1,score_Estrogen_response,contiguous,0.17258595416249103,32.0
P1,score_Proliferation,contiguous,-0.03593077620709906,32.0
P1,score_T_cell_activity,contiguous,-0.011880777132858233,32.0
P1,score_Myeloid_inflammation,contiguous,-0.06799044867339518,32.0
P1,tumour_immune_contact,contiguous,-0.09487951807228917,32.0
P1,frac_Tumour,contiguous,0.29066265060240964,33.0
P1,frac_Immune,contiguous,0.025602409638554223,33.0
P1,score_Estrogen_response,contiguous,0.42055367634500906,33.0
P1,score_Proliferation,contiguous,0.019658549194657912,33.0
P1,score_T_cell_activity,contiguous,-0.021030333869069454,33.0
P1,score_Myeloid_inflammation,contiguous,-0.34163076748031684,33.0
P1,tumour_immune_contact,contiguous,0.04819277108433734,33.0
P1,frac_Tumour,contiguous,0.14608433734939757,34.0
P1,frac_Immune,contiguous,-0.006024096385542167,34.0
P1,score_Estrogen_response,contiguous,0.3714225517775178,34.0
P1,score_Proliferation,contiguous,-0.003755727440254342,34.0
P1,score_T_cell_activity,contiguous,-0.02549994076453299,34.0
P1,score_Myeloid_inflammation,contiguous,-0.2970466361530403,34.0
P1,tumour_immune_contact,contiguous,-0.003012048192771094,34.0
P1,frac_Tumour,contiguous,-0.0572289156626506,35.0
P1,frac_Immune,contiguous,-0.01957831325301205,35.0
P1,score_Estrogen_response,contiguous,0.12249221618279493,35.0
P1,score_Proliferation,contiguous,-0.07392936794556365,35.0
P1,score_T_cell_activity,contiguous,0.019702432821732927,35.0
P1,score_Myeloid_inflammation,contiguous,0.1906845560199696,35.0
P1,tumour_immune_contact,contiguous,-0.05873493975903615,35.0
P1,frac_Tumour,contiguous,0.25903614457831325,36.0
P1,frac_Immune,contiguous,0.04668674698795181,36.0
P1,score_Estrogen_response,contiguous,0.4740671712621759,36.0
P1,score_Proliferation,contiguous,0.07332095226309476,36.0
P1,score_T_cell_activity,contiguous,0.0003047592147406809,36.0
P1,score_Myeloid_inflammation,contiguous,-0.25183444654785964,36.0
P1,tumour_immune_contact,contiguous,0.11746987951807228,36.0
P1,frac_Tumour,contiguous,0.24096385542168675,37.0
P1,frac_Immune,contiguous,0.07228915662650603,37.0
P1,score_Estrogen_response,contiguous,0.509170984519808,37.0
P1,score_Proliferation,contiguous,0.06366471873365173,37.0
P1,score_T_cell_activity,contiguous,-0.013231548578684109,37.0
P1,score_Myeloid_inflammation,contiguous,-0.3305388083445294,37.0
P1,tumour_immune_contact,contiguous,0.18825301204819275,37.0
P1,frac_Tumour,contiguous,0.34036144578313254,38.0
P1,frac_Immune,contiguous,0.07981927710843376,38.0
P1,score_Estrogen_response,contiguous,0.5282790518811289,38.0
P1,score_Proliferation,contiguous,0.08417391050891082,38.0
P1,score_T_cell_activity,contiguous,-0.004055880156745872,38.0
P1,score_Myeloid_inflammation,contiguous,-0.32829547660605907,38.0
P1,tumour_immune_contact,contiguous,0.17771084337349394,38.0
P1,frac_Tumour,contiguous,0.046686746987951805,39.0
P1,frac_Immune,contiguous,-0.04216867469879518,39.0
P1,score_Estrogen_response,contiguous,0.15859150408556252,39.0
P1,score_Proliferation,contiguous,-0.027222084758498535,39.0
P1,score_T_cell_activity,contiguous,-0.010026110612723722,39.0
P1,score_Myeloid_inflammation,contiguous,-0.02283100041323055,39.0
P1,tumour_immune_contact,contiguous,-0.0783132530120482,39.0
P1,frac_Tumour,contiguous,0.3629518072289156,40.0
P1,frac_Immune,contiguous,0.08584337349397592,40.0
P1,score_Estrogen_response,contiguous,0.5268248053235913,40.0
P1,score_Proliferation,contiguous,0.04447238884730183,40.0
P1,score_T_cell_activity,contiguous,-0.023746888955434163,40.0
P1,score_Myeloid_inflammation,contiguous,-0.3707484700938134,40.0
P1,tumour_immune_contact,contiguous,0.19879518072289157,40.0
P1,frac_Tumour,contiguous,0.09939759036144578,41.0
P1,frac_Immune,contiguous,-0.006024096385542167,41.0
P1,score_Estrogen_response,contiguous,0.275822834985639,41.0
P1,score_Proliferation,contiguous,-0.009964419469428398,41.0
P1,score_T_cell_activity,contiguous,0.004321532687449073,41.0
P1,score_Myeloid_inflammation,contiguous,-0.08604769463596913,41.0
P1,tumour_immune_contact,contiguous,-0.004518072289156627,41.0
P1,frac_Tumour,contiguous,0.3177710843373494,42.0
P1,frac_Immune,contiguous,0.09789156626506024,42.0
P1,score_Estrogen_response,contiguous,0.5064272739658251,42.0
P1,score_Proliferation,contiguous,0.04455225083211305,42.0
P1,score_T_cell_activity,contiguous,0.0008493237093270545,42.0
P1,score_Myeloid_inflammation,contiguous,-0.3548318533803701,42.0
P1,tumour_immune_contact,contiguous,0.18373493975903613,42.0
P1,frac_Tumour,contiguous,0.18674698795180722,43.0
P1,frac_Immune,contiguous,0.04668674698795181,43.0
P1,score_Estrogen_response,contiguous,0.4384152277760045,43.0
P1,score_Proliferation,contiguous,0.045708209283069144,43.0
P1,score_T_cell_activity,contiguous,-0.013218318960692985,43.0
P1,score_Myeloid_inflammation,contiguous,-0.27744114971398554,43.0
P1,tumour_immune_contact,contiguous,0.1280120481927711,43.0
P1,frac_Tumour,contiguous,-0.060240963855421686,44.0
P1,frac_Immune,contiguous,-0.05572289156626506,44.0
P1,score_Estrogen_response,contiguous,0.19615224205150203,44.0
P1,score_Proliferation,contiguous,-0.059984265315199285,44.0
P1,score_T_cell_activity,contiguous,0.0027481862300012014,44.0
P1,score_Myeloid_inflammation,contiguous,-0.021282787140388254,44.0
P1,tumour_immune_contact,contiguous,-0.11897590361445784,44.0
P1,frac_Tumour,contiguous,0.5256024096385543,45.0
P1,frac_Immune,contiguous,0.12198795180722893,45.0
P1,score_Estrogen_response,contiguous,0.5268237069430977,45.0
P1,score_Proliferation,contiguous,0.07990300225751829,45.0
P1,score_T_cell_activity,contiguous,-0.014998249012124109,45.0
P1,score_Myeloid_inflammation,contiguous,-0.44179319467350664,45.0
P1,tumour_immune_contact,contiguous,0.21385542168674695,45.0
P1,frac_Tumour,contiguous,0.5045180722891567,46.0
P1,frac_Immune,contiguous,0.12048192771084337,46.0
P1,score_Estrogen_response,contiguous,0.5241795164824423,46.0
P1,score_Proliferation,contiguous,0.0753657284205155,46.0
P1,score_T_cell_activity,contiguous,-0.01045056479648653,46.0
P1,score_Myeloid_inflammation,contiguous,-0.43165176272349526,46.0
P1,tumour_immune_contact,contiguous,0.20783132530120482,46.0
P1,frac_Tumour,contiguous,0.43674698795180716,47.0
P1,frac_Immune,contiguous,0.09789156626506024,47.0
P1,score_Estrogen_response,contiguous,0.5149230268513842,47.0
P1,score_Proliferation,contiguous,0.052513579661305,47.0
P1,score_T_cell_activity,contiguous,-0.0071578519863177495,47.0
P1,score_Myeloid_inflammation,contiguous,-0.39275772627133165,47.0
P1,tumour_immune_contact,contiguous,0.1867469879518072,47.0
P1,frac_Tumour,contiguous,-0.04367469879518072,48.0
P1,frac_Immune,contiguous,-0.028614457831325296,48.0
P1,score_Estrogen_response,contiguous,0.16140577868884795,48.0
P1,score_Proliferation,contiguous,-0.06187269713080673,48.0
P1,score_T_cell_activity,contiguous,0.014621593979527675,48.0
P1,score_Myeloid_inflammation,contiguous,0.1353168789249895,48.0
P1,tumour_immune_contact,contiguous,-0.06777108433734941,48.0
P1,frac_Tumour,contiguous,0.15210843373493976,49.0
P1,frac_Immune,contiguous,-0.01656626506024096,49.0
P1,score_Estrogen_response,contiguous,0.3579168780788381,49.0
P1,score_Proliferation,contiguous,-0.002323599012286408,49.0
P1,score_T_cell_activity,contiguous,-0.024200695697442598,49.0
P1,score_Myeloid_inflammation,contiguous,-0.29070817791613707,49.0
P1,tumour_immune_contact,contiguous,-0.016566265060240976,49.0
P1,frac_Tumour,contiguous,0.4789156626506024,50.0
P1,frac_Immune,contiguous,0.04066265060240964,50.0
P1,score_Estrogen_response,contiguous,0.5188588922693586,50.0
P1,score_Proliferation,contiguous,0.05406144638776076,50.0
P1,score_T_cell_activity,contiguous,-0.03688448141210051,50.0
P1,score_Myeloid_inflammation,contiguous,-0.45766571182375043,50.0
P1,tumour_immune_contact,contiguous,0.09939759036144577,50.0
P1,frac_Tumour,contiguous,0.47740963855421686,51.0
P1,frac_Immune,contiguous,0.048192771084337345,51.0
P1,score_Estrogen_response,contiguous,0.49105229964138164,51.0
P1,score_Proliferation,contiguous,0.06284279341751942,51.0
P1,score_T_cell_activity,contiguous,-0.03869617936894836,51.0
P1,score_Myeloid_inflammation,contiguous,-0.47688853776213835,51.0
P1,tumour_immune_contact,contiguous,0.10993975903614456,51.0
P1,frac_Tumour,contiguous,0.027108433734939763,52.0
P1,frac_Immune,contiguous,0.007530120481927714,52.0
P1,score_Estrogen_response,contiguous,0.268951010784248,52.0
P1,score_Proliferation,contiguous,-0.019738904096423017,52.0
P1,score_T_cell_activity,contiguous,0.001070474991657171,52.0
P1,score_Myeloid_inflammation,contiguous,-0.07654540232993443,52.0
P1,tumour_immune_contact,contiguous,0.02409638554216867,52.0
P1,frac_Tumour,contiguous,0.07379518072289158,53.0
P1,frac_Immune,contiguous,0.021084337349397596,53.0
P1,score_Estrogen_response,contiguous,0.39040518915407707,53.0
P1,score_Proliferation,contiguous,0.04818499332009555,53.0
P1,score_T_cell_activity,contiguous,-0.01135851920835943,53.0
P1,score_Myeloid_inflammation,contiguous,-0.1868553528948823,53.0
P1,tumour_immune_contact,contiguous,0.07078313253012047,53.0
P1,frac_Tumour,contiguous,-0.013554216867469882,54.0
P1,frac_Immune,contiguous,-0.02259036144578313,54.0
P1,score_Estrogen_response,contiguous,0.29200610533603455,54.0
P1,score_Proliferation,contiguous,-0.010694061818941412,54.0
P1,score_T_cell_activity,contiguous,-0.002353403989031133,54.0
P1,score_Myeloid_inflammation,contiguous,-0.08709463848509598,54.0
P1,tumour_immune_contact,contiguous,-0.04668674698795182,54.0
P1,frac_Tumour,contiguous,0.07831325301204821,55.0
P1,frac_Immune,contiguous,0.013554216867469888,55.0
P1,score_Estrogen_response,contiguous,0.30231093076965376,55.0
P1,score_Proliferation,contiguous,0.0026480260633324035,55.0
P1,score_T_cell_activity,contiguous,0.0035450943895133156,55.0
P1,score_Myeloid_inflammation,contiguous,-0.0942499656414445,55.0
P1,tumour_immune_contact,contiguous,0.03313253012048192,55.0
P1,frac_Tumour,contiguous,0.15210843373493976,56.0
P1,frac_Immune,contiguous,-0.01656626506024096,56.0
P1,score_Estrogen_response,contiguous,0.3579168780788381,56.0
P1,score_Proliferation,contiguous,-0.0023235990122864054,56.0
P1,score_T_cell_activity,contiguous,-0.024200695697442594,56.0
P1,score_Myeloid_inflammation,contiguous,-0.29070817791613707,56.0
P1,tumour_immune_contact,contiguous,-0.016566265060240976,56.0
P1,frac_Tumour,contiguous,0.04518072289156627,57.0
P1,frac_Immune,contiguous,-0.04216867469879518,57.0
P1,score_Estrogen_response,contiguous,0.16996542840585208,57.0
P1,score_Proliferation,contiguous,-0.030792525738296016,57.0
P1,score_T_cell_activity,contiguous,-0.008797061833272496,57.0
P1,score_Myeloid_inflammation,contiguous,-0.02949684875463182,57.0
P1,tumour_immune_contact,contiguous,-0.0783132530120482,57.0
P1,frac_Tumour,contiguous,-0.061746987951807226,58.0
P1,frac_Immune,contiguous,-0.02108433734939759,58.0
P1,score_Estrogen_response,contiguous,0.09834919362124522,58.0
P1,score_Proliferation,contiguous,-0.08447930590325675,58.0
P1,score_T_cell_activity,contiguous,-0.0022400726529369385,58.0
P1,score_Myeloid_inflammation,contiguous,0.06244018257365308,58.0
P1,tumour_immune_contact,contiguous,-0.06174698795180723,58.0
P1,frac_Tumour,contiguous,0.1942771084337349,59.0
P1,frac_Immune,contiguous,0.08132530120481929,59.0
P1,score_Estrogen_response,contiguous,0.4430176366249948,59.0
P1,score_Proliferation,contiguous,0.05405117187344781,59.0
P1,score_T_cell_activity,contiguous,0.00187758911140712,59.0
P1,score_Myeloid_inflammation,contiguous,-0.20952350201214515,59.0
P1,tumour_immune_contact,contiguous,0.1716867469879518,59.0
P1,frac_Tumour,contiguous,-0.03162650602409638,60.0
P1,frac_Immune,contiguous,-0.05120481927710843,60.0
P1,score_Estrogen_response,contiguous,0.1614784237169997,60.0
P1,score_Proliferation,contiguous,-0.05398859855385993,60.0
P1,score_T_cell_activity,contiguous,-0.009667187724726268,60.0
P1,score_Myeloid_inflammation,contiguous,-0.08817545818602018,60.0
P1,tumour_immune_contact,contiguous,-0.11897590361445784,60.0
P1,frac_Tumour,contiguous,-0.013554216867469882,61.0
P1,frac_Immune,contiguous,-0.046686746987951805,61.0
P1,score_Estrogen_response,contiguous,0.19691347245952187,61.0
P1,score_Proliferation,contiguous,-0.027126973104529124,61.0
P1,score_T_cell_activity,contiguous,-0.0015807347025378169,61.0
P1,score_Myeloid_inflammation,contiguous,-0.0967063549853438,61.0
P1,tumour_immune_contact,contiguous,-0.09487951807228917,61.0
P1,frac_Tumour,contiguous,0.2876506024096385,62.0
P1,frac_Immune,contiguous,0.10843373493975905,62.0
P1,score_Estrogen_response,contiguous,0.49429276443555203,62.0
P1,score_Proliferation,contiguous,0.045887155905288794,62.0
P1,score_T_cell_activity,contiguous,0.005496106459314087,62.0
P1,score_Myeloid_inflammation,contiguous,-0.31457658302216307,62.0
P1,tumour_immune_contact,contiguous,0.21385542168674695,62.0
P1,frac_Tumour,contiguous,0.40210843373493976,63.0
P1,frac_Immune,contiguous,0.07680722891566266,63.0
P1,score_Estrogen_response,contiguous,0.5390921285675031,63.0
P1,score_Proliferation,contiguous,0.0538192187587224,63.0
P1,score_T_cell_activity,contiguous,-0.029518131259694158,63.0
P1,score_Myeloid_inflammation,contiguous,-0.4357499825541513,63.0
P1,tumour_immune_contact,contiguous,0.19126506024096382,63.0
P1,frac_Tumour,contiguous,0.02861445783132531,64.0
P1,frac_Immune,contiguous,0.00150602409638554,64.0
P1,score_Estrogen_response,contiguous,0.23393767471405566,64.0
P1,score_Proliferation,contiguous,-0.037142006062171266,64.0
P1,score_T_cell_activity,contiguous,-0.0018686176935233272,64.0
P1,score_Myeloid_inflammation,contiguous,-0.0720513465497012,64.0
P1,tumour_immune_contact,contiguous,-0.001506024096385561,64.0
P1,frac_Tumour,contiguous,-0.010542168674698787,65.0
P1,frac_Immune,contiguous,-0.048192771084337345,65.0
P1,score_Estrogen_response,contiguous,0.13785765675411232,65.0
P1,score_Proliferation,contiguous,-0.05618191063481375,65.0
P1,score_T_cell_activity,contiguous,-0.008324622525627833,65.0
P1,score_Myeloid_inflammation,contiguous,-0.06760431541145974,65.0
P1,tumour_immune_contact,contiguous,-0.1069277108433735,65.0
P1,frac_Tumour,contiguous,0.03313253012048192,66.0
P1,frac_Immune,contiguous,0.012048192771084341,66.0
P1,score_Estrogen_response,contiguous,0.32066297818313827,66.0
P1,score_Proliferation,contiguous,0.027027940954332936,66.0
P1,score_T_cell_activity,contiguous,-0.0004312993406531322,66.0
P1,score_Myeloid_inflammation,contiguous,-0.10950254013542804,66.0
P1,tumour_immune_contact,contiguous,0.04066265060240962,66.0
P1,frac_Tumour,contiguous,0.0858433734939759,67.0
P1,frac_Immune,contiguous,0.03765060240963856,67.0
P1,score_Estrogen_response,contiguous,0.4028730003329991,67.0
P1,score_Proliferation,contiguous,0.0531550943474944,67.0
P1,score_T_cell_activity,contiguous,-0.009654979013893979,67.0
P1,score_Myeloid_inflammation,contiguous,-0.18952306609991904,67.0
P1,tumour_immune_contact,contiguous,0.10993975903614456,67.0
P1,frac_Tumour,contiguous,0.43674698795180716,68.0
P1,frac_Immune,contiguous,0.04969879518072289,68.0
P1,score_Estrogen_response,contiguous,0.49586521689119145,68.0
P1,score_Proliferation,contiguous,0.060523627320955675,68.0
P1,score_T_cell_activity,contiguous,-0.01314494515075741,68.0
P1,score_Myeloid_inflammation,contiguous,-0.3414439858598779,68.0
P1,tumour_immune_contact,contiguous,0.1039156626506024,68.0
P1,frac_Tumour,contiguous,0.2515060240963855,69.0
P1,frac_Immune,contiguous,0.04668674698795181,69.0
P1,score_Estrogen_response,contiguous,0.4270136346952429,69.0
P1,score_Proliferation,contiguous,0.011219387087312866,69.0
P1,score_T_cell_activity,contiguous,-0.014649950070912576,69.0
P1,score_Myeloid_inflammation,contiguous,-0.3186846270511804,69.0
P1,tumour_immune_contact,contiguous,0.08584337349397589,69.0
P1,frac_Tumour,contiguous,0.411144578313253,70.0
P1,frac_Immune,contiguous,0.058734939759036146,70.0
P1,score_Estrogen_response,contiguous,0.5354683132599602,70.0
P1,score_Proliferation,contiguous,0.057085578809760104,70.0
P1,score_T_cell_activity,contiguous,-0.03222517005895754,70.0
P1,score_Myeloid_inflammation,contiguous,-0.45701457875671225,70.0
P1,tumour_immune_contact,contiguous,0.1536144578313253,70.0
P1,frac_Tumour,contiguous,0.14759036144578314,71.0
P1,frac_Immune,contiguous,0.0572289156626506,71.0
P1,score_Estrogen_response,contiguous,0.4260945413106403,71.0
P1,score_Proliferation,contiguous,0.053742514687554206,71.0
P1,score_T_cell_activity,contiguous,-0.00813840216930851,71.0
P1,score_Myeloid_inflammation,contiguous,-0.22077281734072057,71.0
P1,tumour_immune_contact,contiguous,0.15813253012048192,71.0
P1,frac_Tumour,contiguous,0.30873493975903615,72.0
P1,frac_Immune,contiguous,0.0783132530120482,72.0
P1,score_Estrogen_response,contiguous,0.5106414745226231,72.0
P1,score_Proliferation,contiguous,0.0831120514840186,72.0
P1,score_T_cell_activity,contiguous,-0.0028534486610966026,72.0
P1,score_Myeloid_inflammation,contiguous,-0.3031735683783538,72.0
P1,tumour_immune_contact,contiguous,0.18222891566265056,72.0
P1,frac_Tumour,contiguous,0.3177710843373494,73.0
P1,frac_Immune,contiguous,0.0783132530120482,73.0
P1,score_Estrogen_response,contiguous,0.5179994686130585,73.0
P1,score_Proliferation,contiguous,0.0887492153722215,73.0
P1,score_T_cell_activity,contiguous,-0.002895756156868245,73.0
P1,score_Myeloid_inflammation,contiguous,-0.31092678725488626,73.0
P1,tumour_immune_contact,contiguous,0.17771084337349394,73.0
P1,frac_Tumour,contiguous,0.04216867469879518,74.0
P1,frac_Immune,contiguous,0.03765060240963856,74.0
P1,score_Estrogen_response,contiguous,0.4019537289837245,74.0
P1,score_Proliferation,contiguous,0.009475259135857532,74.0
P1,score_T_cell_activity,contiguous,0.0026417702128848863,74.0
P1,score_Myeloid_inflammation,contiguous,-0.10677349066980527,74.0
P1,tumour_immune_contact,contiguous,0.07680722891566263,74.0
P1,frac_Tumour,contiguous,-0.060240963855421686,75.0
P1,frac_Immune,contiguous,-0.04216867469879518,75.0
P1,score_Estrogen_response,contiguous,0.0776389672764024,75.0
P1,score_Proliferation,contiguous,-0.10366520509749064,75.0
P1,score_T_cell_activity,contiguous,-0.000515423468856447,75.0
P1,score_Myeloid_inflammation,contiguous,0.12836317509609402,75.0
P1,tumour_immune_contact,contiguous,-0.088855421686747,75.0
P1,frac_Tumour,contiguous,0.0,76.0
P1,frac_Immune,contiguous,-0.02259036144578313,76.0
P1,score_Estrogen_response,contiguous,0.29409207234787405,76.0
P1,score_Proliferation,contiguous,0.002126329559417691,76.0
P1,score_T_cell_activity,contiguous,-0.002720717147471435,76.0
P1,score_Myeloid_inflammation,contiguous,-0.12176234852674357,76.0
P1,tumour_immune_contact,contiguous,-0.040662650602409645,76.0
P1,frac_Tumour,contiguous,0.23795180722891562,77.0
P1,frac_Immune,contiguous,-0.015060240963855422,77.0
P1,score_Estrogen_response,contiguous,0.3821869603246536,77.0
P1,score_Proliferation,contiguous,0.01981470963831863,77.0
P1,score_T_cell_activity,contiguous,-0.02852918245377072,77.0
P1,score_Myeloid_inflammation,contiguous,-0.3327026741943582,77.0
P1,tumour_immune_contact,contiguous,-0.015060240963855429,77.0
P1,frac_Tumour,contiguous,0.22891566265060243,78.0
P1,frac_Immune,contiguous,0.03012048192771085,78.0
P1,score_Estrogen_response,contiguous,0.46528354931631055,78.0
P1,score_Proliferation,contiguous,0.03204126609371923,78.0
P1,score_T_cell_activity,contiguous,-0.028147097573342574,78.0
P1,score_Myeloid_inflammation,contiguous,-0.3957033070632082,78.0
P1,tumour_immune_contact,contiguous,0.07981927710843373,78.0
P1,frac_Tumour,contiguous,0.25903614457831325,79.0
P1,frac_Immune,contiguous,0.07981927710843376,79.0
P1,score_Estrogen_response,contiguous,0.5005062905701884,79.0
P1,score_Proliferation,contiguous,0.04737468156357251,79.0
P1,score_T_cell_activity,contiguous,-0.011089906062107966,79.0
P1,score_Myeloid_inflammation,contiguous,-0.2952621971834205,79.0
P1,tumour_immune_contact,contiguous,0.19578313253012045,79.0
P1,frac_Tumour,contiguous,0.10090361445783132,80.0
P1,frac_Immune,contiguous,0.04367469879518073,80.0
P1,score_Estrogen_response,contiguous,0.419733926672495,80.0
P1,score_Proliferation,contiguous,0.0328220798736353,80.0
P1,score_T_cell_activity,contiguous,-0.008931144030278466,80.0
P1,score_Myeloid_inflammation,contiguous,-0.1956069255684787,80.0
P1,tumour_immune_contact,contiguous,0.12048192771084335,80.0
P1,frac_Tumour,contiguous,0.03614457831325302,81.0
P1,frac_Immune,contiguous,0.03012048192771085,81.0
P1,score_Estrogen_response,contiguous,0.3900566824934285,81.0
P1,score_Proliferation,contiguous,0.0005932742052323502,81.0
P1,score_T_cell_activity,contiguous,0.008264715411636725,81.0
P1,score_Myeloid_inflammation,contiguous,-0.09464431126596115,81.0
P1,tumour_immune_contact,contiguous,0.05722891566265059,81.0
P1,frac_Tumour,contiguous,0.2003012048192771,82.0
P1,frac_Immune,contiguous,0.07981927710843376,82.0
P1,score_Estrogen_response,contiguous,0.4600610126024358,82.0
P1,score_Proliferation,contiguous,0.06197726877117419,82.0
P1,score_T_cell_activity,contiguous,0.000772302140971745,82.0
P1,score_Myeloid_inflammation,contiguous,-0.21554262327364787,82.0
P1,tumour_immune_contact,contiguous,0.16716867469879518,82.0
P1,frac_Tumour,contiguous,-0.060240963855421686,83.0
P1,frac_Immune,contiguous,-0.02259036144578313,83.0
P1,score_Estrogen_response,contiguous,0.08942663740414311,83.0
P1,score_Proliferation,contiguous,-0.09047983656363848,83.0
P1,score_T_cell_activity,contiguous,0.02153921317246305,83.0
P1,score_Myeloid_inflammation,contiguous,0.21874434434215162,83.0
P1,tumour_immune_contact,contiguous,-0.06475903614457833,83.0
P1,frac_Tumour,contiguous,0.18072289156626503,84.0
P1,frac_Immune,contiguous,-0.01957831325301205,84.0
P1,score_Estrogen_response,contiguous,0.3505492060445332,84.0
P1,score_Proliferation,contiguous,0.0003785601117305521,84.0
P1,score_T_cell_activity,contiguous,-0.02520009484013401,84.0
P1,score_Myeloid_inflammation,contiguous,-0.2919057353080276,84.0
P1,tumour_immune_contact,contiguous,-0.027108433734939777,84.0
P1,frac_Tumour,contiguous,0.04518072289156627,85.0
P1,frac_Immune,contiguous,-0.04216867469879518,85.0
P1,score_Estrogen_response,contiguous,0.16996542840585208,85.0
P1,score_Proliferation,contiguous,-0.030792525738296012,85.0
P1,score_T_cell_activity,contiguous,-0.008797061833272496,85.0
P1,score_Myeloid_inflammation,contiguous,-0.029496848754631766,85.0
P1,tumour_immune_contact,contiguous,-0.0783132530120482,85.0
P1,frac_Tumour,contiguous,0.3072289156626506,86.0
P1,frac_Immune,contiguous,0.10692771084337349,86.0
P1,score_Estrogen_response,contiguous,0.5033321745174143,86.0
P1,score_Proliferation,contiguous,0.044229176633248525,86.0
P1,score_T_cell_activity,contiguous,0.0007044420598979924,86.0
P1,score_Myeloid_inflammation,contiguous,-0.34013232713893304,86.0
P1,tumour_immune_contact,contiguous,0.20632530120481926,86.0
P1,frac_Tumour,contiguous,0.27710843373493976,87.0
P1,frac_Immune,contiguous,0.07680722891566266,87.0
P1,score_Estrogen_response,contiguous,0.516966681687052,87.0
P1,score_Proliferation,contiguous,0.05701563773356029,87.0
P1,score_T_cell_activity,contiguous,-0.0170735024983385,87.0
P1,score_Myeloid_inflammation,contiguous,-0.3807484407851187,87.0
P1,tumour_immune_contact,contiguous,0.197289156626506,87.0
P1,frac_Tumour,contiguous,-0.07228915662650602,88.0
P1,frac_Immune,contiguous,-0.02108433734939759,88.0
P1,score_Estrogen_response,contiguous,0.07238418506941416,88.0
P1,score_Proliferation,contiguous,-0.09227589888051574,88.0
P1,score_T_cell_activity,contiguous,-0.0018597712641858673,88.0
P1,score_Myeloid_inflammation,contiguous,0.11390844518691728,88.0
P1,tumour_immune_contact,contiguous,-0.06174698795180723,88.0
P1,frac_Tumour,contiguous,0.569277108433735,89.0
P1,frac_Immune,contiguous,0.03162650602409638,89.0
P1,score_Estrogen_response,contiguous,0.5225298572041228,89.0
P1,score_Proliferation,contiguous,0.06671285185329182,89.0
P1,score_T_cell_activity,contiguous,-0.038348134430955694,89.0
P1,score_Myeloid_inflammation,contiguous,-0.518015423265002,89.0
P1,tumour_immune_contact,contiguous,0.07981927710843373,89.0
P1,frac_Tumour,contiguous,0.3042168674698795,90.0
P1,frac_Immune,contiguous,0.07530120481927713,90.0
P1,score_Estrogen_response,contiguous,0.530871496301801,90.0
P1,score_Proliferation,contiguous,0.04227532830559827,90.0
P1,score_T_cell_activity,contiguous,-0.018959964470631144,90.0
P1,score_Myeloid_inflammation,contiguous,-0.3749698622334092,90.0
P1,tumour_immune_contact,contiguous,0.18825301204819275,90.0
P1,frac_Tumour,contiguous,-0.0015060240963855331,91.0
P1,frac_Immune,contiguous,-0.04518072289156626,91.0
P1,score_Estrogen_response,contiguous,0.13981956454805353,91.0
P1,score_Proliferation,contiguous,-0.05024241094430438,91.0
P1,score_T_cell_activity,contiguous,-0.009579666784250113,91.0
P1,score_Myeloid_inflammation,contiguous,-0.05688127896042641,91.0
P1,tumour_immune_contact,contiguous,-0.10240963855421688,91.0
P1,frac_Tumour,contiguous,0.24096385542168675,92.0
P1,frac_Immune,contiguous,0.045180722891566265,92.0
P1,score_Estrogen_response,contiguous,0.48052968287044784,92.0
P1,score_Proliferation,contiguous,0.045084120184361934,92.0
P1,score_T_cell_activity,contiguous,-0.007196290801447559,92.0
P1,score_Myeloid_inflammation,contiguous,-0.2610114138896993,92.0
P1,tumour_immune_contact,contiguous,0.1355421686746988,92.0
P1,frac_Tumour,contiguous,-0.061746987951807226,93.0
P1,frac_Immune,contiguous,-0.0572289156626506,93.0
P1,score_Estrogen_response,contiguous,0.1924041075374974,93.0
P1,score_Proliferation,contiguous,-0.059870365956598566,93.0
P1,score_T_cell_activity,contiguous,0.0021494314375531723,93.0
P1,score_Myeloid_inflammation,contiguous,-0.03614569597694288,93.0
P1,tumour_immune_contact,contiguous,-0.12198795180722893,93.0
P1,frac_Tumour,contiguous,0.043674698795180725,94.0
P1,frac_Immune,contiguous,-0.04216867469879518,94.0
P1,score_Estrogen_response,contiguous,0.17029481054935544,94.0
P1,score_Proliferation,contiguous,-0.030411263775573436,94.0
P1,score_T_cell_activity,contiguous,-0.007628984442676406,94.0
P1,score_Myeloid_inflammation,contiguous,-0.03537883966981645,94.0
P1,tumour_immune_contact,contiguous,-0.07981927710843376,94.0
P1,frac_Tumour,contiguous,-0.02409638554216867,95.0
P1,frac_Immune,contiguous,-0.01957831325301205,95.0
P1,score_Estrogen_response,contiguous,0.208059653854722,95.0
P1,score_Proliferation,contiguous,-0.04952668271412084,95.0
P1,score_T_cell_activity,contiguous,-0.0010232510883884734,95.0
P1,score_Myeloid_inflammation,contiguous,-0.035465105027302324,95.0
P1,tumour_immune_contact,contiguous,-0.04668674698795182,95.0
P1,frac_Tumour,contiguous,0.04216867469879518,96.0
P1,frac_Immune,contiguous,-0.04066265060240964,96.0
P1,score_Estrogen_response,contiguous,0.16706616153621265,96.0
P1,score_Proliferation,contiguous,-0.03605622297711715,96.0
P1,score_T_cell_activity,contiguous,-0.01206907283158666,96.0
P1,score_Myeloid_inflammation,contiguous,-0.05013343185314621,96.0
P1,tumour_immune_contact,contiguous,-0.0783132530120482,96.0
P1,frac_Tumour,contiguous,0.043674698795180725,97.0
P1,frac_Immune,contiguous,0.010542168674698794,97.0
P1,score_Estrogen_response,contiguous,0.38294210902213677,97.0
P1,score_Proliferation,contiguous,0.01821110116745014,97.0
P1,score_T_cell_activity,contiguous,-0.0030737395803013953,97.0
P1,score_Myeloid_inflammation,contiguous,-0.1306564857529896,97.0
P1,tumour_immune_contact,contiguous,0.046686746987951805,97.0
P1,frac_Tumour,contiguous,-0.060240963855421686,98.0
P1,frac_Immune,contiguous,-0.02259036144578313,98.0
P1,score_Estrogen_response,contiguous,0.09181805898078402,98.0
P1,score_Proliferation,contiguous,-0.08543630424192211,98.0
P1,score_T_cell_activity,contiguous,0.023220405954254196,98.0
P1,score_Myeloid_inflammation,contiguous,0.2273442144578241,98.0
P1,tumour_immune_contact,contiguous,-0.06475903614457833,98.0
P1,frac_Tumour,contiguous,0.046686746987951805,99.0
P1,frac_Immune,contiguous,-0.04216867469879518,99.0
P1,score_Estrogen_response,contiguous,0.15859150408556252,99.0
P1,score_Proliferation,contiguous,-0.027222084758498535,99.0
P1,score_T_cell_activity,contiguous,-0.010026110612723722,99.0
P1,score_Myeloid_inflammation,contiguous,-0.02283100041323055,99.0
P1,tumour_immune_contact,contiguous,-0.0783132530120482,99.0
P2,frac_Tumour,full,0.27629727683705024,
P2,frac_Immune,full,-0.24816184307934405,
P2,score_Estrogen_response,full,0.07558731759994336,
P2,score_Proliferation,full,0.0016289489118409314,
P2,score_T_cell_activity,full,-0.0011428281033195695,
P2,score_Myeloid_inflammation,full,-0.018818570502020182,
P2,tumour_immune_contact,full,-0.4522337255564348,
P2,frac_Tumour,random,0.2708836310960889,0.0
P2,frac_Immune,random,-0.24094640270400774,0.0
P2,score_Estrogen_response,random,0.054622604255815166,0.0
P2,score_Proliferation,random,0.0018410477355556615,0.0
P2,score_T_cell_activity,random,0.0009852856746040612,0.0
P2,score_Myeloid_inflammation,random,-0.008151351706097015,0.0
P2,tumour_immune_contact,random,-0.49686141960405605,0.0
P2,frac_Tumour,random,0.27233220666344765,1.0
P2,frac_Immune,random,-0.24722356349589572,1.0
P2,score_Estrogen_response,random,0.06583456237426383,1.0
P2,score_Proliferation,random,0.0025434258600963385,1.0
P2,score_T_cell_activity,random,0.0019238891660057636,1.0
P2,score_Myeloid_inflammation,random,-0.018759689054157785,1.0
P2,tumour_immune_contact,random,-0.5050700144857557,1.0
P2,frac_Tumour,random,0.27474649927571226,2.0
P2,frac_Immune,random,-0.24625784645098986,2.0
P2,score_Estrogen_response,random,0.0741165340305211,2.0
P2,score_Proliferation,random,0.0035667586299866667,2.0
P2,score_T_cell_activity,random,0.001486619416801044,2.0
P2,score_Myeloid_inflammation,random,-0.02065895805525321,2.0
P2,tumour_immune_contact,random,-0.49686141960405605,2.0
P2,frac_Tumour,random,0.2708836310960889,3.0
P2,frac_Immune,random,-0.24867213906325447,3.0
P2,score_Estrogen_response,random,0.07526883516838057,3.0
P2,score_Proliferation,random,-0.0013276323929345166,3.0
P2,score_T_cell_activity,random,-0.002949693972587673,3.0
P2,score_Myeloid_inflammation,random,-0.023886015697241622,3.0
P2,tumour_immune_contact,random,-0.5026557218734911,3.0
P2,frac_Tumour,random,0.2626750362143892,4.0
P2,frac_Immune,random,-0.25012071463061325,4.0
P2,score_Estrogen_response,random,0.06206754806177289,4.0
P2,score_Proliferation,random,0.0032357935133498147,4.0
P2,score_T_cell_activity,random,-0.0009996484662363378,4.0
P2,score_Myeloid_inflammation,random,-0.013482768531447684,4.0
P2,tumour_immune_contact,random,-0.5055528730082086,4.0
P2,frac_Tumour,random,0.28681796233703527,5.0
P2,frac_Immune,random,-0.24577498792853697,5.0
P2,score_Estrogen_response,random,0.08904791766855535,5.0
P2,score_Proliferation,random,0.0003545883016287509,5.0
P2,score_T_cell_activity,random,-0.0011359771527345401,5.0
P2,score_Myeloid_inflammation,random,-0.029491181509934045,5.0
P2,tumour_immune_contact,random,-0.4939642684693385,5.0
P2,frac_Tumour,random,0.2713664896185418,6.0
P2,frac_Immune,random,-0.24867213906325447,6.0
P2,score_Estrogen_response,random,0.06261892760423071,6.0
P2,score_Proliferation,random,0.00010914373771351042,6.0
P2,score_T_cell_activity,random,0.00021297274477154963,6.0
P2,score_Myeloid_inflammation,random,-0.023696864225901088,6.0
P2,tumour_immune_contact,random,-0.5021728633510382,6.0
P2,frac_Tumour,random,0.28585224529212944,7.0
P2,frac_Immune,random,-0.25156929019797203,7.0
P2,score_Estrogen_response,random,0.09742971155882069,7.0
P2,score_Proliferation,random,0.004456356929437116,7.0
P2,score_T_cell_activity,random,-0.0025262778077618383,7.0
P2,score_Myeloid_inflammation,random,-0.030841980219758966,7.0
P2,tumour_immune_contact,random,-0.5079671656204732,7.0
P2,frac_Tumour,random,0.276195074843071,8.0
P2,frac_Immune,random,-0.24625784645098986,8.0
P2,score_Estrogen_response,random,0.0919981331237702,8.0
P2,score_Proliferation,random,-0.0008467653462209753,8.0
P2,score_T_cell_activity,random,-0.00028237642496527085,8.0
P2,score_Myeloid_inflammation,random,-0.024295238400987948,8.0
P2,tumour_immune_contact,random,-0.5055528730082086,8.0
P2,frac_Tumour,random,0.2665379043940126,9.0
P2,frac_Immune,random,-0.24384355383872527,9.0
P2,score_Estrogen_response,random,0.07666438286631727,9.0
P2,score_Proliferation,random,-0.0003238013785975863,9.0
P2,score_T_cell_activity,random,-0.00012468634017693365,9.0
P2,score_Myeloid_inflammation,random,-0.017840009459557632,9.0
P2,tumour_immune_contact,random,-0.49203283437952683,9.0
P2,frac_Tumour,random,0.26605504587155965,10.0
P2,frac_Immune,random,-0.24818928054080155,10.0
P2,score_Estrogen_response,random,0.06986467736491792,10.0
P2,score_Proliferation,random,0.00702761850395957,10.0
P2,score_T_cell_activity,random,-0.001469511599564744,10.0
P2,score_Myeloid_inflammation,random,-0.015709086004785516,10.0
P2,tumour_immune_contact,random,-0.4978271366489619,10.0
P2,frac_Tumour,random,0.28198937711250605,11.0
P2,frac_Immune,random,-0.25156929019797203,11.0
P2,score_Estrogen_response,random,0.08327238582878355,11.0
P2,score_Proliferation,random,0.0006454148489914084,11.0
P2,score_T_cell_activity,random,-0.002813532680760074,11.0
P2,score_Myeloid_inflammation,random,-0.02344204528807979,11.0
P2,tumour_immune_contact,random,-0.5084500241429262,11.0
P2,frac_Tumour,random,0.26315789473684215,12.0
P2,frac_Immune,random,-0.24963785610816033,12.0
P2,score_Estrogen_response,random,0.06137752128276269,12.0
P2,score_Proliferation,random,0.0015549449675572942,12.0
P2,score_T_cell_activity,random,-0.001956970924787212,12.0
P2,score_Myeloid_inflammation,random,-0.0003315497285096003,12.0
P2,tumour_immune_contact,random,-0.5060357315306615,12.0
P2,frac_Tumour,random,0.2834379526798648,13.0
P2,frac_Immune,random,-0.24915499758570742,13.0
P2,score_Estrogen_response,random,0.07060697441097347,13.0
P2,score_Proliferation,random,3.227071998996743e-05,13.0
P2,score_T_cell_activity,random,-0.003188173485077246,13.0
P2,score_Myeloid_inflammation,random,-0.020813438080806088,13.0
P2,tumour_immune_contact,random,-0.49686141960405605,13.0
P2,frac_Tumour,random,0.27522935779816515,14.0
P2,frac_Immune,random,-0.24191211974891358,14.0
P2,score_Estrogen_response,random,0.07262411685986614,14.0
P2,score_Proliferation,random,0.0023705894505495024,14.0
P2,score_T_cell_activity,random,-0.0013040183189338636,14.0
P2,score_Myeloid_inflammation,random,-0.019457859472463063,14.0
P2,tumour_immune_contact,random,-0.49058425881216805,14.0
P2,frac_Tumour,random,0.29068083051665866,15.0
P2,frac_Immune,random,-0.25398358281023664,15.0
P2,score_Estrogen_response,random,0.09427459428790752,15.0
P2,score_Proliferation,random,0.005259611376903199,15.0
P2,score_T_cell_activity,random,-0.0031435606012464967,15.0
P2,score_Myeloid_inflammation,random,-0.020099944293969066,15.0
P2,tumour_immune_contact,random,-0.5123128923225495,15.0
P2,frac_Tumour,random,0.2679864799613713,16.0
P2,frac_Immune,random,-0.24722356349589572,16.0
P2,score_Estrogen_response,random,0.08096843630263978,16.0
P2,score_Proliferation,random,0.0005065454590302302,16.0
P2,score_T_cell_activity,random,-0.0014873833542173379,16.0
P2,score_Myeloid_inflammation,random,-0.019108664908008596,16.0
P2,tumour_immune_contact,random,-0.49589570255915016,16.0
P2,frac_Tumour,random,0.27233220666344765,17.0
P2,frac_Immune,random,-0.24818928054080155,17.0
P2,score_Estrogen_response,random,0.07264127287426947,17.0
P2,score_Proliferation,random,0.00015767423171179646,17.0
P2,score_T_cell_activity,random,-0.002156514353691746,17.0
P2,score_Myeloid_inflammation,random,-0.015829977048701233,17.0
P2,tumour_immune_contact,random,-0.503621438918397,17.0
P2,frac_Tumour,random,0.2781265089328827,18.0
P2,frac_Immune,random,-0.2443264123611782,18.0
P2,score_Estrogen_response,random,0.06987077199711961,18.0
P2,score_Proliferation,random,0.0029111506939831274,18.0
P2,score_T_cell_activity,random,0.0019390829096984667,18.0
P2,score_Myeloid_inflammation,random,-0.01910256018255635,18.0
P2,tumour_immune_contact,random,-0.4987928536938677,18.0
P2,frac_Tumour,random,0.27474649927571226,19.0
P2,frac_Immune,random,-0.24142926122646066,19.0
P2,score_Estrogen_response,random,0.08932934035216206,19.0
P2,score_Proliferation,random,0.00018358461731118186,19.0
P2,score_T_cell_activity,random,-0.0022261213803688984,19.0
P2,score_Myeloid_inflammation,random,-0.02597354833788812,19.0
P2,tumour_immune_contact,random,-0.49444712699179144,19.0
P2,frac_Tumour,random,0.2786093674553356,20.0
P2,frac_Immune,random,-0.25398358281023664,20.0
P2,score_Estrogen_response,random,0.08220709693744138,20.0
P2,score_Proliferation,random,0.004671760870846552,20.0
P2,score_T_cell_activity,random,-0.003113412934439676,20.0
P2,score_Myeloid_inflammation,random,-0.02456751789206517,20.0
P2,tumour_immune_contact,random,-0.5050700144857557,20.0
P2,frac_Tumour,random,0.2708836310960889,21.0
P2,frac_Immune,random,-0.24867213906325447,21.0
P2,score_Estrogen_response,random,0.07810982940021155,21.0
P2,score_Proliferation,random,0.0008615841989617497,21.0
P2,score_T_cell_activity,random,-0.001796175336659954,21.0
P2,score_Myeloid_inflammation,random,-0.020904442462645736,21.0
P2,tumour_immune_contact,random,-0.5002414292612265,21.0
P2,frac_Tumour,random,0.27040077257363593,22.0
P2,frac_Immune,random,-0.24625784645098986,22.0
P2,score_Estrogen_response,random,0.06548614592843749,22.0
P2,score_Proliferation,random,-0.0005245654318833688,22.0
P2,score_T_cell_activity,random,-0.0019137593815552823,22.0
P2,score_Myeloid_inflammation,random,-0.020487579651457366,22.0
P2,tumour_immune_contact,random,-0.49492998551424433,22.0
P2,frac_Tumour,random,0.2771607918879768,23.0
P2,frac_Immune,random,-0.2520521487204249,23.0
P2,score_Estrogen_response,random,0.07507657452303984,23.0
P2,score_Proliferation,random,0.0005542239665577322,23.0
P2,score_T_cell_activity,random,-0.0016235872626080632,23.0
P2,score_Myeloid_inflammation,random,-0.019606557683505485,23.0
P2,tumour_immune_contact,random,-0.5050700144857557,23.0
P2,frac_Tumour,random,0.2863351038145823,24.0
P2,frac_Immune,random,-0.25060357315306614,24.0
P2,score_Estrogen_response,random,0.07227283150995217,24.0
P2,score_Proliferation,random,0.0018366109399404638,24.0
P2,score_T_cell_activity,random,-0.003000279731824408,24.0
P2,score_Myeloid_inflammation,random,-0.011387157938830161,24.0
P2,tumour_immune_contact,random,-0.509898599710285,24.0
P2,frac_Tumour,random,0.28392081120231777,25.0
P2,frac_Immune,random,-0.24770642201834864,25.0
P2,score_Estrogen_response,random,0.08826689185382736,25.0
P2,score_Proliferation,random,0.003806135588727494,25.0
P2,score_T_cell_activity,random,-0.0005655867996092365,25.0
P2,score_Myeloid_inflammation,random,-0.021395380657327864,25.0
P2,tumour_immune_contact,random,-0.5007242877836794,25.0
P2,frac_Tumour,random,0.26991791405118304,26.0
P2,frac_Immune,random,-0.24915499758570742,26.0
P2,score_Estrogen_response,random,0.06260032337208943,26.0
P2,score_Proliferation,random,-0.00010654865306884047,26.0
P2,score_T_cell_activity,random,-0.0021641447259579034,26.0
P2,score_Myeloid_inflammation,random,-0.011917727169259554,26.0
P2,tumour_immune_contact,random,-0.4987928536938677,26.0
P2,frac_Tumour,random,0.27474649927571226,27.0
P2,frac_Immune,random,-0.24384355383872527,27.0
P2,score_Estrogen_response,random,0.08501185366508479,27.0
P2,score_Proliferation,random,0.005547640308762693,27.0
P2,score_T_cell_activity,random,-0.0013847720147010492,27.0
P2,score_Myeloid_inflammation,random,-0.022419916843776477,27.0
P2,tumour_immune_contact,random,-0.4983099951714148,27.0
P2,frac_Tumour,random,0.2742636407532593,28.0
P2,frac_Immune,random,-0.2510864316755191,28.0
P2,score_Estrogen_response,random,0.07170136353580764,28.0
P2,score_Proliferation,random,4.470193961065953e-05,28.0
P2,score_T_cell_activity,random,-0.0032088267046671247,28.0
P2,score_Myeloid_inflammation,random,-0.007691884718848879,28.0
P2,tumour_immune_contact,random,-0.5074843070980203,28.0
P2,frac_Tumour,random,0.2781265089328827,29.0
P2,frac_Immune,random,-0.25253500724287786,29.0
P2,score_Estrogen_response,random,0.06852847075791896,29.0
P2,score_Proliferation,random,0.0050545172946662754,29.0
P2,score_T_cell_activity,random,-0.0016706165222684288,29.0
P2,score_Myeloid_inflammation,random,-0.01951573349230014,29.0
P2,tumour_immune_contact,random,-0.5002414292612265,29.0
P2,frac_Tumour,random,0.2626750362143892,30.0
P2,frac_Immune,random,-0.2467407049734428,30.0
P2,score_Estrogen_response,random,0.05425440034981183,30.0
P2,score_Proliferation,random,0.0019983096426410656,30.0
P2,score_T_cell_activity,random,0.0007408089457564297,30.0
P2,score_Myeloid_inflammation,random,-0.004775404075906223,30.0
P2,tumour_immune_contact,random,-0.5016900048285853,30.0
P2,frac_Tumour,random,0.2670207629164655,31.0
P2,frac_Immune,random,-0.25060357315306614,31.0
P2,score_Estrogen_response,random,0.05682590676169946,31.0
P2,score_Proliferation,random,0.0052388212762683045,31.0
P2,score_T_cell_activity,random,0.0016683113634244316,31.0
P2,score_Myeloid_inflammation,random,-0.0123558697461265,31.0
P2,tumour_immune_contact,random,-0.5089328826653791,31.0
P2,frac_Tumour,random,0.2675036214389184,32.0
P2,frac_Immune,random,-0.24915499758570742,32.0
P2,score_Estrogen_response,random,0.06322911115372792,32.0
P2,score_Proliferation,random,0.0006460467226562208,32.0
P2,score_T_cell_activity,random,0.00040570679542250914,32.0
P2,score_Myeloid_inflammation,random,0.00638337742448776,32.0
P2,tumour_immune_contact,random,-0.4963785610816031,32.0
P2,frac_Tumour,random,0.2732979237083535,33.0
P2,frac_Immune,random,-0.24963785610816033,33.0
P2,score_Estrogen_response,random,0.07614405635949051,33.0
P2,score_Proliferation,random,-0.0023717915932630093,33.0
P2,score_T_cell_activity,random,-0.0021918159260898825,33.0
P2,score_Myeloid_inflammation,random,-0.022710067266835818,33.0
P2,tumour_immune_contact,random,-0.49203283437952683,33.0
P2,frac_Tumour,random,0.2810236600676002,34.0
P2,frac_Immune,random,-0.2520521487204249,34.0
P2,score_Estrogen_response,random,0.08287519914396785,34.0
P2,score_Proliferation,random,5.440260792351735e-05,34.0
P2,score_T_cell_activity,random,-0.0025822775487704184,34.0
P2,score_Myeloid_inflammation,random,-0.0113140582997215,34.0
P2,tumour_immune_contact,random,-0.5084500241429262,34.0
P2,frac_Tumour,random,0.27909222597778854,35.0
P2,frac_Immune,random,-0.2510864316755191,35.0
P2,score_Estrogen_response,random,0.07645310781980319,35.0
P2,score_Proliferation,random,-0.0011383898888950752,35.0
P2,score_T_cell_activity,random,-0.001310859563002865,35.0
P2,score_Myeloid_inflammation,random,-0.019346403024554662,35.0
P2,tumour_immune_contact,random,-0.5079671656204732,35.0
P2,frac_Tumour,random,0.28440366972477066,36.0
P2,frac_Immune,random,-0.25060357315306614,36.0
P2,score_Estrogen_response,random,0.07630476478835874,36.0
P2,score_Proliferation,random,0.003119118370540026,36.0
P2,score_T_cell_activity,random,-0.003195893016643818,36.0
P2,score_Myeloid_inflammation,random,-0.015393115936858714,36.0
P2,tumour_immune_contact,random,-0.5021728633510382,36.0
P2,frac_Tumour,random,0.27957508450024143,37.0
P2,frac_Immune,random,-0.24336069531627236,37.0
P2,score_Estrogen_response,random,0.09981994550941031,37.0
P2,score_Proliferation,random,0.0006675600275039893,37.0
P2,score_T_cell_activity,random,-0.0019146435844277056,37.0
P2,score_Myeloid_inflammation,random,-0.036464403766770126,37.0
P2,tumour_immune_contact,random,-0.4867213906325447,37.0
P2,frac_Tumour,random,0.28392081120231777,38.0
P2,frac_Immune,random,-0.24963785610816033,38.0
P2,score_Estrogen_response,random,0.08232558534263085,38.0
P2,score_Proliferation,random,-0.002278816641755161,38.0
P2,score_T_cell_activity,random,0.00015552829811327478,38.0
P2,score_Myeloid_inflammation,random,-0.022578455982888893,38.0
P2,tumour_immune_contact,random,-0.5070014485755674,38.0
P2,frac_Tumour,random,0.2732979237083535,39.0
P2,frac_Immune,random,-0.24529212940608403,39.0
P2,score_Estrogen_response,random,0.06703821778356434,39.0
P2,score_Proliferation,random,-0.0001596240438073663,39.0
P2,score_T_cell_activity,random,-0.00197301962342126,39.0
P2,score_Myeloid_inflammation,random,-0.015168019550562767,39.0
P2,tumour_immune_contact,random,-0.503621438918397,39.0
P2,frac_Tumour,random,0.27957508450024143,40.0
P2,frac_Immune,random,-0.24818928054080155,40.0
P2,score_Estrogen_response,random,0.08647207219567016,40.0
P2,score_Proliferation,random,0.000663226902641742,40.0
P2,score_T_cell_activity,random,-0.004778810847792412,40.0
P2,score_Myeloid_inflammation,random,-0.03166207803465822,40.0
P2,tumour_immune_contact,random,-0.5021728633510382,40.0
P2,frac_Tumour,random,0.2718493481409947,41.0
P2,frac_Immune,random,-0.2559150169000483,41.0
P2,score_Estrogen_response,random,0.0567322172451315,41.0
P2,score_Proliferation,random,0.0010708569591347137,41.0
P2,score_T_cell_activity,random,0.0009654047078729321,41.0
P2,score_Myeloid_inflammation,random,-0.015649920558379035,41.0
P2,tumour_immune_contact,random,-0.5065185900531145,41.0
P2,frac_Tumour,random,0.282472235634959,42.0
P2,frac_Immune,random,-0.24963785610816033,42.0
P2,score_Estrogen_response,random,0.07169283740623239,42.0
P2,score_Proliferation,random,0.0021800789119439156,42.0
P2,score_T_cell_activity,random,-0.002160766378899052,42.0
P2,score_Myeloid_inflammation,random,-0.028779195434695037,42.0
P2,tumour_immune_contact,random,-0.5021728633510382,42.0
P2,frac_Tumour,random,0.2742636407532593,43.0
P2,frac_Immune,random,-0.24577498792853697,43.0
P2,score_Estrogen_response,random,0.06471015768775573,43.0
P2,score_Proliferation,random,0.0024528666562333096,43.0
P2,score_T_cell_activity,random,-0.00231572018584388,43.0
P2,score_Myeloid_inflammation,random,-0.014149048789327975,43.0
P2,tumour_immune_contact,random,-0.4939642684693385,43.0
P2,frac_Tumour,random,0.2675036214389184,44.0
P2,frac_Immune,random,-0.24625784645098986,44.0
P2,score_Estrogen_response,random,0.07721255072790156,44.0
P2,score_Proliferation,random,-0.0016526610629355805,44.0
P2,score_T_cell_activity,random,0.0007922007469028701,44.0
P2,score_Myeloid_inflammation,random,-0.01226065548023636,44.0
P2,tumour_immune_contact,random,-0.4992757122163206,44.0
P2,frac_Tumour,random,0.2737807822308064,45.0
P2,frac_Immune,random,-0.24818928054080155,45.0
P2,score_Estrogen_response,random,0.07920727478400186,45.0
P2,score_Proliferation,random,1.4925867365630976e-05,45.0
P2,score_T_cell_activity,random,-0.0026946334085799976,45.0
P2,score_Myeloid_inflammation,random,-0.01923025783964355,45.0
P2,tumour_immune_contact,random,-0.49010140028971516,45.0
P2,frac_Tumour,random,0.26846933848382426,46.0
P2,frac_Immune,random,-0.2443264123611782,46.0
P2,score_Estrogen_response,random,0.07007569994431734,46.0
P2,score_Proliferation,random,-0.002729960924783677,46.0
P2,score_T_cell_activity,random,4.3427848609990834e-05,46.0
P2,score_Myeloid_inflammation,random,-0.01994166533996493,46.0
P2,tumour_immune_contact,random,-0.5021728633510382,46.0
P2,frac_Tumour,random,0.28150651859005316,47.0
P2,frac_Immune,random,-0.24915499758570742,47.0
P2,score_Estrogen_response,random,0.07956135198381842,47.0
P2,score_Proliferation,random,0.0036742756841547397,47.0
P2,score_T_cell_activity,random,-0.0015887594087395291,47.0
P2,score_Myeloid_inflammation,random,-0.017686117334004686,47.0
P2,tumour_immune_contact,random,-0.5089328826653791,47.0
P2,frac_Tumour,random,0.2737807822308064,48.0
P2,frac_Immune,random,-0.2510864316755191,48.0
P2,score_Estrogen_response,random,0.08028848688826096,48.0
P2,score_Proliferation,random,-0.00030442489099765995,48.0
P2,score_T_cell_activity,random,-0.005430874020300271,48.0
P2,score_Myeloid_inflammation,random,-0.02610832538945937,48.0
P2,tumour_immune_contact,random,-0.5012071463061323,48.0
P2,frac_Tumour,random,0.2810236600676002,49.0
P2,frac_Immune,random,-0.24722356349589572,49.0
P2,score_Estrogen_response,random,0.07837029112633004,49.0
P2,score_Proliferation,random,-0.00016848137099952955,49.0
P2,score_T_cell_activity,random,-0.0016512669081224472,49.0
P2,score_Myeloid_inflammation,random,-0.023628585204008914,49.0
P2,tumour_immune_contact,random,-0.5002414292612265,49.0
P2,frac_Tumour,random,0.2675036214389184,50.0
P2,frac_Immune,random,-0.2520521487204249,50.0
P2,score_Estrogen_response,random,0.06645076507147202,50.0
P2,score_Proliferation,random,-0.00021400307609986333,50.0
P2,score_T_cell_activity,random,0.0014150655404866251,50.0
P2,score_Myeloid_inflammation,random,-0.018048297040107422,50.0
P2,tumour_immune_contact,random,-0.5074843070980203,50.0
P2,frac_Tumour,random,0.29116368903911155,51.0
P2,frac_Immune,random,-0.25446644133268953,51.0
P2,score_Estrogen_response,random,0.09099334382684221,51.0
P2,score_Proliferation,random,0.003762521537948432,51.0
P2,score_T_cell_activity,random,-0.0028743933999542753,51.0
P2,score_Myeloid_inflammation,random,-0.02662098856591319,51.0
P2,tumour_immune_contact,random,-0.5118300338000966,51.0
P2,frac_Tumour,random,0.2694350555287301,52.0
P2,frac_Immune,random,-0.24529212940608403,52.0
P2,score_Estrogen_response,random,0.07304329512993957,52.0
P2,score_Proliferation,random,-0.0008322268133158319,52.0
P2,score_T_cell_activity,random,-0.0010404557643974455,52.0
P2,score_Myeloid_inflammation,random,-0.025061328909911376,52.0
P2,tumour_immune_contact,random,-0.49734427812650894,52.0
P2,frac_Tumour,random,0.2771607918879768,53.0
P2,frac_Immune,random,-0.24529212940608403,53.0
P2,score_Estrogen_response,random,0.0720353398334429,53.0
P2,score_Proliferation,random,-0.001005641693183334,53.0
P2,score_T_cell_activity,random,0.0015970625031013113,53.0
P2,score_Myeloid_inflammation,random,-0.014096941866145268,53.0
P2,tumour_immune_contact,random,-0.4872042491549976,53.0
P2,frac_Tumour,random,0.2834379526798648,54.0
P2,frac_Immune,random,-0.2423949782713665,54.0
P2,score_Estrogen_response,random,0.08354428710626971,54.0
P2,score_Proliferation,random,-0.0006959869622402376,54.0
P2,score_T_cell_activity,random,-0.0010243185317313432,54.0
P2,score_Myeloid_inflammation,random,-0.026121425627839798,54.0
P2,tumour_immune_contact,random,-0.49299855142443266,54.0
P2,frac_Tumour,random,0.2757122163206181,55.0
P2,frac_Immune,random,-0.2467407049734428,55.0
P2,score_Estrogen_response,random,0.07683404367754926,55.0
P2,score_Proliferation,random,0.0019106433361384934,55.0
P2,score_T_cell_activity,random,-0.0020287511188537733,55.0
P2,score_Myeloid_inflammation,random,-0.029452333896060515,55.0
P2,tumour_immune_contact,random,-0.4954128440366973,55.0
P2,frac_Tumour,random,0.2732979237083535,56.0
P2,frac_Immune,random,-0.2520521487204249,56.0
P2,score_Estrogen_response,random,0.06477201860261,56.0
P2,score_Proliferation,random,0.004788627198494878,56.0
P2,score_T_cell_activity,random,-0.0033473722837853623,56.0
P2,score_Myeloid_inflammation,random,-0.0025105904174940186,56.0
P2,tumour_immune_contact,random,-0.5074843070980203,56.0
P2,frac_Tumour,random,0.2757122163206181,57.0
P2,frac_Immune,random,-0.24963785610816033,57.0
P2,score_Estrogen_response,random,0.059901353311921646,57.0
P2,score_Proliferation,random,0.0025095667206006316,57.0
P2,score_T_cell_activity,random,-0.0016722181238056806,57.0
P2,score_Myeloid_inflammation,random,-0.008552025474580713,57.0
P2,tumour_immune_contact,random,-0.5045871559633027,57.0
P2,frac_Tumour,random,0.27957508450024143,58.0
P2,frac_Immune,random,-0.2448092708836311,58.0
P2,score_Estrogen_response,random,0.08574633015823918,58.0
P2,score_Proliferation,random,-0.0024097922091076006,58.0
P2,score_T_cell_activity,random,-0.0017737410045704782,58.0
P2,score_Myeloid_inflammation,random,-0.022518821883981674,58.0
P2,tumour_immune_contact,random,-0.49734427812650894,58.0
P2,frac_Tumour,random,0.26846933848382426,59.0
P2,frac_Immune,random,-0.24336069531627236,59.0
P2,score_Estrogen_response,random,0.06037079910160509,59.0
P2,score_Proliferation,random,-0.0018560855134091303,59.0
P2,score_T_cell_activity,random,-0.0014000090971967082,59.0
P2,score_Myeloid_inflammation,random,-0.0178613931423183,59.0
P2,tumour_immune_contact,random,-0.4978271366489619,59.0
P2,frac_Tumour,random,0.2863351038145823,60.0
P2,frac_Immune,random,-0.25398358281023664,60.0
P2,score_Estrogen_response,random,0.07433542094518192,60.0
P2,score_Proliferation,random,0.001975788028053988,60.0
P2,score_T_cell_activity,random,-0.0022183406687452958,60.0
P2,score_Myeloid_inflammation,random,-0.015733910615515823,60.0
P2,tumour_immune_contact,random,-0.509415741187832,60.0
P2,frac_Tumour,random,0.2694350555287301,61.0
P2,frac_Immune,random,-0.24867213906325447,61.0
P2,score_Estrogen_response,random,0.06791544805600258,61.0
P2,score_Proliferation,random,0.0005388003785287226,61.0
P2,score_T_cell_activity,random,0.00014877411869183973,61.0
P2,score_Myeloid_inflammation,random,-0.006518053968300672,61.0
P2,tumour_immune_contact,random,-0.5045871559633027,61.0
P2,frac_Tumour,random,0.276195074843071,62.0
P2,frac_Immune,random,-0.2428778367938194,62.0
P2,score_Estrogen_response,random,0.07765955344095787,62.0
P2,score_Proliferation,random,-0.001514282277932539,62.0
P2,score_T_cell_activity,random,-0.0027047026506417456,62.0
P2,score_Myeloid_inflammation,random,-0.002615665408019094,62.0
P2,tumour_immune_contact,random,-0.49589570255915016,62.0
P2,frac_Tumour,random,0.2718493481409947,63.0
P2,frac_Immune,random,-0.24818928054080155,63.0
P2,score_Estrogen_response,random,0.06779576672198478,63.0
P2,score_Proliferation,random,0.004806993503773838,63.0
P2,score_T_cell_activity,random,9.55453025048474e-06,63.0
P2,score_Myeloid_inflammation,random,-0.022042405683599428,63.0
P2,tumour_immune_contact,random,-0.49975857073877356,63.0
P2,frac_Tumour,random,0.27522935779816515,64.0
P2,frac_Immune,random,-0.24529212940608403,64.0
P2,score_Estrogen_response,random,0.07135371355592274,64.0
P2,score_Proliferation,random,0.0002666452055077712,64.0
P2,score_T_cell_activity,random,-0.004079987128942741,64.0
P2,score_Myeloid_inflammation,random,-0.031010832485816375,64.0
P2,tumour_immune_contact,random,-0.4983099951714148,64.0
P2,frac_Tumour,random,0.2732979237083535,65.0
P2,frac_Immune,random,-0.2535007242877837,65.0
P2,score_Estrogen_response,random,0.0725501660060936,65.0
P2,score_Proliferation,random,0.00438384324865133,65.0
P2,score_T_cell_activity,random,-0.004630211881582249,65.0
P2,score_Myeloid_inflammation,random,-0.01579631993058539,65.0
P2,tumour_immune_contact,random,-0.5103814582327378,65.0
P2,frac_Tumour,random,0.27909222597778854,66.0
P2,frac_Immune,random,-0.25012071463061325,66.0
P2,score_Estrogen_response,random,0.06573349049894622,66.0
P2,score_Proliferation,random,0.0032529613446113832,66.0
P2,score_T_cell_activity,random,0.0008898471604192391,66.0
P2,score_Myeloid_inflammation,random,-0.007256037571220189,66.0
P2,tumour_immune_contact,random,-0.5070014485755674,66.0
P2,frac_Tumour,random,0.276195074843071,67.0
P2,frac_Immune,random,-0.24625784645098986,67.0
P2,score_Estrogen_response,random,0.06862602626211067,67.0
P2,score_Proliferation,random,0.002303915500078203,67.0
P2,score_T_cell_activity,random,-0.001673515883178436,67.0
P2,score_Myeloid_inflammation,random,-0.010620065135929044,67.0
P2,tumour_immune_contact,random,-0.4992757122163206,67.0
P2,frac_Tumour,random,0.27909222597778854,68.0
P2,frac_Immune,random,-0.24384355383872527,68.0
P2,score_Estrogen_response,random,0.07281769164343338,68.0
P2,score_Proliferation,random,0.0020133123385293137,68.0
P2,score_T_cell_activity,random,-0.0015377794993845216,68.0
P2,score_Myeloid_inflammation,random,-0.022774856962899673,68.0
P2,tumour_immune_contact,random,-0.49203283437952683,68.0
P2,frac_Tumour,random,0.27233220666344765,69.0
P2,frac_Immune,random,-0.24625784645098986,69.0
P2,score_Estrogen_response,random,0.07084822748679881,69.0
P2,score_Proliferation,random,0.0026217201663367305,69.0
P2,score_T_cell_activity,random,-0.0018410127150870928,69.0
P2,score_Myeloid_inflammation,random,-0.006725185635539893,69.0
P2,tumour_immune_contact,random,-0.49058425881216805,69.0
P2,frac_Tumour,random,0.28150651859005316,70.0
P2,frac_Immune,random,-0.2510864316755191,70.0
P2,score_Estrogen_response,random,0.07390105695699462,70.0
P2,score_Proliferation,random,0.0007616807199279426,70.0
P2,score_T_cell_activity,random,-0.0014352798521995041,70.0
P2,score_Myeloid_inflammation,random,-0.02464229594929039,70.0
P2,tumour_immune_contact,random,-0.5055528730082086,70.0
P2,frac_Tumour,random,0.2670207629164655,71.0
P2,frac_Immune,random,-0.24577498792853697,71.0
P2,score_Estrogen_response,random,0.06703656593566659,71.0
P2,score_Proliferation,random,0.0018820131644076484,71.0
P2,score_T_cell_activity,random,-0.0002511528280672885,71.0
P2,score_Myeloid_inflammation,random,-0.01360837260928656,71.0
P2,tumour_immune_contact,random,-0.4987928536938677,71.0
P2,frac_Tumour,random,0.27667793336552393,72.0
P2,frac_Immune,random,-0.2467407049734428,72.0
P2,score_Estrogen_response,random,0.07579017148883904,72.0
P2,score_Proliferation,random,0.005474642401185847,72.0
P2,score_T_cell_activity,random,-0.000618447974535429,72.0
P2,score_Myeloid_inflammation,random,-0.018899098018239177,72.0
P2,tumour_immune_contact,random,-0.5007242877836794,72.0
P2,frac_Tumour,random,0.27667793336552393,73.0
P2,frac_Immune,random,-0.2588121680347658,73.0
P2,score_Estrogen_response,random,0.08099660529241609,73.0
P2,score_Proliferation,random,0.004270163360216003,73.0
P2,score_T_cell_activity,random,-0.0020076825165378782,73.0
P2,score_Myeloid_inflammation,random,-0.031026711701464205,73.0
P2,tumour_immune_contact,random,-0.5147271849348141,73.0
P2,frac_Tumour,random,0.2810236600676002,74.0
P2,frac_Immune,random,-0.24867213906325447,74.0
P2,score_Estrogen_response,random,0.0788703805772451,74.0
P2,score_Proliferation,random,0.0029253883799027396,74.0
P2,score_T_cell_activity,random,-0.0014698239298988223,74.0
P2,score_Myeloid_inflammation,random,-0.015331522624410593,74.0
P2,tumour_immune_contact,random,-0.49975857073877356,74.0
P2,frac_Tumour,random,0.2829550941574119,75.0
P2,frac_Immune,random,-0.2510864316755191,75.0
P2,score_Estrogen_response,random,0.07807044043411748,75.0
P2,score_Proliferation,random,0.00264364589549398,75.0
P2,score_T_cell_activity,random,-0.0020810057799392195,75.0
P2,score_Myeloid_inflammation,random,-0.02009390814289934,75.0
P2,tumour_immune_contact,random,-0.5041042974408498,75.0
P2,frac_Tumour,random,0.2679864799613713,76.0
P2,frac_Immune,random,-0.24867213906325447,76.0
P2,score_Estrogen_response,random,0.06488836875650011,76.0
P2,score_Proliferation,random,0.0025259886506457372,76.0
P2,score_T_cell_activity,random,0.0012382796371128452,76.0
P2,score_Myeloid_inflammation,random,-0.017905452064058844,76.0
P2,tumour_immune_contact,random,-0.5070014485755674,76.0
P2,frac_Tumour,random,0.2713664896185418,77.0
P2,frac_Immune,random,-0.25688073394495414,77.0
P2,score_Estrogen_response,random,0.07292088787333234,77.0
P2,score_Proliferation,random,-0.001237875761421012,77.0
P2,score_T_cell_activity,random,-0.0002648139380827816,77.0
P2,score_Myeloid_inflammation,random,-0.018379522136430265,77.0
P2,tumour_immune_contact,random,-0.5127957508450024,77.0
P2,frac_Tumour,random,0.2757122163206181,78.0
P2,frac_Immune,random,-0.24722356349589572,78.0
P2,score_Estrogen_response,random,0.06374582958735187,78.0
P2,score_Proliferation,random,0.0024370506737032794,78.0
P2,score_T_cell_activity,random,-0.002833695770387017,78.0
P2,score_Myeloid_inflammation,random,-0.019255298393708056,78.0
P2,tumour_immune_contact,random,-0.5007242877836794,78.0
P2,frac_Tumour,random,0.29116368903911155,79.0
P2,frac_Immune,random,-0.2535007242877837,79.0
P2,score_Estrogen_response,random,0.0836821842377945,79.0
P2,score_Proliferation,random,-0.001518791813816736,79.0
P2,score_T_cell_activity,random,0.0001487076698259678,79.0
P2,score_Myeloid_inflammation,random,-0.020387878142332727,79.0
P2,tumour_immune_contact,random,-0.5050700144857557,79.0
P2,frac_Tumour,random,0.26846933848382426,80.0
P2,frac_Immune,random,-0.24094640270400774,80.0
P2,score_Estrogen_response,random,0.05335504639573241,80.0
P2,score_Proliferation,random,-0.002447605161785931,80.0
P2,score_T_cell_activity,random,0.0009855980119222352,80.0
P2,score_Myeloid_inflammation,random,-0.011030940258155653,80.0
P2,tumour_immune_contact,random,-0.49203283437952683,80.0
P2,frac_Tumour,random,0.28198937711250605,81.0
P2,frac_Immune,random,-0.24770642201834864,81.0
P2,score_Estrogen_response,random,0.08918342283402664,81.0
P2,score_Proliferation,random,0.004118532554026038,81.0
P2,score_T_cell_activity,random,0.00022807876520118979,81.0
P2,score_Myeloid_inflammation,random,-0.014590525773780283,81.0
P2,tumour_immune_contact,random,-0.49444712699179144,81.0
P2,frac_Tumour,random,0.28392081120231777,82.0
P2,frac_Immune,random,-0.2510864316755191,82.0
P2,score_Estrogen_response,random,0.088286088248473,82.0
P2,score_Proliferation,random,7.109775913666629e-05,82.0
P2,score_T_cell_activity,random,-0.000974901313794259,82.0
P2,score_Myeloid_inflammation,random,-0.030231470159585147,82.0
P2,tumour_immune_contact,random,-0.5074843070980203,82.0
P2,frac_Tumour,random,0.2694350555287301,83.0
P2,frac_Immune,random,-0.24818928054080155,83.0
P2,score_Estrogen_response,random,0.06521230604312156,83.0
P2,score_Proliferation,random,-0.0035566758531452966,83.0
P2,score_T_cell_activity,random,0.0004918549702987453,83.0
P2,score_Myeloid_inflammation,random,-0.019865254987333505,83.0
P2,tumour_immune_contact,random,-0.5012071463061323,83.0
P2,frac_Tumour,random,0.2718493481409947,84.0
P2,frac_Immune,random,-0.24529212940608403,84.0
P2,score_Estrogen_response,random,0.06348190687537092,84.0
P2,score_Proliferation,random,0.00013312544721144756,84.0
P2,score_T_cell_activity,random,0.00029865604965938555,84.0
P2,score_Myeloid_inflammation,random,-0.017368141458317984,84.0
P2,tumour_immune_contact,random,-0.49686141960405605,84.0
P2,frac_Tumour,random,0.2708836310960889,85.0
P2,frac_Immune,random,-0.24963785610816033,85.0
P2,score_Estrogen_response,random,0.06347588415713734,85.0
P2,score_Proliferation,random,-0.0012238222809650887,85.0
P2,score_T_cell_activity,random,-0.0018475120750106083,85.0
P2,score_Myeloid_inflammation,random,-0.015816614948591184,85.0
P2,tumour_immune_contact,random,-0.5045871559633027,85.0
P2,frac_Tumour,random,0.2771607918879768,86.0
P2,frac_Immune,random,-0.2467407049734428,86.0
P2,score_Estrogen_response,random,0.0627079731305259,86.0
P2,score_Proliferation,random,0.004983424752699792,86.0
P2,score_T_cell_activity,random,-0.0018390209082555673,86.0
P2,score_Myeloid_inflammation,random,-0.009982540627187661,86.0
P2,tumour_immune_contact,random,-0.5026557218734911,86.0
P2,frac_Tumour,random,0.2650893288266538,87.0
P2,frac_Immune,random,-0.24722356349589572,87.0
P2,score_Estrogen_response,random,0.072033063950529,87.0
P2,score_Proliferation,random,-0.0008486532535896293,87.0
P2,score_T_cell_activity,random,-0.001620861137988401,87.0
P2,score_Myeloid_inflammation,random,-0.015001696771813483,87.0
P2,tumour_immune_contact,random,-0.509415741187832,87.0
P2,frac_Tumour,random,0.2708836310960889,88.0
P2,frac_Immune,random,-0.24770642201834864,88.0
P2,score_Estrogen_response,random,0.059012591364834555,88.0
P2,score_Proliferation,random,0.0010013108161894247,88.0
P2,score_T_cell_activity,random,-0.0034306805577258292,88.0
P2,score_Myeloid_inflammation,random,-0.021713000287601994,88.0
P2,tumour_immune_contact,random,-0.5084500241429262,88.0
P2,frac_Tumour,random,0.2713664896185418,89.0
P2,frac_Immune,random,-0.24384355383872527,89.0
P2,score_Estrogen_response,random,0.0817846727305166,89.0
P2,score_Proliferation,random,0.003182507613434621,89.0
P2,score_T_cell_activity,random,-0.0006444053088705869,89.0
P2,score_Myeloid_inflammation,random,-0.023663568024702084,89.0
P2,tumour_immune_contact,random,-0.49734427812650894,89.0
P2,frac_Tumour,random,0.27474649927571226,90.0
P2,frac_Immune,random,-0.24915499758570742,90.0
P2,score_Estrogen_response,random,0.08796539401992243,90.0
P2,score_Proliferation,random,0.0014446962634679164,90.0
P2,score_T_cell_activity,random,-0.0021608905266727813,90.0
P2,score_Myeloid_inflammation,random,-0.029136861302798855,90.0
P2,tumour_immune_contact,random,-0.4978271366489619,90.0
P2,frac_Tumour,random,0.27474649927571226,91.0
P2,frac_Immune,random,-0.2448092708836311,91.0
P2,score_Estrogen_response,random,0.08300291635360146,91.0
P2,score_Proliferation,random,0.0038592068926576748,91.0
P2,score_T_cell_activity,random,-0.0009020988545772473,91.0
P2,score_Myeloid_inflammation,random,-0.025132854265621868,91.0
P2,tumour_immune_contact,random,-0.49492998551424433,91.0
P2,frac_Tumour,random,0.2737807822308064,92.0
P2,frac_Immune,random,-0.24722356349589572,92.0
P2,score_Estrogen_response,random,0.058797483940118356,92.0
P2,score_Proliferation,random,0.00021360456014233318,92.0
P2,score_T_cell_activity,random,-0.004867674222245236,92.0
P2,score_Myeloid_inflammation,random,-0.017796385490579922,92.0
P2,tumour_immune_contact,random,-0.5055528730082086,92.0
P2,frac_Tumour,random,0.2737807822308064,93.0
P2,frac_Immune,random,-0.24915499758570742,93.0
P2,score_Estrogen_response,random,0.07126943791535739,93.0
P2,score_Proliferation,random,0.0005002506130902997,93.0
P2,score_T_cell_activity,random,-0.0008895127274638303,93.0
P2,score_Myeloid_inflammation,random,-0.02193339059167089,93.0
P2,tumour_immune_contact,random,-0.49734427812650894,93.0
P2,frac_Tumour,random,0.27281506518590054,94.0
P2,frac_Immune,random,-0.2443264123611782,94.0
P2,score_Estrogen_response,random,0.07535589893809114,94.0
P2,score_Proliferation,random,-0.0005272853738138663,94.0
P2,score_T_cell_activity,random,-0.0034375840842643755,94.0
P2,score_Myeloid_inflammation,random,-0.022637635664952915,94.0
P2,tumour_immune_contact,random,-0.4934814099468856,94.0
P2,frac_Tumour,random,0.2800579430226944,95.0
P2,frac_Immune,random,-0.25639787542250125,95.0
P2,score_Estrogen_response,random,0.07982055314480263,95.0
P2,score_Proliferation,random,0.0022876916955653368,95.0
P2,score_T_cell_activity,random,-0.0036098202601683414,95.0
P2,score_Myeloid_inflammation,random,-0.02352782636684206,95.0
P2,tumour_immune_contact,random,-0.51569290197972,95.0
P2,frac_Tumour,random,0.2694350555287301,96.0
P2,frac_Immune,random,-0.24770642201834864,96.0
P2,score_Estrogen_response,random,0.07255836981570946,96.0
P2,score_Proliferation,random,0.0065454518158132025,96.0
P2,score_T_cell_activity,random,-0.0018711268199411617,96.0
P2,score_Myeloid_inflammation,random,-0.011579736412491104,96.0
P2,tumour_immune_contact,random,-0.503621438918397,96.0
P2,frac_Tumour,random,0.2873008208594882,97.0
P2,frac_Immune,random,-0.24963785610816033,97.0
P2,score_Estrogen_response,random,0.08071281217957471,97.0
P2,score_Proliferation,random,0.0038556466473040076,97.0
P2,score_T_cell_activity,random,-0.0016247470852246272,97.0
P2,score_Myeloid_inflammation,random,-0.02215366956762302,97.0
P2,tumour_immune_contact,random,-0.5108643167551907,97.0
P2,frac_Tumour,random,0.2559150169000483,98.0
P2,frac_Immune,random,-0.2423949782713665,98.0
P2,score_Estrogen_response,random,0.05294261006012985,98.0
P2,score_Proliferation,random,0.0049790348174063295,98.0
P2,score_T_cell_activity,random,0.0013479964022984742,98.0
P2,score_Myeloid_inflammation,random,-0.007073369192124854,98.0
P2,tumour_immune_contact,random,-0.49299855142443266,98.0
P2,frac_Tumour,random,0.2583293095123129,99.0
P2,frac_Immune,random,-0.2467407049734428,99.0
P2,score_Estrogen_response,random,0.05089032254377074,99.0
P2,score_Proliferation,random,0.0025040587501035214,99.0
P2,score_T_cell_activity,random,-0.0012087309301241523,99.0
P2,score_Myeloid_inflammation,random,-0.011822510756226201,99.0
P2,tumour_immune_contact,random,-0.5007242877836794,99.0
P2,frac_Tumour,random,0.2781265089328827,100.0
P2,frac_Immune,random,-0.25060357315306614,100.0
P2,score_Estrogen_response,random,0.0781259189582949,100.0
P2,score_Proliferation,random,0.0047061447316828296,100.0
P2,score_T_cell_activity,random,-0.0017187951489332303,100.0
P2,score_Myeloid_inflammation,random,-0.012183264512827821,100.0
P2,tumour_immune_contact,random,-0.5089328826653791,100.0
P2,frac_Tumour,random,0.2679864799613713,101.0
P2,frac_Immune,random,-0.2467407049734428,101.0
P2,score_Estrogen_response,random,0.08852053211673294,101.0
P2,score_Proliferation,random,0.003136210791267535,101.0
P2,score_T_cell_activity,random,-0.002364623447194656,101.0
P2,score_Myeloid_inflammation,random,-0.019986166213912845,101.0
P2,tumour_immune_contact,random,-0.49686141960405605,101.0
P2,frac_Tumour,random,0.2670207629164655,102.0
P2,frac_Immune,random,-0.2448092708836311,102.0
P2,score_Estrogen_response,random,0.07436970148526623,102.0
P2,score_Proliferation,random,-0.0025602800458007758,102.0
P2,score_T_cell_activity,random,0.0015885405487676418,102.0
P2,score_Myeloid_inflammation,random,-0.021393473694081136,102.0
P2,tumour_immune_contact,random,-0.49492998551424433,102.0
P2,frac_Tumour,random,0.28198937711250605,103.0
P2,frac_Immune,random,-0.2467407049734428,103.0
P2,score_Estrogen_response,random,0.09147411899096675,103.0
P2,score_Proliferation,random,-0.0001726427410821468,103.0
P2,score_T_cell_activity,random,-0.001293289227455966,103.0
P2,score_Myeloid_inflammation,random,-0.026246972111181405,103.0
P2,tumour_immune_contact,random,-0.4867213906325447,103.0
P2,frac_Tumour,random,0.28198937711250605,104.0
P2,frac_Immune,random,-0.24529212940608403,104.0
P2,score_Estrogen_response,random,0.08423137242642381,104.0
P2,score_Proliferation,random,0.005098078114439487,104.0
P2,score_T_cell_activity,random,-0.0015872134732012886,104.0
P2,score_Myeloid_inflammation,random,-0.018735191878352347,104.0
P2,tumour_immune_contact,random,-0.48623853211009177,104.0
P2,frac_Tumour,random,0.26846933848382426,105.0
P2,frac_Immune,random,-0.2510864316755191,105.0
P2,score_Estrogen_response,random,0.06865538681881678,105.0
P2,score_Proliferation,random,-0.0005547129174490921,105.0
P2,score_T_cell_activity,random,-0.0029874418265561403,105.0
P2,score_Myeloid_inflammation,random,-0.020827372918797007,105.0
P2,tumour_immune_contact,random,-0.5031385803959441,105.0
P2,frac_Tumour,random,0.28440366972477066,106.0
P2,frac_Immune,random,-0.25060357315306614,106.0
P2,score_Estrogen_response,random,0.08115305659810984,106.0
P2,score_Proliferation,random,0.0042168575651856085,106.0
P2,score_T_cell_activity,random,0.0035425766392156955,106.0
P2,score_Myeloid_inflammation,random,-0.02820199253915938,106.0
P2,tumour_immune_contact,random,-0.503621438918397,106.0
P2,frac_Tumour,random,0.2834379526798648,107.0
P2,frac_Immune,random,-0.25301786576533075,107.0
P2,score_Estrogen_response,random,0.07823417951698369,107.0
P2,score_Proliferation,random,0.0031546396689710984,107.0
P2,score_T_cell_activity,random,-0.0004626936520953878,107.0
P2,score_Myeloid_inflammation,random,-0.022357122128042306,107.0
P2,tumour_immune_contact,random,-0.5161757605021728,107.0
P2,frac_Tumour,random,0.2708836310960889,108.0
P2,frac_Immune,random,-0.2467407049734428,108.0
P2,score_Estrogen_response,random,0.0635017624601169,108.0
P2,score_Proliferation,random,-0.0012857079869194135,108.0
P2,score_T_cell_activity,random,-0.0013871407367466795,108.0
P2,score_Myeloid_inflammation,random,-0.01873372000426117,108.0
P2,tumour_immune_contact,random,-0.5026557218734911,108.0
P2,frac_Tumour,random,0.2781265089328827,109.0
P2,frac_Immune,random,-0.24577498792853697,109.0
P2,score_Estrogen_response,random,0.06300737236345944,109.0
P2,score_Proliferation,random,0.0009574498172559764,109.0
P2,score_T_cell_activity,random,0.001913839382706786,109.0
P2,score_Myeloid_inflammation,random,-0.02683945577868413,109.0
P2,tumour_immune_contact,random,-0.4992757122163206,109.0
P2,frac_Tumour,random,0.28392081120231777,110.0
P2,frac_Immune,random,-0.24770642201834864,110.0
P2,score_Estrogen_response,random,0.07747735530125077,110.0
P2,score_Proliferation,random,-0.00016261351055451342,110.0
P2,score_T_cell_activity,random,0.0016907780894727274,110.0
P2,score_Myeloid_inflammation,random,-0.027655988335732767,110.0
P2,tumour_immune_contact,random,-0.5045871559633027,110.0
P2,frac_Tumour,random,0.2732979237083535,111.0
P2,frac_Immune,random,-0.24770642201834864,111.0
P2,score_Estrogen_response,random,0.06572071680510078,111.0
P2,score_Proliferation,random,0.003405843521125276,111.0
P2,score_T_cell_activity,random,0.0004603014926502754,111.0
P2,score_Myeloid_inflammation,random,-0.018305292893491046,111.0
P2,tumour_immune_contact,random,-0.49686141960405605,111.0
P2,frac_Tumour,random,0.3056494447126992,112.0
P2,frac_Immune,random,-0.24915499758570742,112.0
P2,score_Estrogen_response,random,0.10441503427042775,112.0
P2,score_Proliferation,random,-0.003062607886370365,112.0
P2,score_T_cell_activity,random,-0.0023967009266684285,112.0
P2,score_Myeloid_inflammation,random,-0.03283067250075797,112.0
P2,tumour_immune_contact,random,-0.5016900048285853,112.0
P2,frac_Tumour,random,0.27233220666344765,113.0
P2,frac_Immune,random,-0.24963785610816033,113.0
P2,score_Estrogen_response,random,0.0593076670747027,113.0
P2,score_Proliferation,random,-0.0011359587691807094,113.0
P2,score_T_cell_activity,random,0.0005588347897035233,113.0
P2,score_Myeloid_inflammation,random,-0.02466817361718472,113.0
P2,tumour_immune_contact,random,-0.5079671656204732,113.0
P2,frac_Tumour,random,0.27667793336552393,114.0
P2,frac_Immune,random,-0.24867213906325447,114.0
P2,score_Estrogen_response,random,0.07262055562883413,114.0
P2,score_Proliferation,random,0.0017792475942034762,114.0
P2,score_T_cell_activity,random,-0.0014366519731873685,114.0
P2,score_Myeloid_inflammation,random,-0.01818737277898881,114.0
P2,tumour_immune_contact,random,-0.49734427812650894,114.0
P2,frac_Tumour,random,0.276195074843071,115.0
P2,frac_Immune,random,-0.24577498792853697,115.0
P2,score_Estrogen_response,random,0.07615952265488546,115.0
P2,score_Proliferation,random,0.0015097335236186268,115.0
P2,score_T_cell_activity,random,-0.004555329738467066,115.0
P2,score_Myeloid_inflammation,random,-0.020412329359395104,115.0
P2,tumour_immune_contact,random,-0.4983099951714148,115.0
P2,frac_Tumour,random,0.282472235634959,116.0
P2,frac_Immune,random,-0.2448092708836311,116.0
P2,score_Estrogen_response,random,0.08720170912609942,116.0
P2,score_Proliferation,random,0.007084076785179275,116.0
P2,score_T_cell_activity,random,0.0008306166388700972,116.0
P2,score_Myeloid_inflammation,random,-0.019873620585281748,116.0
P2,tumour_immune_contact,random,-0.4963785610816031,116.0
P2,frac_Tumour,random,0.2829550941574119,117.0
P2,frac_Immune,random,-0.24915499758570742,117.0
P2,score_Estrogen_response,random,0.06934847044419529,117.0
P2,score_Proliferation,random,0.0015162924019218335,117.0
P2,score_T_cell_activity,random,-0.001700003395811452,117.0
P2,score_Myeloid_inflammation,random,-0.01922388535101116,117.0
P2,tumour_immune_contact,random,-0.49589570255915016,117.0
P2,frac_Tumour,random,0.28681796233703527,118.0
P2,frac_Immune,random,-0.2428778367938194,118.0
P2,score_Estrogen_response,random,0.08374461850313863,118.0
P2,score_Proliferation,random,0.0008248401438131691,118.0
P2,score_T_cell_activity,random,-1.2241068185008495e-06,118.0
P2,score_Myeloid_inflammation,random,-0.023451210168430325,118.0
P2,tumour_immune_contact,random,-0.49975857073877356,118.0
P2,frac_Tumour,random,0.2805408015451473,119.0
P2,frac_Immune,random,-0.24529212940608403,119.0
P2,score_Estrogen_response,random,0.0737497553170477,119.0
P2,score_Proliferation,random,0.005399572617123033,119.0
P2,score_T_cell_activity,random,-0.0003362569887076787,119.0
P2,score_Myeloid_inflammation,random,-0.019760069672011174,119.0
P2,tumour_immune_contact,random,-0.4963785610816031,119.0
P2,frac_Tumour,random,0.2781265089328827,120.0
P2,frac_Immune,random,-0.24577498792853697,120.0
P2,score_Estrogen_response,random,0.08422109203170847,120.0
P2,score_Proliferation,random,0.005183614286782271,120.0
P2,score_T_cell_activity,random,0.0002803592991730574,120.0
P2,score_Myeloid_inflammation,random,-0.026020989893924026,120.0
P2,tumour_immune_contact,random,-0.49734427812650894,120.0
P2,frac_Tumour,random,0.27764365041042977,121.0
P2,frac_Immune,random,-0.2467407049734428,121.0
P2,score_Estrogen_response,random,0.07867967454422115,121.0
P2,score_Proliferation,random,-0.002079108390130519,121.0
P2,score_T_cell_activity,random,0.0007756820139260111,121.0
P2,score_Myeloid_inflammation,random,-0.01465764074139611,121.0
P2,tumour_immune_contact,random,-0.503621438918397,121.0
P2,frac_Tumour,random,0.2742636407532593,122.0
P2,frac_Immune,random,-0.24867213906325447,122.0
P2,score_Estrogen_response,random,0.06843185164586252,122.0
P2,score_Proliferation,random,0.003993626241552618,122.0
P2,score_T_cell_activity,random,-0.0025281977541284474,122.0
P2,score_Myeloid_inflammation,random,-0.02041830550250777,122.0
P2,tumour_immune_contact,random,-0.5055528730082086,122.0
P2,frac_Tumour,random,0.2670207629164655,123.0
P2,frac_Immune,random,-0.24336069531627236,123.0
P2,score_Estrogen_response,random,0.06405572128939158,123.0
P2,score_Proliferation,random,-0.0004016763775495126,123.0
P2,score_T_cell_activity,random,-0.0016154506976898894,123.0
P2,score_Myeloid_inflammation,random,-0.017813771485717694,123.0
P2,tumour_immune_contact,random,-0.4925156929019797,123.0
P2,frac_Tumour,random,0.28150651859005316,124.0
P2,frac_Immune,random,-0.24625784645098986,124.0
P2,score_Estrogen_response,random,0.07567519379708298,124.0
P2,score_Proliferation,random,-0.003081283093713806,124.0
P2,score_T_cell_activity,random,-0.0019976311255156115,124.0
P2,score_Myeloid_inflammation,random,-0.029798790943334513,124.0
P2,tumour_immune_contact,random,-0.4992757122163206,124.0
P2,frac_Tumour,random,0.276195074843071,125.0
P2,frac_Immune,random,-0.25060357315306614,125.0
P2,score_Estrogen_response,random,0.06793557216298302,125.0
P2,score_Proliferation,random,0.00021715990058920106,125.0
P2,score_T_cell_activity,random,-0.0027762498378049996,125.0
P2,score_Myeloid_inflammation,random,-0.014710627562129555,125.0
P2,tumour_immune_contact,random,-0.5079671656204732,125.0
P2,frac_Tumour,random,0.26991791405118304,126.0
P2,frac_Immune,random,-0.24336069531627236,126.0
P2,score_Estrogen_response,random,0.069083465119323,126.0
P2,score_Proliferation,random,-2.9521655969707607e-05,126.0
P2,score_T_cell_activity,random,-0.0035483497159816933,126.0
P2,score_Myeloid_inflammation,random,-0.011357603729701779,126.0
P2,tumour_immune_contact,random,-0.4925156929019797,126.0
P2,frac_Tumour,random,0.2713664896185418,127.0
P2,frac_Immune,random,-0.24625784645098986,127.0
P2,score_Estrogen_response,random,0.07621778446788507,127.0
P2,score_Proliferation,random,0.0026166486491961028,127.0
P2,score_T_cell_activity,random,-0.00022966463169292115,127.0
P2,score_Myeloid_inflammation,random,-0.018001445777083305,127.0
P2,tumour_immune_contact,random,-0.5016900048285853,127.0
P2,frac_Tumour,random,0.2621921776919363,128.0
P2,frac_Immune,random,-0.24046354418155483,128.0
P2,score_Estrogen_response,random,0.06146731665736249,128.0
P2,score_Proliferation,random,0.0025506044324552753,128.0
P2,score_T_cell_activity,random,-0.0018247873534664402,128.0
P2,score_Myeloid_inflammation,random,-0.020992986922654305,128.0
P2,tumour_immune_contact,random,-0.49058425881216805,128.0
P2,frac_Tumour,random,0.2940608401738291,129.0
P2,frac_Immune,random,-0.24384355383872527,129.0
P2,score_Estrogen_response,random,0.09130129078718457,129.0
P2,score_Proliferation,random,0.0009527840830878495,129.0
P2,score_T_cell_activity,random,-0.0031289178228204187,129.0
P2,score_Myeloid_inflammation,random,-0.029220115360394983,129.0
P2,tumour_immune_contact,random,-0.491067117334621,129.0
P2,frac_Tumour,random,0.2805408015451473,130.0
P2,frac_Immune,random,-0.2510864316755191,130.0
P2,score_Estrogen_response,random,0.07674529369013561,130.0
P2,score_Proliferation,random,0.002923460474008807,130.0
P2,score_T_cell_activity,random,-0.001504821103822442,130.0
P2,score_Myeloid_inflammation,random,-0.0205046649500637,130.0
P2,tumour_immune_contact,random,-0.5021728633510382,130.0
P2,frac_Tumour,random,0.2718493481409947,131.0
P2,frac_Immune,random,-0.25060357315306614,131.0
P2,score_Estrogen_response,random,0.07113152285049018,131.0
P2,score_Proliferation,random,0.003351670016929965,131.0
P2,score_T_cell_activity,random,-0.0024240293451987306,131.0
P2,score_Myeloid_inflammation,random,-0.017341806563606094,131.0
P2,tumour_immune_contact,random,-0.5137614678899083,131.0
P2,frac_Tumour,random,0.27522935779816515,132.0
P2,frac_Immune,random,-0.2520521487204249,132.0
P2,score_Estrogen_response,random,0.0732419447677975,132.0
P2,score_Proliferation,random,0.0017205091288459808,132.0
P2,score_T_cell_activity,random,-0.0018729050563367688,132.0
P2,score_Myeloid_inflammation,random,-0.01261402821634576,132.0
P2,tumour_immune_contact,random,-0.5026557218734911,132.0
P2,frac_Tumour,random,0.2848865282472236,133.0
P2,frac_Immune,random,-0.24963785610816033,133.0
P2,score_Estrogen_response,random,0.08975695110517168,133.0
P2,score_Proliferation,random,0.002935961923461761,133.0
P2,score_T_cell_activity,random,-0.0008398916266443917,133.0
P2,score_Myeloid_inflammation,random,-0.01760076732032037,133.0
P2,tumour_immune_contact,random,-0.5021728633510382,133.0
P2,frac_Tumour,random,0.27764365041042977,134.0
P2,frac_Immune,random,-0.2467407049734428,134.0
P2,score_Estrogen_response,random,0.08083425644443054,134.0
P2,score_Proliferation,random,0.00296636956391339,134.0
P2,score_T_cell_activity,random,-0.0035471427389439265,134.0
P2,score_Myeloid_inflammation,random,-0.02249626078523094,134.0
P2,tumour_immune_contact,random,-0.4963785610816031,134.0
P2,frac_Tumour,random,0.2718493481409947,135.0
P2,frac_Immune,random,-0.24722356349589572,135.0
P2,score_Estrogen_response,random,0.06985215864627342,135.0
P2,score_Proliferation,random,0.0027620287387949112,135.0
P2,score_T_cell_activity,random,-0.0005103164063226917,135.0
P2,score_Myeloid_inflammation,random,-0.023706751392626152,135.0
P2,tumour_immune_contact,random,-0.4992757122163206,135.0
P2,frac_Tumour,random,0.2670207629164655,136.0
P2,frac_Immune,random,-0.24722356349589572,136.0
P2,score_Estrogen_response,random,0.06534390014592795,136.0
P2,score_Proliferation,random,0.004201746058711079,136.0
P2,score_T_cell_activity,random,-0.00045907734656346457,136.0
P2,score_Myeloid_inflammation,random,-0.021419713390152792,136.0
P2,tumour_immune_contact,random,-0.4978271366489619,136.0
P2,frac_Tumour,random,0.2675036214389184,137.0
P2,frac_Immune,random,-0.25060357315306614,137.0
P2,score_Estrogen_response,random,0.06789235694593493,137.0
P2,score_Proliferation,random,0.0010139457070206734,137.0
P2,score_T_cell_activity,random,-0.0007755609353600696,137.0
P2,score_Myeloid_inflammation,random,-0.012520395727612155,137.0
P2,tumour_immune_contact,random,-0.5084500241429262,137.0
P2,frac_Tumour,random,0.2877836793819411,138.0
P2,frac_Immune,random,-0.24818928054080155,138.0
P2,score_Estrogen_response,random,0.08370768449896221,138.0
P2,score_Proliferation,random,-0.0029507372323531,138.0
P2,score_T_cell_activity,random,-0.001873087666356899,138.0
P2,score_Myeloid_inflammation,random,-0.023190554470459077,138.0
P2,tumour_immune_contact,random,-0.5012071463061323,138.0
P2,frac_Tumour,random,0.27040077257363593,139.0
P2,frac_Immune,random,-0.2535007242877837,139.0
P2,score_Estrogen_response,random,0.07214284516919195,139.0
P2,score_Proliferation,random,0.0010792871388163126,139.0
P2,score_T_cell_activity,random,0.0009015286868436973,139.0
P2,score_Myeloid_inflammation,random,-0.016616596001623324,139.0
P2,tumour_immune_contact,random,-0.5055528730082086,139.0
P2,frac_Tumour,random,0.2675036214389184,140.0
P2,frac_Immune,random,-0.24722356349589572,140.0
P2,score_Estrogen_response,random,0.055008745615563626,140.0
P2,score_Proliferation,random,8.682213121760391e-05,140.0
P2,score_T_cell_activity,random,-0.001411286877356549,140.0
P2,score_Myeloid_inflammation,random,-0.010296517187365309,140.0
P2,tumour_immune_contact,random,-0.4983099951714148,140.0
P2,frac_Tumour,random,0.27474649927571226,141.0
P2,frac_Immune,random,-0.24963785610816033,141.0
P2,score_Estrogen_response,random,0.08083434658069838,141.0
P2,score_Proliferation,random,-0.001103623738967436,141.0
P2,score_T_cell_activity,random,-0.0014339117166354879,141.0
P2,score_Myeloid_inflammation,random,-0.02380168115434017,141.0
P2,tumour_immune_contact,random,-0.5070014485755674,141.0
P2,frac_Tumour,random,0.276195074843071,142.0
P2,frac_Immune,random,-0.25156929019797203,142.0
P2,score_Estrogen_response,random,0.062358570304097194,142.0
P2,score_Proliferation,random,-0.0001907970471930376,142.0
P2,score_T_cell_activity,random,-0.001383985214932049,142.0
P2,score_Myeloid_inflammation,random,-0.0110167189084725,142.0
P2,tumour_immune_contact,random,-0.5079671656204732,142.0
P2,frac_Tumour,random,0.2771607918879768,143.0
P2,frac_Immune,random,-0.25543215837759536,143.0
P2,score_Estrogen_response,random,0.08412344334064809,143.0
P2,score_Proliferation,random,0.0007514085847682302,143.0
P2,score_T_cell_activity,random,-0.002047842308749531,143.0
P2,score_Myeloid_inflammation,random,-0.024997734458850354,143.0
P2,tumour_immune_contact,random,-0.5190729116368904,143.0
P2,frac_Tumour,random,0.2732979237083535,144.0
P2,frac_Immune,random,-0.24770642201834864,144.0
P2,score_Estrogen_response,random,0.07107057015745338,144.0
P2,score_Proliferation,random,0.0011063603560643011,144.0
P2,score_T_cell_activity,random,0.0008545964662695911,144.0
P2,score_Myeloid_inflammation,random,-0.019624575082263132,144.0
P2,tumour_immune_contact,random,-0.5045871559633027,144.0
P2,frac_Tumour,random,0.27474649927571226,145.0
P2,frac_Immune,random,-0.24818928054080155,145.0
P2,score_Estrogen_response,random,0.054402076487449824,145.0
P2,score_Proliferation,random,0.006904934493748146,145.0
P2,score_T_cell_activity,random,-0.003279495714313117,145.0
P2,score_Myeloid_inflammation,random,-0.004676522537125388,145.0
P2,tumour_immune_contact,random,-0.5012071463061323,145.0
P2,frac_Tumour,random,0.28440366972477066,146.0
P2,frac_Immune,random,-0.2467407049734428,146.0
P2,score_Estrogen_response,random,0.0795812474972008,146.0
P2,score_Proliferation,random,0.0017101850574625327,146.0
P2,score_T_cell_activity,random,0.0024249120404609293,146.0
P2,score_Myeloid_inflammation,random,-0.015470301939941103,146.0
P2,tumour_immune_contact,random,-0.4934814099468856,146.0
P2,frac_Tumour,random,0.28150651859005316,147.0
P2,frac_Immune,random,-0.2510864316755191,147.0
P2,score_Estrogen_response,random,0.08621782548529194,147.0
P2,score_Proliferation,random,0.00121706054086474,147.0
P2,score_T_cell_activity,random,-0.003121035823747049,147.0
P2,score_Myeloid_inflammation,random,-0.019033207817335945,147.0
P2,tumour_immune_contact,random,-0.5007242877836794,147.0
P2,frac_Tumour,random,0.28874939642684694,148.0
P2,frac_Immune,random,-0.2510864316755191,148.0
P2,score_Estrogen_response,random,0.09414832001246748,148.0
P2,score_Proliferation,random,0.0038976704785866167,148.0
P2,score_T_cell_activity,random,-0.0024054770303339034,148.0
P2,score_Myeloid_inflammation,random,-0.020237565847377417,148.0
P2,tumour_immune_contact,random,-0.5113471752776437,148.0
P2,frac_Tumour,random,0.27522935779816515,149.0
P2,frac_Immune,random,-0.25156929019797203,149.0
P2,score_Estrogen_response,random,0.08010206864357644,149.0
P2,score_Proliferation,random,-0.0006617317789771962,149.0
P2,score_T_cell_activity,random,-0.002202190610748329,149.0
P2,score_Myeloid_inflammation,random,-0.01954204954673086,149.0
P2,tumour_immune_contact,random,-0.5045871559633027,149.0
P2,frac_Tumour,random,0.27957508450024143,150.0
P2,frac_Immune,random,-0.24915499758570742,150.0
P2,score_Estrogen_response,random,0.07949274371913367,150.0
P2,score_Proliferation,random,-0.0003670232869937792,150.0
P2,score_T_cell_activity,random,-0.004291877096775946,150.0
P2,score_Myeloid_inflammation,random,-0.03000008621536189,150.0
P2,tumour_immune_contact,random,-0.5026557218734911,150.0
P2,frac_Tumour,random,0.2873008208594882,151.0
P2,frac_Immune,random,-0.25060357315306614,151.0
P2,score_Estrogen_response,random,0.10333756535368993,151.0
P2,score_Proliferation,random,0.0028776279563486823,151.0
P2,score_T_cell_activity,random,-0.0007428424241544081,151.0
P2,score_Myeloid_inflammation,random,-0.024468941285609044,151.0
P2,tumour_immune_contact,random,-0.5016900048285853,151.0
P2,frac_Tumour,random,0.2771607918879768,152.0
P2,frac_Immune,random,-0.24529212940608403,152.0
P2,score_Estrogen_response,random,0.07750822751521214,152.0
P2,score_Proliferation,random,0.0007610416040637487,152.0
P2,score_T_cell_activity,random,-0.0006183264751918717,152.0
P2,score_Myeloid_inflammation,random,-0.013345982635350931,152.0
P2,tumour_immune_contact,random,-0.49058425881216805,152.0
P2,frac_Tumour,random,0.2708836310960889,153.0
P2,frac_Immune,random,-0.24915499758570742,153.0
P2,score_Estrogen_response,random,0.07407475875851227,153.0
P2,score_Proliferation,random,0.002879980936282862,153.0
P2,score_T_cell_activity,random,-0.0012558034566743227,153.0
P2,score_Myeloid_inflammation,random,-0.0172220515277276,153.0
P2,tumour_immune_contact,random,-0.4992757122163206,153.0
P2,frac_Tumour,random,0.2810236600676002,154.0
P2,frac_Immune,random,-0.25060357315306614,154.0
P2,score_Estrogen_response,random,0.08537767808142943,154.0
P2,score_Proliferation,random,0.0035607111382763555,154.0
P2,score_T_cell_activity,random,0.00090350578141077,154.0
P2,score_Myeloid_inflammation,random,-0.01741120569967619,154.0
P2,tumour_immune_contact,random,-0.5045871559633027,154.0
P2,frac_Tumour,random,0.27909222597778854,155.0
P2,frac_Immune,random,-0.25156929019797203,155.0
P2,score_Estrogen_response,random,0.09412343088828518,155.0
P2,score_Proliferation,random,0.003983656665863146,155.0
P2,score_T_cell_activity,random,0.000760835701592077,155.0
P2,score_Myeloid_inflammation,random,-0.030792362186612743,155.0
P2,tumour_immune_contact,random,-0.5089328826653791,155.0
P2,frac_Tumour,random,0.2689521970062772,156.0
P2,frac_Immune,random,-0.24818928054080155,156.0
P2,score_Estrogen_response,random,0.07080733943971285,156.0
P2,score_Proliferation,random,-0.0002628517467719916,156.0
P2,score_T_cell_activity,random,-0.0019242184763680094,156.0
P2,score_Myeloid_inflammation,random,-0.01927678483667991,156.0
P2,tumour_immune_contact,random,-0.4992757122163206,156.0
P2,frac_Tumour,random,0.27474649927571226,157.0
P2,frac_Immune,random,-0.24722356349589572,157.0
P2,score_Estrogen_response,random,0.07067686699889891,157.0
P2,score_Proliferation,random,0.007644296170291678,157.0
P2,score_T_cell_activity,random,-0.002411399553677714,157.0
P2,score_Myeloid_inflammation,random,-0.022838498169734794,157.0
P2,tumour_immune_contact,random,-0.5041042974408498,157.0
P2,frac_Tumour,random,0.276195074843071,158.0
P2,frac_Immune,random,-0.24625784645098986,158.0
P2,score_Estrogen_response,random,0.06620188962804541,158.0
P2,score_Proliferation,random,0.0015024520563168796,158.0
P2,score_T_cell_activity,random,0.0003231696264932877,158.0
P2,score_Myeloid_inflammation,random,-0.01922612817384313,158.0
P2,tumour_immune_contact,random,-0.49975857073877356,158.0
P2,frac_Tumour,random,0.27667793336552393,159.0
P2,frac_Immune,random,-0.24529212940608403,159.0
P2,score_Estrogen_response,random,0.07800309661232246,159.0
P2,score_Proliferation,random,-0.0029820505232952435,159.0
P2,score_T_cell_activity,random,-0.0005532127020178408,159.0
P2,score_Myeloid_inflammation,random,-0.032218149298428256,159.0
P2,tumour_immune_contact,random,-0.4896185417672622,159.0
P2,frac_Tumour,random,0.26991791405118304,160.0
P2,frac_Immune,random,-0.2448092708836311,160.0
P2,score_Estrogen_response,random,0.0683189242082568,160.0
P2,score_Proliferation,random,0.0011064359449230242,160.0
P2,score_T_cell_activity,random,0.0013932309148943526,160.0
P2,score_Myeloid_inflammation,random,-0.00510821294407382,160.0
P2,tumour_immune_contact,random,-0.49589570255915016,160.0
P2,frac_Tumour,random,0.27909222597778854,161.0
P2,frac_Immune,random,-0.24336069531627236,161.0
P2,score_Estrogen_response,random,0.07620591894621054,161.0
P2,score_Proliferation,random,-0.0006247111100405526,161.0
P2,score_T_cell_activity,random,-0.0007475964132977854,161.0
P2,score_Myeloid_inflammation,random,-0.01657014611365397,161.0
P2,tumour_immune_contact,random,-0.49299855142443266,161.0
P2,frac_Tumour,random,0.28440366972477066,162.0
P2,frac_Immune,random,-0.24625784645098986,162.0
P2,score_Estrogen_response,random,0.09489877454977536,162.0
P2,score_Proliferation,random,0.0022049238435176907,162.0
P2,score_T_cell_activity,random,-0.0013902633807428627,162.0
P2,score_Myeloid_inflammation,random,-0.020509895530688493,162.0
P2,tumour_immune_contact,random,-0.4934814099468856,162.0
P2,frac_Tumour,random,0.2665379043940126,163.0
P2,frac_Immune,random,-0.24915499758570742,163.0
P2,score_Estrogen_response,random,0.06048744698861047,163.0
P2,score_Proliferation,random,0.0012899547073871934,163.0
P2,score_T_cell_activity,random,-0.0020769039039838333,163.0
P2,score_Myeloid_inflammation,random,-0.007322503633260785,163.0
P2,tumour_immune_contact,random,-0.5045871559633027,163.0
P2,frac_Tumour,random,0.28392081120231777,164.0
P2,frac_Immune,random,-0.24529212940608403,164.0
P2,score_Estrogen_response,random,0.07848377734812678,164.0
P2,score_Proliferation,random,0.003305523406833276,164.0
P2,score_T_cell_activity,random,-0.002197564690679327,164.0
P2,score_Myeloid_inflammation,random,-0.018875602306981612,164.0
P2,tumour_immune_contact,random,-0.49589570255915016,164.0
P2,frac_Tumour,random,0.27522935779816515,165.0
P2,frac_Immune,random,-0.24722356349589572,165.0
P2,score_Estrogen_response,random,0.09218050436100678,165.0
P2,score_Proliferation,random,0.002169579691088619,165.0
P2,score_T_cell_activity,random,-0.00385034741375909,165.0
P2,score_Myeloid_inflammation,random,-0.02160254621102259,165.0
P2,tumour_immune_contact,random,-0.5026557218734911,165.0
P2,frac_Tumour,random,0.2583293095123129,166.0
P2,frac_Immune,random,-0.2375663930468373,166.0
P2,score_Estrogen_response,random,0.05535428339333609,166.0
P2,score_Proliferation,random,-0.00020241030178773942,166.0
P2,score_T_cell_activity,random,-0.001697627461383152,166.0
P2,score_Myeloid_inflammation,random,-0.017650553432233124,166.0
P2,tumour_immune_contact,random,-0.484789956542733,166.0
P2,frac_Tumour,random,0.2781265089328827,167.0
P2,frac_Immune,random,-0.24915499758570742,167.0
P2,score_Estrogen_response,random,0.061655886248668024,167.0
P2,score_Proliferation,random,0.004820659293286388,167.0
P2,score_T_cell_activity,random,-0.0002658600148523131,167.0
P2,score_Myeloid_inflammation,random,-0.005432126213042676,167.0
P2,tumour_immune_contact,random,-0.5055528730082086,167.0
P2,frac_Tumour,random,0.282472235634959,168.0
P2,frac_Immune,random,-0.24722356349589572,168.0
P2,score_Estrogen_response,random,0.08278053332547941,168.0
P2,score_Proliferation,random,0.005349806375722171,168.0
P2,score_T_cell_activity,random,-0.0019672182476451953,168.0
P2,score_Myeloid_inflammation,random,-0.02148596767294758,168.0
P2,tumour_immune_contact,random,-0.4934814099468856,168.0
P2,frac_Tumour,random,0.2670207629164655,169.0
P2,frac_Immune,random,-0.25301786576533075,169.0
P2,score_Estrogen_response,random,0.08379335834188845,169.0
P2,score_Proliferation,random,0.0026016891455983163,169.0
P2,score_T_cell_activity,random,-0.0016071409755704898,169.0
P2,score_Myeloid_inflammation,random,-0.020738243676633128,169.0
P2,tumour_immune_contact,random,-0.5108643167551907,169.0
P2,frac_Tumour,random,0.28150651859005316,170.0
P2,frac_Immune,random,-0.24867213906325447,170.0
P2,score_Estrogen_response,random,0.08324237874098489,170.0
P2,score_Proliferation,random,0.003610328563312943,170.0
P2,score_T_cell_activity,random,-0.00271716016691457,170.0
P2,score_Myeloid_inflammation,random,-0.02173499554699243,170.0
P2,tumour_immune_contact,random,-0.49492998551424433,170.0
P2,frac_Tumour,random,0.2781265089328827,171.0
P2,frac_Immune,random,-0.24625784645098986,171.0
P2,score_Estrogen_response,random,0.08742050870096046,171.0
P2,score_Proliferation,random,0.005784325823443012,171.0
P2,score_T_cell_activity,random,-0.0009296416736914032,171.0
P2,score_Myeloid_inflammation,random,-0.018982857198742167,171.0
P2,tumour_immune_contact,random,-0.49492998551424433,171.0
P2,frac_Tumour,random,0.27474649927571226,172.0
P2,frac_Immune,random,-0.25253500724287786,172.0
P2,score_Estrogen_response,random,0.06428713754677146,172.0
P2,score_Proliferation,random,0.00021915584296424047,172.0
P2,score_T_cell_activity,random,-0.0012183190135998132,172.0
P2,score_Myeloid_inflammation,random,-0.02024908888915883,172.0
P2,tumour_immune_contact,random,-0.5089328826653791,172.0
P2,frac_Tumour,random,0.26991791405118304,173.0
P2,frac_Immune,random,-0.24963785610816033,173.0
P2,score_Estrogen_response,random,0.06238379369176067,173.0
P2,score_Proliferation,random,0.00010850627842289191,173.0
P2,score_T_cell_activity,random,-0.0008119268148572933,173.0
P2,score_Myeloid_inflammation,random,-0.012543086232047237,173.0
P2,tumour_immune_contact,random,-0.5089328826653791,173.0
P2,frac_Tumour,random,0.27522935779816515,174.0
P2,frac_Immune,random,-0.2428778367938194,174.0
P2,score_Estrogen_response,random,0.08397112654682709,174.0
P2,score_Proliferation,random,-0.00233148712832754,174.0
P2,score_T_cell_activity,random,-0.0020101174306112117,174.0
P2,score_Myeloid_inflammation,random,-0.02338752293290154,174.0
P2,tumour_immune_contact,random,-0.49203283437952683,174.0
P2,frac_Tumour,random,0.2810236600676002,175.0
P2,frac_Immune,random,-0.2448092708836311,175.0
P2,score_Estrogen_response,random,0.07145974741502714,175.0
P2,score_Proliferation,random,0.000639058252639491,175.0
P2,score_T_cell_activity,random,-0.00350439830391093,175.0
P2,score_Myeloid_inflammation,random,-0.02227794591892239,175.0
P2,tumour_immune_contact,random,-0.4978271366489619,175.0
P2,frac_Tumour,random,0.27522935779816515,176.0
P2,frac_Immune,random,-0.25156929019797203,176.0
P2,score_Estrogen_response,random,0.06995756878680465,176.0
P2,score_Proliferation,random,0.001043059881168935,176.0
P2,score_T_cell_activity,random,-0.0017760252516095193,176.0
P2,score_Myeloid_inflammation,random,-0.02175497088998385,176.0
P2,tumour_immune_contact,random,-0.5113471752776437,176.0
P2,frac_Tumour,random,0.2742636407532593,177.0
P2,frac_Immune,random,-0.25253500724287786,177.0
P2,score_Estrogen_response,random,0.07318013332321543,177.0
P2,score_Proliferation,random,0.0029164786388821986,177.0
P2,score_T_cell_activity,random,-0.0007783442942917824,177.0
P2,score_Myeloid_inflammation,random,-0.01855275311491629,177.0
P2,tumour_immune_contact,random,-0.5108643167551907,177.0
P2,frac_Tumour,random,0.27233220666344765,178.0
P2,frac_Immune,random,-0.2520521487204249,178.0
P2,score_Estrogen_response,random,0.06284071562877042,178.0
P2,score_Proliferation,random,-0.002036705667211707,178.0
P2,score_T_cell_activity,random,0.0037161418449329457,178.0
P2,score_Myeloid_inflammation,random,-0.0015779885391409426,178.0
P2,tumour_immune_contact,random,-0.5026557218734911,178.0
P2,frac_Tumour,random,0.2694350555287301,179.0
P2,frac_Immune,random,-0.24867213906325447,179.0
P2,score_Estrogen_response,random,0.0767483478668145,179.0
P2,score_Proliferation,random,-0.00011130745621066142,179.0
P2,score_T_cell_activity,random,0.0011725216068214452,179.0
P2,score_Myeloid_inflammation,random,-0.024033639669138754,179.0
P2,tumour_immune_contact,random,-0.5016900048285853,179.0
P2,frac_Tumour,random,0.27233220666344765,180.0
P2,frac_Immune,random,-0.2428778367938194,180.0
P2,score_Estrogen_response,random,0.05820419573788205,180.0
P2,score_Proliferation,random,0.003302398330683617,180.0
P2,score_T_cell_activity,random,-0.00035658386568185405,180.0
P2,score_Myeloid_inflammation,random,-0.009319002216681443,180.0
P2,tumour_immune_contact,random,-0.4915499758570739,180.0
P2,frac_Tumour,random,0.27233220666344765,181.0
P2,frac_Immune,random,-0.2428778367938194,181.0
P2,score_Estrogen_response,random,0.06861668418207545,181.0
P2,score_Proliferation,random,-0.0001435569940803189,181.0
P2,score_T_cell_activity,random,-0.002301893845306212,181.0
P2,score_Myeloid_inflammation,random,-0.013769713766272076,181.0
P2,tumour_immune_contact,random,-0.48527281506518594,181.0
P2,frac_Tumour,random,0.28585224529212944,182.0
P2,frac_Immune,random,-0.2448092708836311,182.0
P2,score_Estrogen_response,random,0.07227750750541528,182.0
P2,score_Proliferation,random,0.001607123337153375,182.0
P2,score_T_cell_activity,random,-0.0012073768112931642,182.0
P2,score_Myeloid_inflammation,random,-0.01552166332042608,182.0
P2,tumour_immune_contact,random,-0.49589570255915016,182.0
P2,frac_Tumour,random,0.26557218734910676,183.0
P2,frac_Immune,random,-0.24625784645098986,183.0
P2,score_Estrogen_response,random,0.05196668350628941,183.0
P2,score_Proliferation,random,-0.001344539011411678,183.0
P2,score_T_cell_activity,random,-0.0003631460638476936,183.0
P2,score_Myeloid_inflammation,random,-0.014576844456569107,183.0
P2,tumour_immune_contact,random,-0.5021728633510382,183.0
P2,frac_Tumour,random,0.2718493481409947,184.0
P2,frac_Immune,random,-0.2448092708836311,184.0
P2,score_Estrogen_response,random,0.0754968698319321,184.0
P2,score_Proliferation,random,0.0015696190200310696,184.0
P2,score_T_cell_activity,random,-0.0006871775502714304,184.0
P2,score_Myeloid_inflammation,random,-0.018969230490684053,184.0
P2,tumour_immune_contact,random,-0.5041042974408498,184.0
P2,frac_Tumour,random,0.2665379043940126,185.0
P2,frac_Immune,random,-0.2520521487204249,185.0
P2,score_Estrogen_response,random,0.05506031718953763,185.0
P2,score_Proliferation,random,0.004115197051319253,185.0
P2,score_T_cell_activity,random,0.00043139744232549007,185.0
P2,score_Myeloid_inflammation,random,-0.015881461185343407,185.0
P2,tumour_immune_contact,random,-0.5012071463061323,185.0
P2,frac_Tumour,random,0.2771607918879768,186.0
P2,frac_Immune,random,-0.24336069531627236,186.0
P2,score_Estrogen_response,random,0.07186638569758469,186.0
P2,score_Proliferation,random,0.0025929660579667177,186.0
P2,score_T_cell_activity,random,0.00024312614456090034,186.0
P2,score_Myeloid_inflammation,random,-0.02161294271928904,186.0
P2,tumour_immune_contact,random,-0.49734427812650894,186.0
P2,frac_Tumour,random,0.2675036214389184,187.0
P2,frac_Immune,random,-0.2448092708836311,187.0
P2,score_Estrogen_response,random,0.06256765105857026,187.0
P2,score_Proliferation,random,0.0014480403696585974,187.0
P2,score_T_cell_activity,random,-9.352338843874024e-05,187.0
P2,score_Myeloid_inflammation,random,-0.027898079461538924,187.0
P2,tumour_immune_contact,random,-0.503621438918397,187.0
P2,frac_Tumour,random,0.2742636407532593,188.0
P2,frac_Immune,random,-0.24094640270400774,188.0
P2,score_Estrogen_response,random,0.0770558305179107,188.0
P2,score_Proliferation,random,0.0010373440976243946,188.0
P2,score_T_cell_activity,random,0.0013547090037914645,188.0
P2,score_Myeloid_inflammation,random,-0.01751126117977768,188.0
P2,tumour_immune_contact,random,-0.48430709802028005,188.0
P2,frac_Tumour,random,0.27957508450024143,189.0
P2,frac_Immune,random,-0.24529212940608403,189.0
P2,score_Estrogen_response,random,0.08348050232127302,189.0
P2,score_Proliferation,random,0.0006867438308339351,189.0
P2,score_T_cell_activity,random,-0.0004696150865439023,189.0
P2,score_Myeloid_inflammation,random,-0.01765956170900293,189.0
P2,tumour_immune_contact,random,-0.4934814099468856,189.0
P2,frac_Tumour,random,0.2742636407532593,190.0
P2,frac_Immune,random,-0.24867213906325447,190.0
P2,score_Estrogen_response,random,0.08273504219501004,190.0
P2,score_Proliferation,random,0.001996502487257576,190.0
P2,score_T_cell_activity,random,0.0005273917965216558,190.0
P2,score_Myeloid_inflammation,random,-0.020219229254926863,190.0
P2,tumour_immune_contact,random,-0.503621438918397,190.0
P2,frac_Tumour,random,0.27522935779816515,191.0
P2,frac_Immune,random,-0.25060357315306614,191.0
P2,score_Estrogen_response,random,0.07019557184195369,191.0
P2,score_Proliferation,random,0.00018800905560661853,191.0
P2,score_T_cell_activity,random,-0.0015919273498481697,191.0
P2,score_Myeloid_inflammation,random,-0.006726842155229784,191.0
P2,tumour_immune_contact,random,-0.503621438918397,191.0
P2,frac_Tumour,random,0.27233220666344765,192.0
P2,frac_Immune,random,-0.24818928054080155,192.0
P2,score_Estrogen_response,random,0.07891760078348858,192.0
P2,score_Proliferation,random,0.0015315112859001047,192.0
P2,score_T_cell_activity,random,-0.002223108174107693,192.0
P2,score_Myeloid_inflammation,random,-0.0181560655886919,192.0
P2,tumour_immune_contact,random,-0.4954128440366973,192.0
P2,frac_Tumour,random,0.28440366972477066,193.0
P2,frac_Immune,random,-0.25253500724287786,193.0
P2,score_Estrogen_response,random,0.08655621712578215,193.0
P2,score_Proliferation,random,0.005184462296540137,193.0
P2,score_T_cell_activity,random,-0.0027160815215070975,193.0
P2,score_Myeloid_inflammation,random,-0.018872125660574682,193.0
P2,tumour_immune_contact,random,-0.509415741187832,193.0
P2,frac_Tumour,random,0.27667793336552393,194.0
P2,frac_Immune,random,-0.24770642201834864,194.0
P2,score_Estrogen_response,random,0.07665583984309915,194.0
P2,score_Proliferation,random,0.0012470103458848353,194.0
P2,score_T_cell_activity,random,-0.0017446287529670112,194.0
P2,score_Myeloid_inflammation,random,-0.016416047623008884,194.0
P2,tumour_immune_contact,random,-0.5041042974408498,194.0
P2,frac_Tumour,random,0.2626750362143892,195.0
P2,frac_Immune,random,-0.2428778367938194,195.0
P2,score_Estrogen_response,random,0.07478563856383519,195.0
P2,score_Proliferation,random,0.0025350913024204773,195.0
P2,score_T_cell_activity,random,-0.005991169058356225,195.0
P2,score_Myeloid_inflammation,random,-0.019986853204733174,195.0
P2,tumour_immune_contact,random,-0.49734427812650894,195.0
P2,frac_Tumour,random,0.2771607918879768,196.0
P2,frac_Immune,random,-0.2467407049734428,196.0
P2,score_Estrogen_response,random,0.061163927881068,196.0
P2,score_Proliferation,random,0.002760766072234779,196.0
P2,score_T_cell_activity,random,-0.0031653734180431973,196.0
P2,score_Myeloid_inflammation,random,-0.008615540585830694,196.0
P2,tumour_immune_contact,random,-0.5007242877836794,196.0
P2,frac_Tumour,random,0.282472235634959,197.0
P2,frac_Immune,random,-0.2443264123611782,197.0
P2,score_Estrogen_response,random,0.06954334292492115,197.0
P2,score_Proliferation,random,0.002069814496327281,197.0
P2,score_T_cell_activity,random,0.0002879171218897287,197.0
P2,score_Myeloid_inflammation,random,-0.019054371873118314,197.0
P2,tumour_immune_contact,random,-0.503621438918397,197.0
P2,frac_Tumour,random,0.2781265089328827,198.0
P2,frac_Immune,random,-0.24915499758570742,198.0
P2,score_Estrogen_response,random,0.07611916994572221,198.0
P2,score_Proliferation,random,-0.0022488699022538473,198.0
P2,score_T_cell_activity,random,-0.0002297303847587492,198.0
P2,score_Myeloid_inflammation,random,-0.0352677993716195,198.0
P2,tumour_immune_contact,random,-0.49975857073877356,198.0
P2,frac_Tumour,random,0.2626750362143892,199.0
P2,frac_Immune,random,-0.24722356349589572,199.0
P2,score_Estrogen_response,random,0.05265847948700103,199.0
P2,score_Proliferation,random,0.0005283362879392153,199.0
P2,score_T_cell_activity,random,-0.0017782060561834126,199.0
P2,score_Myeloid_inflammation,random,-0.004229340200680082,199.0
P2,tumour_immune_contact,random,-0.5016900048285853,199.0
P2,frac_Tumour,contiguous,0.3486238532110092,0.0
P2,frac_Immune,contiguous,-0.2863351038145823,0.0
P2,score_Estrogen_response,contiguous,0.12287588550095002,0.0
P2,score_Proliferation,contiguous,0.004983100111977533,0.0
P2,score_T_cell_activity,contiguous,-0.0013600714724963851,0.0
P2,score_Myeloid_inflammation,contiguous,-0.04308441512262508,0.0
P2,tumour_immune_contact,contiguous,-0.5325929502655722,0.0
P2,frac_Tumour,contiguous,0.1815548044422984,1.0
P2,frac_Immune,contiguous,-0.25012071463061325,1.0
P2,score_Estrogen_response,contiguous,-0.10832598144004493,1.0
P2,score_Proliferation,contiguous,0.004818628318845001,1.0
P2,score_T_cell_activity,contiguous,0.002391646646345589,1.0
P2,score_Myeloid_inflammation,contiguous,0.0924872879152455,1.0
P2,tumour_immune_contact,contiguous,-0.47271849348141,1.0
P2,frac_Tumour,contiguous,0.32303235152100435,2.0
P2,frac_Immune,contiguous,-0.2834379526798648,2.0
P2,score_Estrogen_response,contiguous,0.08573872393670445,2.0
P2,score_Proliferation,contiguous,0.004166040743195005,2.0
P2,score_T_cell_activity,contiguous,-0.0038960918006994546,2.0
P2,score_Myeloid_inflammation,contiguous,-0.046168789375851,2.0
P2,tumour_immune_contact,contiguous,-0.5263157894736842,2.0
P2,frac_Tumour,contiguous,0.1772090777402221,3.0
P2,frac_Immune,contiguous,-0.25012071463061325,3.0
P2,score_Estrogen_response,contiguous,-0.11592614392145467,3.0
P2,score_Proliferation,contiguous,0.004887627307076523,3.0
P2,score_T_cell_activity,contiguous,0.003267988620986831,3.0
P2,score_Myeloid_inflammation,contiguous,0.09562935413345817,3.0
P2,tumour_immune_contact,contiguous,-0.47271849348141,3.0
P2,frac_Tumour,contiguous,0.4872042491549976,4.0
P2,frac_Immune,contiguous,-0.27233220666344765,4.0
P2,score_Estrogen_response,contiguous,0.37172252491600055,4.0
P2,score_Proliferation,contiguous,0.006675302365210226,4.0
P2,score_T_cell_activity,contiguous,-0.005915711517730246,4.0
P2,score_Myeloid_inflammation,contiguous,-0.158278044859952,4.0
P2,tumour_immune_contact,contiguous,-0.5021728633510382,4.0
P2,frac_Tumour,contiguous,0.42829550941574124,5.0
P2,frac_Immune,contiguous,-0.2337035248672139,5.0
P2,score_Estrogen_response,contiguous,0.33815324102492517,5.0
P2,score_Proliferation,contiguous,-0.0007744833118214704,5.0
P2,score_T_cell_activity,contiguous,-0.007315016299829275,5.0
P2,score_Myeloid_inflammation,contiguous,-0.15467053816895276,5.0
P2,tumour_immune_contact,contiguous,-0.40318686624818934,5.0
P2,frac_Tumour,contiguous,0.22501207146306132,6.0
P2,frac_Immune,contiguous,-0.2708836310960889,6.0
P2,score_Estrogen_response,contiguous,-0.03941404604150539,6.0
P2,score_Proliferation,contiguous,0.0004605566629993286,6.0
P2,score_T_cell_activity,contiguous,0.0020544963447261992,6.0
P2,score_Myeloid_inflammation,contiguous,0.009252607562131865,6.0
P2,tumour_immune_contact,contiguous,-0.49589570255915016,6.0
P2,frac_Tumour,contiguous,0.1796233703524867,7.0
P2,frac_Immune,contiguous,-0.25156929019797203,7.0
P2,score_Estrogen_response,contiguous,-0.07966593737893765,7.0
P2,score_Proliferation,contiguous,-0.003320090771207353,7.0
P2,score_T_cell_activity,contiguous,-0.0006533698719275115,7.0
P2,score_Myeloid_inflammation,contiguous,0.019552526158399072,7.0
P2,tumour_immune_contact,contiguous,-0.44664413326895225,7.0
P2,frac_Tumour,contiguous,0.28874939642684694,8.0
P2,frac_Immune,contiguous,-0.24963785610816033,8.0
P2,score_Estrogen_response,contiguous,0.05834010261808098,8.0
P2,score_Proliferation,contiguous,0.004009204964210934,8.0
P2,score_T_cell_activity,contiguous,-0.0011798817482684707,8.0
P2,score_Myeloid_inflammation,contiguous,-0.01246301500853901,8.0
P2,tumour_immune_contact,contiguous,-0.47078705939159826,8.0
P2,frac_Tumour,contiguous,0.423466924191212,9.0
P2,frac_Immune,contiguous,-0.2337035248672139,9.0
P2,score_Estrogen_response,contiguous,0.32671359460922855,9.0
P2,score_Proliferation,contiguous,-0.0013675792108142596,9.0
P2,score_T_cell_activity,contiguous,-0.00656304953366403,9.0
P2,score_Myeloid_inflammation,contiguous,-0.14707548588817895,9.0
P2,tumour_immune_contact,contiguous,-0.40318686624818934,9.0
P2,frac_Tumour,contiguous,0.21583775953645581,10.0
P2,frac_Immune,contiguous,-0.2877836793819411,10.0
P2,score_Estrogen_response,contiguous,-0.07479213275319696,10.0
P2,score_Proliferation,contiguous,0.005121488442166054,10.0
P2,score_T_cell_activity,contiguous,0.0018153050710027017,10.0
P2,score_Myeloid_inflammation,contiguous,0.07819905895354769,10.0
P2,tumour_immune_contact,contiguous,-0.5383872525350073,10.0
P2,frac_Tumour,contiguous,0.423466924191212,11.0
P2,frac_Immune,contiguous,-0.2337035248672139,11.0
P2,score_Estrogen_response,contiguous,0.32671359460922855,11.0
P2,score_Proliferation,contiguous,-0.0013675792108142596,11.0
P2,score_T_cell_activity,contiguous,-0.00656304953366403,11.0
P2,score_Myeloid_inflammation,contiguous,-0.14707548588817895,11.0
P2,tumour_immune_contact,contiguous,-0.40318686624818934,11.0
P2,frac_Tumour,contiguous,0.3616610333172381,12.0
P2,frac_Immune,contiguous,-0.2588121680347658,12.0
P2,score_Estrogen_response,contiguous,0.1571277491618246,12.0
P2,score_Proliferation,contiguous,0.003684192320328388,12.0
P2,score_T_cell_activity,contiguous,-0.0042013462202865675,12.0
P2,score_Myeloid_inflammation,contiguous,-0.07850922888835199,12.0
P2,tumour_immune_contact,contiguous,-0.4823756639304684,12.0
P2,frac_Tumour,contiguous,0.2506035731530662,13.0
P2,frac_Immune,contiguous,-0.25060357315306614,13.0
P2,score_Estrogen_response,contiguous,0.034466783173400406,13.0
P2,score_Proliferation,contiguous,-0.004228555750991252,13.0
P2,score_T_cell_activity,contiguous,-0.00492399612853656,13.0
P2,score_Myeloid_inflammation,contiguous,-0.053144649729248795,13.0
P2,tumour_immune_contact,contiguous,-0.4447126991791405,13.0
P2,frac_Tumour,contiguous,0.2177691936262675,14.0
P2,frac_Immune,contiguous,-0.2848865282472236,14.0
P2,score_Estrogen_response,contiguous,-0.0764763063291515,14.0
P2,score_Proliferation,contiguous,0.00098169918121461,14.0
P2,score_T_cell_activity,contiguous,0.0010208974275397785,14.0
P2,score_Myeloid_inflammation,contiguous,0.053151809460284985,14.0
P2,tumour_immune_contact,contiguous,-0.5311443746982134,14.0
P2,frac_Tumour,contiguous,0.1950748430709802,15.0
P2,frac_Immune,contiguous,-0.25012071463061325,15.0
P2,score_Estrogen_response,contiguous,-0.08771884774437894,15.0
P2,score_Proliferation,contiguous,0.004190230415553046,15.0
P2,score_T_cell_activity,contiguous,0.0017214192228746173,15.0
P2,score_Myeloid_inflammation,contiguous,0.07568269189816089,15.0
P2,tumour_immune_contact,contiguous,-0.47271849348141,15.0
P2,frac_Tumour,contiguous,0.38387252535007244,16.0
P2,frac_Immune,contiguous,-0.27909222597778854,16.0
P2,score_Estrogen_response,contiguous,0.16256335168963254,16.0
P2,score_Proliferation,contiguous,0.006597759752802253,16.0
P2,score_T_cell_activity,contiguous,-0.003841525859484567,16.0
P2,score_Myeloid_inflammation,contiguous,-0.049095833656559874,16.0
P2,tumour_immune_contact,contiguous,-0.5224529212940608,16.0
P2,frac_Tumour,contiguous,0.21197489135683245,17.0
P2,frac_Immune,contiguous,-0.28971511347175277,17.0
P2,score_Estrogen_response,contiguous,-0.0866805138631265,17.0
P2,score_Proliferation,contiguous,0.00536460423294317,17.0
P2,score_T_cell_activity,contiguous,0.002153604083351853,17.0
P2,score_Myeloid_inflammation,contiguous,0.09316186955752977,17.0
P2,tumour_immune_contact,contiguous,-0.5451472718493482,17.0
P2,frac_Tumour,contiguous,0.3853211009174312,18.0
P2,frac_Immune,contiguous,-0.2786093674553356,18.0
P2,score_Estrogen_response,contiguous,0.18705771772356972,18.0
P2,score_Proliferation,contiguous,0.007043039165883076,18.0
P2,score_T_cell_activity,contiguous,-0.007034774990393626,18.0
P2,score_Myeloid_inflammation,contiguous,-0.0923099276150107,18.0
P2,tumour_immune_contact,contiguous,-0.5127957508450024,18.0
P2,frac_Tumour,contiguous,0.16079188797682278,19.0
P2,frac_Immune,contiguous,-0.2863351038145823,19.0
P2,score_Estrogen_response,contiguous,-0.13762890584697057,19.0
P2,score_Proliferation,contiguous,0.008252077092389808,19.0
P2,score_T_cell_activity,contiguous,0.003952710104757425,19.0
P2,score_Myeloid_inflammation,contiguous,0.10834579576443544,19.0
P2,tumour_immune_contact,contiguous,-0.5374215354901014,19.0
P2,frac_Tumour,contiguous,0.19217769193626266,20.0
P2,frac_Immune,contiguous,-0.28971511347175277,20.0
P2,score_Estrogen_response,contiguous,-0.11701532465298634,20.0
P2,score_Proliferation,contiguous,0.008532554738146559,20.0
P2,score_T_cell_activity,contiguous,0.0022627142169648513,20.0
P2,score_Myeloid_inflammation,contiguous,0.11213123904167883,20.0
P2,tumour_immune_contact,contiguous,-0.546112988894254,20.0
P2,frac_Tumour,contiguous,0.17286335103814582,21.0
P2,frac_Immune,contiguous,-0.2708836310960889,21.0
P2,score_Estrogen_response,contiguous,-0.12396120095110513,21.0
P2,score_Proliferation,contiguous,0.005864930938501561,21.0
P2,score_T_cell_activity,contiguous,0.003387377172298243,21.0
P2,score_Myeloid_inflammation,contiguous,0.10118180315217858,21.0
P2,tumour_immune_contact,contiguous,-0.5084500241429262,21.0
P2,frac_Tumour,contiguous,0.25012071463061325,22.0
P2,frac_Immune,contiguous,-0.2892322549492999,22.0
P2,score_Estrogen_response,contiguous,-0.034846958700482766,22.0
P2,score_Proliferation,contiguous,0.003657659388054261,22.0
P2,score_T_cell_activity,contiguous,0.0014111239977446927,22.0
P2,score_Myeloid_inflammation,contiguous,0.04880341044923052,22.0
P2,tumour_immune_contact,contiguous,-0.5451472718493482,22.0
P2,frac_Tumour,contiguous,0.22404635441815549,23.0
P2,frac_Immune,contiguous,-0.25929502655721876,23.0
P2,score_Estrogen_response,contiguous,-0.03216930742555324,23.0
P2,score_Proliferation,contiguous,-0.0011651493158261659,23.0
P2,score_T_cell_activity,contiguous,-0.001201369069980891,23.0
P2,score_Myeloid_inflammation,contiguous,-0.006699248185986328,23.0
P2,tumour_immune_contact,contiguous,-0.4683727667793337,23.0
P2,frac_Tumour,contiguous,0.17817479478512796,24.0
P2,frac_Immune,contiguous,-0.25012071463061325,24.0
P2,score_Estrogen_response,contiguous,-0.11497791081320125,24.0
P2,score_Proliferation,contiguous,0.005023115128776151,24.0
P2,score_T_cell_activity,contiguous,0.0032643623437024075,24.0
P2,score_Myeloid_inflammation,contiguous,0.09507972337298866,24.0
P2,tumour_immune_contact,contiguous,-0.4732013520038629,24.0
P2,frac_Tumour,contiguous,0.17817479478512796,25.0
P2,frac_Immune,contiguous,-0.25012071463061325,25.0
P2,score_Estrogen_response,contiguous,-0.11522487099289536,25.0
P2,score_Proliferation,contiguous,0.005021423145683508,25.0
P2,score_T_cell_activity,contiguous,0.003294285331908801,25.0
P2,score_Myeloid_inflammation,contiguous,0.09481528116964826,25.0
P2,tumour_immune_contact,contiguous,-0.47271849348141,25.0
P2,frac_Tumour,contiguous,0.4118783196523419,26.0
P2,frac_Immune,contiguous,-0.2337035248672139,26.0
P2,score_Estrogen_response,contiguous,0.30968078185574055,26.0
P2,score_Proliferation,contiguous,-0.0013771612111432925,26.0
P2,score_T_cell_activity,contiguous,-0.006091887986875524,26.0
P2,score_Myeloid_inflammation,contiguous,-0.13164529148388932,26.0
P2,tumour_immune_contact,contiguous,-0.4027040077257364,26.0
P2,frac_Tumour,contiguous,0.1863833896668276,27.0
P2,frac_Immune,contiguous,-0.25012071463061325,27.0
P2,score_Estrogen_response,contiguous,-0.09785337445629139,27.0
P2,score_Proliferation,contiguous,0.004429459333701364,27.0
P2,score_T_cell_activity,contiguous,0.001730595972787568,27.0
P2,score_Myeloid_inflammation,contiguous,0.08353153977390047,27.0
P2,tumour_immune_contact,contiguous,-0.47271849348141,27.0
P2,frac_Tumour,contiguous,0.4823756639304684,28.0
P2,frac_Immune,contiguous,-0.27764365041042977,28.0
P2,score_Estrogen_response,contiguous,0.3702116542918018,28.0
P2,score_Proliferation,contiguous,0.007555489633630841,28.0
P2,score_T_cell_activity,contiguous,-0.007807305408317159,28.0
P2,score_Myeloid_inflammation,contiguous,-0.15183691183709547,28.0
P2,tumour_immune_contact,contiguous,-0.5055528730082086,28.0
P2,frac_Tumour,contiguous,0.24142926122646066,29.0
P2,frac_Immune,contiguous,-0.2588121680347658,29.0
P2,score_Estrogen_response,contiguous,-0.00806915036839645,29.0
P2,score_Proliferation,contiguous,0.0054496662887396925,29.0
P2,score_T_cell_activity,contiguous,-0.00023121504042879996,29.0
P2,score_Myeloid_inflammation,contiguous,0.02387283161584393,29.0
P2,tumour_immune_contact,contiguous,-0.48623853211009177,29.0
P2,frac_Tumour,contiguous,0.4157411878319653,30.0
P2,frac_Immune,contiguous,-0.25688073394495414,30.0
P2,score_Estrogen_response,contiguous,0.22492069242242063,30.0
P2,score_Proliferation,contiguous,0.004638291519096017,30.0
P2,score_T_cell_activity,contiguous,-0.005910979610222628,30.0
P2,score_Myeloid_inflammation,contiguous,-0.11334406367020582,30.0
P2,tumour_immune_contact,contiguous,-0.4794785127957509,30.0
P2,frac_Tumour,contiguous,0.15837759536455817,31.0
P2,frac_Immune,contiguous,-0.28198937711250605,31.0
P2,score_Estrogen_response,contiguous,-0.1413264309831685,31.0
P2,score_Proliferation,contiguous,0.007194192690043344,31.0
P2,score_T_cell_activity,contiguous,0.003596296826842353,31.0
P2,score_Myeloid_inflammation,contiguous,0.10658774019326502,31.0
P2,tumour_immune_contact,contiguous,-0.5292129406084017,31.0
P2,frac_Tumour,contiguous,0.4746499275712217,32.0
P2,frac_Immune,contiguous,-0.2781265089328827,32.0
P2,score_Estrogen_response,contiguous,0.3472725692020271,32.0
P2,score_Proliferation,contiguous,0.005784003304273878,32.0
P2,score_T_cell_activity,contiguous,-0.005862646849994909,32.0
P2,score_Myeloid_inflammation,contiguous,-0.1372214481955642,32.0
P2,tumour_immune_contact,contiguous,-0.5084500241429262,32.0
P2,frac_Tumour,contiguous,0.18396909705456302,33.0
P2,frac_Immune,contiguous,-0.28874939642684694,33.0
P2,score_Estrogen_response,contiguous,-0.12463597234651855,33.0
P2,score_Proliferation,contiguous,0.00806510687205702,33.0
P2,score_T_cell_activity,contiguous,0.003027057431943889,33.0
P2,score_Myeloid_inflammation,contiguous,0.10978337314243945,33.0
P2,tumour_immune_contact,contiguous,-0.5441815548044423,33.0
P2,frac_Tumour,contiguous,0.3510381458232738,34.0
P2,frac_Immune,contiguous,-0.23418638338966685,34.0
P2,score_Estrogen_response,contiguous,0.23972085559271727,34.0
P2,score_Proliferation,contiguous,-0.0025187547745138517,34.0
P2,score_T_cell_activity,contiguous,-0.0035690344352592566,34.0
P2,score_Myeloid_inflammation,contiguous,-0.10403872682397478,34.0
P2,tumour_immune_contact,contiguous,-0.40463544181554806,34.0
P2,frac_Tumour,contiguous,0.34089811685176247,35.0
P2,frac_Immune,contiguous,-0.23418638338966685,35.0
P2,score_Estrogen_response,contiguous,0.22839773764967475,35.0
P2,score_Proliferation,contiguous,-0.003305843570225967,35.0
P2,score_T_cell_activity,contiguous,-0.0035509147386769743,35.0
P2,score_Myeloid_inflammation,contiguous,-0.1030083916531064,35.0
P2,tumour_immune_contact,contiguous,-0.40463544181554806,35.0
P2,frac_Tumour,contiguous,0.30275229357798167,36.0
P2,frac_Immune,contiguous,-0.2351521004345727,36.0
P2,score_Estrogen_response,contiguous,0.15752998191600326,36.0
P2,score_Proliferation,contiguous,-0.004343087679966535,36.0
P2,score_T_cell_activity,contiguous,-0.003799413437721534,36.0
P2,score_Myeloid_inflammation,contiguous,-0.08405937156603567,36.0
P2,tumour_immune_contact,contiguous,-0.40849830999517145,36.0
P2,frac_Tumour,contiguous,0.23128923225494932,37.0
P2,frac_Immune,contiguous,-0.24625784645098986,37.0
P2,score_Estrogen_response,contiguous,0.01616518119521515,37.0
P2,score_Proliferation,contiguous,-0.005245980063888569,37.0
P2,score_T_cell_activity,contiguous,-0.002646767134736525,37.0
P2,score_Myeloid_inflammation,contiguous,-0.044958092413340894,37.0
P2,tumour_immune_contact,contiguous,-0.43795267986479963,37.0
P2,frac_Tumour,contiguous,0.29744084983099955,38.0
P2,frac_Immune,contiguous,-0.264123611781748,38.0
P2,score_Estrogen_response,contiguous,0.06257225788918935,38.0
P2,score_Proliferation,contiguous,0.004755365184527955,38.0
P2,score_T_cell_activity,contiguous,-0.0008369052284859578,38.0
P2,score_Myeloid_inflammation,contiguous,-0.017226819198981447,38.0
P2,tumour_immune_contact,contiguous,-0.4915499758570739,38.0
P2,frac_Tumour,contiguous,0.46402704007725737,39.0
P2,frac_Immune,contiguous,-0.24191211974891358,39.0
P2,score_Estrogen_response,contiguous,0.3902845588864797,39.0
P2,score_Proliferation,contiguous,0.0023658649274558565,39.0
P2,score_T_cell_activity,contiguous,-0.005654173771024817,39.0
P2,score_Myeloid_inflammation,contiguous,-0.17786893308566987,39.0
P2,tumour_immune_contact,contiguous,-0.4225012071463061,39.0
P2,frac_Tumour,contiguous,0.22114920328343793,40.0
P2,frac_Immune,contiguous,-0.24625784645098986,40.0
P2,score_Estrogen_response,contiguous,-0.012408651411950522,40.0
P2,score_Proliferation,contiguous,-0.006022018481838271,40.0
P2,score_T_cell_activity,contiguous,-0.002021970615035696,40.0
P2,score_Myeloid_inflammation,contiguous,-0.021326220558976344,40.0
P2,tumour_immune_contact,contiguous,-0.43602124577498796,40.0
P2,frac_Tumour,contiguous,0.2901979719942057,41.0
P2,frac_Immune,contiguous,-0.28730082085948816,41.0
P2,score_Estrogen_response,contiguous,0.0376483701082575,41.0
P2,score_Proliferation,contiguous,0.0022480147707789385,41.0
P2,score_T_cell_activity,contiguous,-0.00014089642623902167,41.0
P2,score_Myeloid_inflammation,contiguous,-0.006783774239840792,41.0
P2,tumour_immune_contact,contiguous,-0.5374215354901014,41.0
P2,frac_Tumour,contiguous,0.15982617093191695,42.0
P2,frac_Immune,contiguous,-0.29068083051665866,42.0
P2,score_Estrogen_response,contiguous,-0.16811809566890415,42.0
P2,score_Proliferation,contiguous,0.003840657946889509,42.0
P2,score_T_cell_activity,contiguous,0.002876465318493224,42.0
P2,score_Myeloid_inflammation,contiguous,0.1325132389262777,42.0
P2,tumour_immune_contact,contiguous,-0.5490101400289715,42.0
P2,frac_Tumour,contiguous,0.21294060840173828,43.0
P2,frac_Immune,contiguous,-0.29068083051665866,43.0
P2,score_Estrogen_response,contiguous,-0.09939361184675688,43.0
P2,score_Proliferation,contiguous,0.001609068190452361,43.0
P2,score_T_cell_activity,contiguous,0.0020867232569681824,43.0
P2,score_Myeloid_inflammation,contiguous,0.09623005683680129,43.0
P2,tumour_immune_contact,contiguous,-0.5490101400289715,43.0
P2,frac_Tumour,contiguous,0.36069531627233226,44.0
P2,frac_Immune,contiguous,-0.2747464992757122,44.0
P2,score_Estrogen_response,contiguous,0.17060684138670296,44.0
P2,score_Proliferation,contiguous,0.0036703522263427206,44.0
P2,score_T_cell_activity,contiguous,-0.005083280400554715,44.0
P2,score_Myeloid_inflammation,contiguous,-0.08243607398671007,44.0
P2,tumour_immune_contact,contiguous,-0.503621438918397,44.0
P2,frac_Tumour,contiguous,0.16417189763399323,45.0
P2,frac_Immune,contiguous,-0.2771607918879768,45.0
P2,score_Estrogen_response,contiguous,-0.13605054109279846,45.0
P2,score_Proliferation,contiguous,0.006599654265321065,45.0
P2,score_T_cell_activity,contiguous,0.0035150960377571486,45.0
P2,score_Myeloid_inflammation,contiguous,0.1038758690585644,45.0
P2,tumour_immune_contact,contiguous,-0.5181071945919846,45.0
P2,frac_Tumour,contiguous,0.18686624818928055,46.0
P2,frac_Immune,contiguous,-0.2892322549492999,46.0
P2,score_Estrogen_response,contiguous,-0.1215375922215064,46.0
P2,score_Proliferation,contiguous,0.008421627991380902,46.0
P2,score_T_cell_activity,contiguous,0.003202933987439655,46.0
P2,score_Myeloid_inflammation,contiguous,0.11052036022521032,46.0
P2,tumour_immune_contact,contiguous,-0.5451472718493482,46.0
P2,frac_Tumour,contiguous,0.1834862385321101,47.0
P2,frac_Immune,contiguous,-0.25012071463061325,47.0
P2,score_Estrogen_response,contiguous,-0.10386736514729775,47.0
P2,score_Proliferation,contiguous,0.004432482929110675,47.0
P2,score_T_cell_activity,contiguous,0.0027812882048958883,47.0
P2,score_Myeloid_inflammation,contiguous,0.08813931447590011,47.0
P2,tumour_immune_contact,contiguous,-0.47271849348141,47.0
P2,frac_Tumour,contiguous,0.1950748430709802,48.0
P2,frac_Immune,contiguous,-0.25012071463061325,48.0
P2,score_Estrogen_response,contiguous,-0.08771884774437894,48.0
P2,score_Proliferation,contiguous,0.004190230415553046,48.0
P2,score_T_cell_activity,contiguous,0.0017214192228746173,48.0
P2,score_Myeloid_inflammation,contiguous,0.07568269189816089,48.0
P2,tumour_immune_contact,contiguous,-0.47271849348141,48.0
P2,frac_Tumour,contiguous,0.4278126508932883,49.0
P2,frac_Immune,contiguous,-0.24915499758570742,49.0
P2,score_Estrogen_response,contiguous,0.250313203235386,49.0
P2,score_Proliferation,contiguous,0.003051897200464276,49.0
P2,score_T_cell_activity,contiguous,-0.005890846089910248,49.0
P2,score_Myeloid_inflammation,contiguous,-0.1427694552863684,49.0
P2,tumour_immune_contact,contiguous,-0.4688556253017866,49.0
P2,frac_Tumour,contiguous,0.22114920328343793,50.0
P2,frac_Immune,contiguous,-0.24625784645098986,50.0
P2,score_Estrogen_response,contiguous,-0.012408651411950522,50.0
P2,score_Proliferation,contiguous,-0.006022018481838271,50.0
P2,score_T_cell_activity,contiguous,-0.002021970615035696,50.0
P2,score_Myeloid_inflammation,contiguous,-0.021326220558976344,50.0
P2,tumour_immune_contact,contiguous,-0.43602124577498796,50.0
P2,frac_Tumour,contiguous,0.1651376146788991,51.0
P2,frac_Immune,contiguous,-0.28730082085948816,51.0
P2,score_Estrogen_response,contiguous,-0.13551755941715676,51.0
P2,score_Proliferation,contiguous,0.00821898028480772,51.0
P2,score_T_cell_activity,contiguous,0.004391017486078379,51.0
P2,score_Myeloid_inflammation,contiguous,0.10749674572026623,51.0
P2,tumour_immune_contact,contiguous,-0.5374215354901014,51.0
P2,frac_Tumour,contiguous,0.25639787542250125,52.0
P2,frac_Immune,contiguous,-0.28971511347175277,52.0
P2,score_Estrogen_response,contiguous,-0.02132479025307671,52.0
P2,score_Proliferation,contiguous,0.002764176473372625,52.0
P2,score_T_cell_activity,contiguous,2.207804633490556e-05,52.0
P2,score_Myeloid_inflammation,contiguous,0.03801870459179878,52.0
P2,tumour_immune_contact,contiguous,-0.546112988894254,52.0
P2,frac_Tumour,contiguous,0.4422984065668759,53.0
P2,frac_Immune,contiguous,-0.23322066634476102,53.0
P2,score_Estrogen_response,contiguous,0.3636972137410852,53.0
P2,score_Proliferation,contiguous,0.00086058979079465,53.0
P2,score_T_cell_activity,contiguous,-0.007512581617328572,53.0
P2,score_Myeloid_inflammation,contiguous,-0.17032028926139464,53.0
P2,tumour_immune_contact,contiguous,-0.40077257363592467,53.0
P2,frac_Tumour,contiguous,0.23708353452438433,54.0
P2,frac_Immune,contiguous,-0.24625784645098986,54.0
P2,score_Estrogen_response,contiguous,0.023227990415593203,54.0
P2,score_Proliferation,contiguous,-0.005162290927070308,54.0
P2,score_T_cell_activity,contiguous,-0.002700028869529989,54.0
P2,score_Myeloid_inflammation,contiguous,-0.04756363621052112,54.0
P2,tumour_immune_contact,contiguous,-0.43795267986479963,54.0
P2,frac_Tumour,contiguous,0.17576050217286335,55.0
P2,frac_Immune,contiguous,-0.2626750362143892,55.0
P2,score_Estrogen_response,contiguous,-0.1175338713733225,55.0
P2,score_Proliferation,contiguous,0.006327788125267064,55.0
P2,score_T_cell_activity,contiguous,0.0027922752295884154,55.0
P2,score_Myeloid_inflammation,contiguous,0.09791973797594293,55.0
P2,tumour_immune_contact,contiguous,-0.49492998551424433,55.0
P2,frac_Tumour,contiguous,0.48334138097537427,56.0
P2,frac_Immune,contiguous,-0.2732979237083535,56.0
P2,score_Estrogen_response,contiguous,0.38457032554957515,56.0
P2,score_Proliferation,contiguous,0.007159890339887504,56.0
P2,score_T_cell_activity,contiguous,-0.006725749887383476,56.0
P2,score_Myeloid_inflammation,contiguous,-0.15381792950993645,56.0
P2,tumour_immune_contact,contiguous,-0.4978271366489619,56.0
P2,frac_Tumour,contiguous,0.24094640270400772,57.0
P2,frac_Immune,contiguous,-0.26364075325929504,57.0
P2,score_Estrogen_response,contiguous,-0.00666615256431119,57.0
P2,score_Proliferation,contiguous,-0.0009798301493725392,57.0
P2,score_T_cell_activity,contiguous,-0.0037377881374281727,57.0
P2,score_Myeloid_inflammation,contiguous,-0.027696898382313248,57.0
P2,tumour_immune_contact,contiguous,-0.47754707870593915,57.0
P2,frac_Tumour,contiguous,0.16224046354418156,58.0
P2,frac_Immune,contiguous,-0.2877836793819411,58.0
P2,score_Estrogen_response,contiguous,-0.13664528113366137,58.0
P2,score_Proliferation,contiguous,0.007676405679054747,58.0
P2,score_T_cell_activity,contiguous,0.003929849311095273,58.0
P2,score_Myeloid_inflammation,contiguous,0.10835070002128623,58.0
P2,tumour_immune_contact,contiguous,-0.5393529695799131,58.0
P2,frac_Tumour,contiguous,0.28392081120231777,59.0
P2,frac_Immune,contiguous,-0.2877836793819411,59.0
P2,score_Estrogen_response,contiguous,0.026107734489547563,59.0
P2,score_Proliferation,contiguous,0.000949567998234107,59.0
P2,score_T_cell_activity,contiguous,-0.0009590799688992153,59.0
P2,score_Myeloid_inflammation,contiguous,0.003750957162252322,59.0
P2,tumour_immune_contact,contiguous,-0.540318686624819,59.0
P2,frac_Tumour,contiguous,0.1636890391115403,60.0
P2,frac_Immune,contiguous,-0.29068083051665866,60.0
P2,score_Estrogen_response,contiguous,-0.16402416612589937,60.0
P2,score_Proliferation,contiguous,0.003919811059914688,60.0
P2,score_T_cell_activity,contiguous,0.002503420936277854,60.0
P2,score_Myeloid_inflammation,contiguous,0.12995317572841936,60.0
P2,tumour_immune_contact,contiguous,-0.5490101400289715,60.0
P2,frac_Tumour,contiguous,0.46161274746499276,61.0
P2,frac_Immune,contiguous,-0.23853211009174313,61.0
P2,score_Estrogen_response,contiguous,0.38733177858943657,61.0
P2,score_Proliferation,contiguous,0.00213305717960285,61.0
P2,score_T_cell_activity,contiguous,-0.006582060219548367,61.0
P2,score_Myeloid_inflammation,contiguous,-0.17769637204996017,61.0
P2,tumour_immune_contact,contiguous,-0.41574118783196523,61.0
P2,frac_Tumour,contiguous,0.23466924191211977,62.0
P2,frac_Immune,contiguous,-0.2781265089328827,62.0
P2,score_Estrogen_response,contiguous,-0.03329285558338663,62.0
P2,score_Proliferation,contiguous,0.006181789196857152,62.0
P2,score_T_cell_activity,contiguous,-0.00036222949165265255,62.0
P2,score_Myeloid_inflammation,contiguous,0.043964634439801656,62.0
P2,tumour_immune_contact,contiguous,-0.5195557701593433,62.0
P2,frac_Tumour,contiguous,0.40608401738290684,63.0
P2,frac_Immune,contiguous,-0.2626750362143892,63.0
P2,score_Estrogen_response,contiguous,0.21184597794617344,63.0
P2,score_Proliferation,contiguous,0.004742423844546116,63.0
P2,score_T_cell_activity,contiguous,-0.0054825676504266785,63.0
P2,score_Myeloid_inflammation,contiguous,-0.0967065323749087,63.0
P2,tumour_immune_contact,contiguous,-0.4886528247223564,63.0
P2,frac_Tumour,contiguous,0.4437469821342347,64.0
P2,frac_Immune,contiguous,-0.23322066634476102,64.0
P2,score_Estrogen_response,contiguous,0.365147486304198,64.0
P2,score_Proliferation,contiguous,0.0005345753983845504,64.0
P2,score_T_cell_activity,contiguous,-0.007531415241902653,64.0
P2,score_Myeloid_inflammation,contiguous,-0.17061614009802312,64.0
P2,tumour_immune_contact,contiguous,-0.40077257363592467,64.0
P2,frac_Tumour,contiguous,0.1632061805890874,65.0
P2,frac_Immune,contiguous,-0.27764365041042977,65.0
P2,score_Estrogen_response,contiguous,-0.13719212811544904,65.0
P2,score_Proliferation,contiguous,0.0066043149002557085,65.0
P2,score_T_cell_activity,contiguous,0.0034800222320038477,65.0
P2,score_Myeloid_inflammation,contiguous,0.10501829696829255,65.0
P2,tumour_immune_contact,contiguous,-0.5190729116368904,65.0
P2,frac_Tumour,contiguous,0.31096088845968134,66.0
P2,frac_Immune,contiguous,-0.2351521004345727,66.0
P2,score_Estrogen_response,contiguous,0.1655210620602482,66.0
P2,score_Proliferation,contiguous,-0.0034658478974744444,66.0
P2,score_T_cell_activity,contiguous,-0.0037079852547011734,66.0
P2,score_Myeloid_inflammation,contiguous,-0.08582049084774324,66.0
P2,tumour_immune_contact,contiguous,-0.40849830999517145,66.0
P2,frac_Tumour,contiguous,0.4751327860936746,67.0
P2,frac_Immune,contiguous,-0.24867213906325447,67.0
P2,score_Estrogen_response,contiguous,0.40545008808548555,67.0
P2,score_Proliferation,contiguous,0.00279025578703518,67.0
P2,score_T_cell_activity,contiguous,-0.006679813072243819,67.0
P2,score_Myeloid_inflammation,contiguous,-0.17527556477180473,67.0
P2,tumour_immune_contact,contiguous,-0.4422984065668759,67.0
P2,frac_Tumour,contiguous,0.31578947368421056,68.0
P2,frac_Immune,contiguous,-0.2351521004345727,68.0
P2,score_Estrogen_response,contiguous,0.17433922565571947,68.0
P2,score_Proliferation,contiguous,-0.0038221361383716647,68.0
P2,score_T_cell_activity,contiguous,-0.0038008439256344167,68.0
P2,score_Myeloid_inflammation,contiguous,-0.08810054674274866,68.0
P2,tumour_immune_contact,contiguous,-0.40849830999517145,68.0
P2,frac_Tumour,contiguous,0.42056977305649446,69.0
P2,frac_Immune,contiguous,-0.24915499758570742,69.0
P2,score_Estrogen_response,contiguous,0.24034543926377128,69.0
P2,score_Proliferation,contiguous,0.0034347456166709837,69.0
P2,score_T_cell_activity,contiguous,-0.006057303188602965,69.0
P2,score_Myeloid_inflammation,contiguous,-0.1372425993818635,69.0
P2,tumour_immune_contact,contiguous,-0.4688556253017866,69.0
P2,frac_Tumour,contiguous,0.36745533558667315,70.0
P2,frac_Immune,contiguous,-0.2337035248672139,70.0
P2,score_Estrogen_response,contiguous,0.2568217921176579,70.0
P2,score_Proliferation,contiguous,-0.0011431072384790633,70.0
P2,score_T_cell_activity,contiguous,-0.0036935803962588982,70.0
P2,score_Myeloid_inflammation,contiguous,-0.10778131005478449,70.0
P2,tumour_immune_contact,contiguous,-0.4036697247706422,70.0
P2,frac_Tumour,contiguous,0.24818928054080155,71.0
P2,frac_Immune,contiguous,-0.25012071463061325,71.0
P2,score_Estrogen_response,contiguous,0.02411224501583975,71.0
P2,score_Proliferation,contiguous,-0.005055857471567933,71.0
P2,score_T_cell_activity,contiguous,-0.005023887329646716,71.0
P2,score_Myeloid_inflammation,contiguous,-0.04363967836702172,71.0
P2,tumour_immune_contact,contiguous,-0.44278126508932886,71.0
P2,frac_Tumour,contiguous,0.43408981168517624,72.0
P2,frac_Immune,contiguous,-0.2337035248672139,72.0
P2,score_Estrogen_response,contiguous,0.34794602141483655,72.0
P2,score_Proliferation,contiguous,0.00014372623073589854,72.0
P2,score_T_cell_activity,contiguous,-0.007195899824678094,72.0
P2,score_Myeloid_inflammation,contiguous,-0.16242506395180417,72.0
P2,tumour_immune_contact,contiguous,-0.4027040077257364,72.0
P2,frac_Tumour,contiguous,0.1834862385321101,73.0
P2,frac_Immune,contiguous,-0.25012071463061325,73.0
P2,score_Estrogen_response,contiguous,-0.10386736514729775,73.0
P2,score_Proliferation,contiguous,0.004432482929110675,73.0
P2,score_T_cell_activity,contiguous,0.0027812882048958883,73.0
P2,score_Myeloid_inflammation,contiguous,0.08813931447590011,73.0
P2,tumour_immune_contact,contiguous,-0.47271849348141,73.0
P2,frac_Tumour,contiguous,0.16224046354418156,74.0
P2,frac_Immune,contiguous,-0.2877836793819411,74.0
P2,score_Estrogen_response,contiguous,-0.1366802151448509,74.0
P2,score_Proliferation,contiguous,0.007619674624915416,74.0
P2,score_T_cell_activity,contiguous,0.00391813131123311,74.0
P2,score_Myeloid_inflammation,contiguous,0.1085033723988467,74.0
P2,tumour_immune_contact,contiguous,-0.5393529695799131,74.0
P2,frac_Tumour,contiguous,0.15934331240946403,75.0
P2,frac_Immune,contiguous,-0.2602607436021246,75.0
P2,score_Estrogen_response,contiguous,-0.10988408495582902,75.0
P2,score_Proliferation,contiguous,-0.0026716274659745547,75.0
P2,score_T_cell_activity,contiguous,0.0018643333494935202,75.0
P2,score_Myeloid_inflammation,contiguous,0.0411936258297204,75.0
P2,tumour_immune_contact,contiguous,-0.4712699179140512,75.0
P2,frac_Tumour,contiguous,0.17817479478512796,76.0
P2,frac_Immune,contiguous,-0.25012071463061325,76.0
P2,score_Estrogen_response,contiguous,-0.11522487099289536,76.0
P2,score_Proliferation,contiguous,0.005021423145683508,76.0
P2,score_T_cell_activity,contiguous,0.003294285331908801,76.0
P2,score_Myeloid_inflammation,contiguous,0.09481528116964826,76.0
P2,tumour_immune_contact,contiguous,-0.47271849348141,76.0
P2,frac_Tumour,contiguous,0.24046354418155483,77.0
P2,frac_Immune,contiguous,-0.24384355383872527,77.0
P2,score_Estrogen_response,contiguous,0.03873474743389571,77.0
P2,score_Proliferation,contiguous,-0.005129489873303384,77.0
P2,score_T_cell_activity,contiguous,-0.003393371036257479,77.0
P2,score_Myeloid_inflammation,contiguous,-0.06198150930739943,77.0
P2,tumour_immune_contact,contiguous,-0.4316755190729117,77.0
P2,frac_Tumour,contiguous,0.3273780782230807,78.0
P2,frac_Immune,contiguous,-0.23466924191211977,78.0
P2,score_Estrogen_response,contiguous,0.20019371394459795,78.0
P2,score_Proliferation,contiguous,-0.0037319472106882115,78.0
P2,score_T_cell_activity,contiguous,-0.004386297540027903,78.0
P2,score_Myeloid_inflammation,contiguous,-0.09638137770429302,78.0
P2,tumour_immune_contact,contiguous,-0.4065668759053598,78.0
P2,frac_Tumour,contiguous,0.3462095605987446,79.0
P2,frac_Immune,contiguous,-0.23418638338966685,79.0
P2,score_Estrogen_response,contiguous,0.23377721473309876,79.0
P2,score_Proliferation,contiguous,-0.0035355852198475156,79.0
P2,score_T_cell_activity,contiguous,-0.003734681745727733,79.0
P2,score_Myeloid_inflammation,contiguous,-0.10383450192117534,79.0
P2,tumour_immune_contact,contiguous,-0.40463544181554806,79.0
P2,frac_Tumour,contiguous,0.2877836793819411,80.0
P2,frac_Immune,contiguous,-0.2351521004345727,80.0
P2,score_Estrogen_response,contiguous,0.13341042750502558,80.0
P2,score_Proliferation,contiguous,-0.005049370445594323,80.0
P2,score_T_cell_activity,contiguous,-0.003267019865482006,80.0
P2,score_Myeloid_inflammation,contiguous,-0.08161139318595517,80.0
P2,tumour_immune_contact,contiguous,-0.40849830999517145,80.0
P2,frac_Tumour,contiguous,0.3124094640270401,81.0
P2,frac_Immune,contiguous,-0.24963785610816033,81.0
P2,score_Estrogen_response,contiguous,0.09030987029604332,81.0
P2,score_Proliferation,contiguous,0.002890280146207297,81.0
P2,score_T_cell_activity,contiguous,-0.0014921793076017053,81.0
P2,score_Myeloid_inflammation,contiguous,-0.040628569690448396,81.0
P2,tumour_immune_contact,contiguous,-0.47078705939159826,81.0
P2,frac_Tumour,contiguous,0.2423949782713665,82.0
P2,frac_Immune,contiguous,-0.23901496861419605,82.0
P2,score_Estrogen_response,contiguous,0.05632777847138842,82.0
P2,score_Proliferation,contiguous,-0.004684219182013951,82.0
P2,score_T_cell_activity,contiguous,-0.0028087896463997357,82.0
P2,score_Myeloid_inflammation,contiguous,-0.06729923227086557,82.0
P2,tumour_immune_contact,contiguous,-0.4191211974891357,82.0
P2,frac_Tumour,contiguous,0.23466924191211977,83.0
P2,frac_Immune,contiguous,-0.24577498792853697,83.0
P2,score_Estrogen_response,contiguous,0.026553029137395212,83.0
P2,score_Proliferation,contiguous,-0.005422903086150328,83.0
P2,score_T_cell_activity,contiguous,-0.0033481296320868057,83.0
P2,score_Myeloid_inflammation,contiguous,-0.05330513989198195,83.0
P2,tumour_immune_contact,contiguous,-0.43650410429744085,83.0
P2,frac_Tumour,contiguous,0.39256397875422505,84.0
P2,frac_Immune,contiguous,-0.2337035248672139,84.0
P2,score_Estrogen_response,contiguous,0.28346402246213276,84.0
P2,score_Proliferation,contiguous,-0.001551390826698766,84.0
P2,score_T_cell_activity,contiguous,-0.004618520872598923,84.0
P2,score_Myeloid_inflammation,contiguous,-0.1146535391442015,84.0
P2,tumour_immune_contact,contiguous,-0.4027040077257364,84.0
P2,frac_Tumour,contiguous,0.16224046354418156,85.0
P2,frac_Immune,contiguous,-0.2877836793819411,85.0
P2,score_Estrogen_response,contiguous,-0.1366802151448509,85.0
P2,score_Proliferation,contiguous,0.007619674624915416,85.0
P2,score_T_cell_activity,contiguous,0.0039181313112331105,85.0
P2,score_Myeloid_inflammation,contiguous,0.10850337239884673,85.0
P2,tumour_immune_contact,contiguous,-0.5393529695799131,85.0
P2,frac_Tumour,contiguous,0.24046354418155483,86.0
P2,frac_Immune,contiguous,-0.24384355383872527,86.0
P2,score_Estrogen_response,contiguous,0.03873474743389571,86.0
P2,score_Proliferation,contiguous,-0.005129489873303384,86.0
P2,score_T_cell_activity,contiguous,-0.003393371036257479,86.0
P2,score_Myeloid_inflammation,contiguous,-0.06198150930739943,86.0
P2,tumour_immune_contact,contiguous,-0.4316755190729117,86.0
P2,frac_Tumour,contiguous,0.24094640270400772,87.0
P2,frac_Immune,contiguous,-0.24191211974891358,87.0
P2,score_Estrogen_response,contiguous,0.04752782517906157,87.0
P2,score_Proliferation,contiguous,-0.00490819849510777,87.0
P2,score_T_cell_activity,contiguous,-0.0035402592156589304,87.0
P2,score_Myeloid_inflammation,contiguous,-0.06430342714767506,87.0
P2,tumour_immune_contact,contiguous,-0.42684693384838246,87.0
P2,frac_Tumour,contiguous,0.26364075325929504,88.0
P2,frac_Immune,contiguous,-0.2771607918879768,88.0
P2,score_Estrogen_response,contiguous,0.005455406419713538,88.0
P2,score_Proliferation,contiguous,0.005207735238601648,88.0
P2,score_T_cell_activity,contiguous,-0.001589306950187955,88.0
P2,score_Myeloid_inflammation,contiguous,0.0253243173034617,88.0
P2,tumour_immune_contact,contiguous,-0.5210043457267021,88.0
P2,frac_Tumour,contiguous,0.17817479478512796,89.0
P2,frac_Immune,contiguous,-0.25012071463061325,89.0
P2,score_Estrogen_response,contiguous,-0.11340149322074414,89.0
P2,score_Proliferation,contiguous,0.00477158707589769,89.0
P2,score_T_cell_activity,contiguous,0.0032330625914665356,89.0
P2,score_Myeloid_inflammation,contiguous,0.09436082855759527,89.0
P2,tumour_immune_contact,contiguous,-0.47271849348141,89.0
P2,frac_Tumour,contiguous,0.44809270883631097,90.0
P2,frac_Immune,contiguous,-0.23322066634476102,90.0
P2,score_Estrogen_response,contiguous,0.3689198516592177,90.0
P2,score_Proliferation,contiguous,0.0006978345265480344,90.0
P2,score_T_cell_activity,contiguous,-0.0072562617151040835,90.0
P2,score_Myeloid_inflammation,contiguous,-0.1719820052430968,90.0
P2,tumour_immune_contact,contiguous,-0.40173829068083056,90.0
P2,frac_Tumour,contiguous,0.28874939642684694,91.0
P2,frac_Immune,contiguous,-0.24963785610816033,91.0
P2,score_Estrogen_response,contiguous,0.05834010261808098,91.0
P2,score_Proliferation,contiguous,0.004009204964210934,91.0
P2,score_T_cell_activity,contiguous,-0.0011798817482684707,91.0
P2,score_Myeloid_inflammation,contiguous,-0.01246301500853901,91.0
P2,tumour_immune_contact,contiguous,-0.47078705939159826,91.0
P2,frac_Tumour,contiguous,0.45630130371801064,92.0
P2,frac_Immune,contiguous,-0.23708353452438438,92.0
P2,score_Estrogen_response,contiguous,0.3823226856444407,92.0
P2,score_Proliferation,contiguous,0.0018275275049027461,92.0
P2,score_T_cell_activity,contiguous,-0.00641698681832612,92.0
P2,score_Myeloid_inflammation,contiguous,-0.1767118595355882,92.0
P2,tumour_immune_contact,contiguous,-0.4099468855625302,92.0
P2,frac_Tumour,contiguous,0.2877836793819411,93.0
P2,frac_Immune,contiguous,-0.2351521004345727,93.0
P2,score_Estrogen_response,contiguous,0.13341042750502552,93.0
P2,score_Proliferation,contiguous,-0.0050493704455943245,93.0
P2,score_T_cell_activity,contiguous,-0.003267019865482006,93.0
P2,score_Myeloid_inflammation,contiguous,-0.08161139318595517,93.0
P2,tumour_immune_contact,contiguous,-0.40849830999517145,93.0
P2,frac_Tumour,contiguous,0.24432641236117816,94.0
P2,frac_Immune,contiguous,-0.2877836793819411,94.0
P2,score_Estrogen_response,contiguous,-0.03703061551487352,94.0
P2,score_Proliferation,contiguous,0.002048229029355422,94.0
P2,score_T_cell_activity,contiguous,0.00012314019956216225,94.0
P2,score_Myeloid_inflammation,contiguous,0.03573537654035332,94.0
P2,tumour_immune_contact,contiguous,-0.5383872525350073,94.0
P2,frac_Tumour,contiguous,0.4485755673587639,95.0
P2,frac_Immune,contiguous,-0.2337035248672139,95.0
P2,score_Estrogen_response,contiguous,0.36839395883995996,95.0
P2,score_Proliferation,contiguous,0.0010482657026456895,95.0
P2,score_T_cell_activity,contiguous,-0.006825344602960227,95.0
P2,score_Myeloid_inflammation,contiguous,-0.17118327899053853,95.0
P2,tumour_immune_contact,contiguous,-0.4027040077257364,95.0
P2,frac_Tumour,contiguous,0.3462095605987446,96.0
P2,frac_Immune,contiguous,-0.23418638338966685,96.0
P2,score_Estrogen_response,contiguous,0.23377721473309876,96.0
P2,score_Proliferation,contiguous,-0.0035355852198475156,96.0
P2,score_T_cell_activity,contiguous,-0.003734681745727733,96.0
P2,score_Myeloid_inflammation,contiguous,-0.10383450192117534,96.0
P2,tumour_immune_contact,contiguous,-0.40463544181554806,96.0
P2,frac_Tumour,contiguous,0.17093191694833412,97.0
P2,frac_Immune,contiguous,-0.2718493481409947,97.0
P2,score_Estrogen_response,contiguous,-0.11409036018791127,97.0
P2,score_Proliferation,contiguous,-0.0004272740797726612,97.0
P2,score_T_cell_activity,contiguous,0.0012693456013396346,97.0
P2,score_Myeloid_inflammation,contiguous,0.0545281661127746,97.0
P2,tumour_immune_contact,contiguous,-0.4987928536938677,97.0
P2,frac_Tumour,contiguous,0.4278126508932883,98.0
P2,frac_Immune,contiguous,-0.24915499758570742,98.0
P2,score_Estrogen_response,contiguous,0.250313203235386,98.0
P2,score_Proliferation,contiguous,0.003051897200464275,98.0
P2,score_T_cell_activity,contiguous,-0.005890846089910248,98.0
P2,score_Myeloid_inflammation,contiguous,-0.1427694552863684,98.0
P2,tumour_immune_contact,contiguous,-0.4688556253017866,98.0
P2,frac_Tumour,contiguous,0.20183486238532108,99.0
P2,frac_Immune,contiguous,-0.2467407049734428,99.0
P2,score_Estrogen_response,contiguous,-0.045311717329696855,99.0
P2,score_Proliferation,contiguous,-0.004045388522312475,99.0
P2,score_T_cell_activity,contiguous,-0.0012369190889287562,99.0
P2,score_Myeloid_inflammation,contiguous,2.372134170688933e-06,99.0
P2,tumour_immune_contact,contiguous,-0.43650410429744085,99.0
P3,frac_Tumour,full,0.13801560758082498,
P3,frac_Immune,full,0.04905239687848383,
P3,score_Estrogen_response,full,-0.2159758780873034,
P3,score_Proliferation,full,-0.005021216608933576,
P3,score_T_cell_activity,full,0.0008183977637399263,
P3,score_Myeloid_inflammation,full,0.02282619628890749,
P3,tumour_immune_contact,full,,
P3,frac_Tumour,random,0.15789473684210525,0.0
P3,frac_Immune,random,0.04066985645933014,0.0
P3,score_Estrogen_response,random,-0.2093789635328207,0.0
P3,score_Proliferation,random,0.001479697703431305,0.0
P3,score_T_cell_activity,random,0.0034640776120235346,0.0
P3,score_Myeloid_inflammation,random,0.018725273390745412,0.0
P3,tumour_immune_contact,random,,0.0
P3,frac_Tumour,random,0.13636363636363635,1.0
P3,frac_Immune,random,0.05502392344497608,1.0
P3,score_Estrogen_response,random,-0.23470201023391205,1.0
P3,score_Proliferation,random,-0.007922151042905255,1.0
P3,score_T_cell_activity,random,0.0014586575345075586,1.0
P3,score_Myeloid_inflammation,random,0.023871207818604467,1.0
P3,tumour_immune_contact,random,,1.0
P3,frac_Tumour,random,0.16267942583732056,2.0
P3,frac_Immune,random,0.07177033492822966,2.0
P3,score_Estrogen_response,random,-0.20233157691253945,2.0
P3,score_Proliferation,random,-0.0007226580787459088,2.0
P3,score_T_cell_activity,random,0.00919477006642217,2.0
P3,score_Myeloid_inflammation,random,0.005817228634094776,2.0
P3,tumour_immune_contact,random,,2.0
P3,frac_Tumour,random,0.13157894736842105,3.0
P3,frac_Immune,random,0.06220095693779904,3.0
P3,score_Estrogen_response,random,-0.22659861320017885,3.0
P3,score_Proliferation,random,-0.012157602226254402,3.0
P3,score_T_cell_activity,random,0.0009952020929323059,3.0
P3,score_Myeloid_inflammation,random,0.023686880194032204,3.0
P3,tumour_immune_contact,random,,3.0
P3,frac_Tumour,random,0.12200956937799043,4.0
P3,frac_Immune,random,0.045454545454545456,4.0
P3,score_Estrogen_response,random,-0.23976614381096406,4.0
P3,score_Proliferation,random,-0.0018506651633828169,4.0
P3,score_T_cell_activity,random,0.0053875604510122965,4.0
P3,score_Myeloid_inflammation,random,0.003307223486883098,4.0
P3,tumour_immune_contact,random,,4.0
P3,frac_Tumour,random,0.1291866028708134,5.0
P3,frac_Immune,random,0.07177033492822966,5.0
P3,score_Estrogen_response,random,-0.2081400325888586,5.0
P3,score_Proliferation,random,-0.0022835321229699116,5.0
P3,score_T_cell_activity,random,-0.0012210989905834808,5.0
P3,score_Myeloid_inflammation,random,-0.008133628930238834,5.0
P3,tumour_immune_contact,random,,5.0
P3,frac_Tumour,random,0.13875598086124402,6.0
P3,frac_Immune,random,0.0430622009569378,6.0
P3,score_Estrogen_response,random,-0.22243501365209592,6.0
P3,score_Proliferation,random,-0.0028027829621471794,6.0
P3,score_T_cell_activity,random,-0.0056084425357419265,6.0
P3,score_Myeloid_inflammation,random,0.012397811427464126,6.0
P3,tumour_immune_contact,random,,6.0
P3,frac_Tumour,random,0.15311004784688995,7.0
P3,frac_Immune,random,0.05741626794258373,7.0
P3,score_Estrogen_response,random,-0.1843231430737342,7.0
P3,score_Proliferation,random,-0.005747839169070739,7.0
P3,score_T_cell_activity,random,0.008065621657361384,7.0
P3,score_Myeloid_inflammation,random,0.00987362776865466,7.0
P3,tumour_immune_contact,random,,7.0
P3,frac_Tumour,random,0.14354066985645933,8.0
P3,frac_Immune,random,0.04784688995215311,8.0
P3,score_Estrogen_response,random,-0.21839743480809326,8.0
P3,score_Proliferation,random,-9.850843469107065e-05,8.0
P3,score_T_cell_activity,random,0.012497277389645583,8.0
P3,score_Myeloid_inflammation,random,0.031027625441296454,8.0
P3,tumour_immune_contact,random,,8.0
P3,frac_Tumour,random,0.1339712918660287,9.0
P3,frac_Immune,random,0.04784688995215311,9.0
P3,score_Estrogen_response,random,-0.2282422547570401,9.0
P3,score_Proliferation,random,-0.0051735741282568585,9.0
P3,score_T_cell_activity,random,0.0012716857502386863,9.0
P3,score_Myeloid_inflammation,random,0.023660212727503786,9.0
P3,tumour_immune_contact,random,,9.0
P3,frac_Tumour,random,0.12440191387559808,10.0
P3,frac_Immune,random,0.045454545454545456,10.0
P3,score_Estrogen_response,random,-0.24710005856337336,10.0
P3,score_Proliferation,random,-0.0068131642395395705,10.0
P3,score_T_cell_activity,random,-0.006223139116894968,10.0
P3,score_Myeloid_inflammation,random,0.014265109830452757,10.0
P3,tumour_immune_contact,random,,10.0
P3,frac_Tumour,random,0.14354066985645933,11.0
P3,frac_Immune,random,0.045454545454545456,11.0
P3,score_Estrogen_response,random,-0.20263688987932899,11.0
P3,score_Proliferation,random,-0.0007017607556865785,11.0
P3,score_T_cell_activity,random,0.000993552357728979,11.0
P3,score_Myeloid_inflammation,random,0.022194078375922275,11.0
P3,tumour_immune_contact,random,,11.0
P3,frac_Tumour,random,0.13157894736842105,12.0
P3,frac_Immune,random,0.05502392344497608,12.0
P3,score_Estrogen_response,random,-0.20617582920246333,12.0
P3,score_Proliferation,random,0.003715855354565888,12.0
P3,score_T_cell_activity,random,5.7264469327381225e-05,12.0
P3,score_Myeloid_inflammation,random,0.020890437503225386,12.0
P3,tumour_immune_contact,random,,12.0
P3,frac_Tumour,random,0.13875598086124402,13.0
P3,frac_Immune,random,0.045454545454545456,13.0
P3,score_Estrogen_response,random,-0.20972701433997454,13.0
P3,score_Proliferation,random,-0.007420594220377264,13.0
P3,score_T_cell_activity,random,-0.007041503477249812,13.0
P3,score_Myeloid_inflammation,random,0.017322846074380636,13.0
P3,tumour_immune_contact,random,,13.0
P3,frac_Tumour,random,0.1339712918660287,14.0
P3,frac_Immune,random,0.06698564593301436,14.0
P3,score_Estrogen_response,random,-0.21790653453981657,14.0
P3,score_Proliferation,random,-0.006779556498859168,14.0
P3,score_T_cell_activity,random,0.0002833379797526198,14.0
P3,score_Myeloid_inflammation,random,0.02901473827136475,14.0
P3,tumour_immune_contact,random,,14.0
P3,frac_Tumour,random,0.15550239234449761,15.0
P3,frac_Immune,random,0.03349282296650718,15.0
P3,score_Estrogen_response,random,-0.20267893540258997,15.0
P3,score_Proliferation,random,-0.012399696036703647,15.0
P3,score_T_cell_activity,random,0.004668521012456055,15.0
P3,score_Myeloid_inflammation,random,0.023386848248295677,15.0
P3,tumour_immune_contact,random,,15.0
P3,frac_Tumour,random,0.11961722488038277,16.0
P3,frac_Immune,random,0.05741626794258373,16.0
P3,score_Estrogen_response,random,-0.2098304146559029,16.0
P3,score_Proliferation,random,-0.009684266011662066,16.0
P3,score_T_cell_activity,random,-0.0003278120958691581,16.0
P3,score_Myeloid_inflammation,random,0.022680332791239474,16.0
P3,tumour_immune_contact,random,,16.0
P3,frac_Tumour,random,0.14354066985645933,17.0
P3,frac_Immune,random,0.045454545454545456,17.0
P3,score_Estrogen_response,random,-0.20136263331478468,17.0
P3,score_Proliferation,random,-0.004314291705920594,17.0
P3,score_T_cell_activity,random,0.006243118588263919,17.0
P3,score_Myeloid_inflammation,random,0.016235747582262587,17.0
P3,tumour_immune_contact,random,,17.0
P3,frac_Tumour,random,0.15311004784688995,18.0
P3,frac_Immune,random,0.04784688995215311,18.0
P3,score_Estrogen_response,random,-0.21337998616792414,18.0
P3,score_Proliferation,random,-0.010968750158498713,18.0
P3,score_T_cell_activity,random,0.0029045960420909078,18.0
P3,score_Myeloid_inflammation,random,0.015743201855034788,18.0
P3,tumour_immune_contact,random,,18.0
P3,frac_Tumour,random,0.1339712918660287,19.0
P3,frac_Immune,random,0.06220095693779904,19.0
P3,score_Estrogen_response,random,-0.19750174183407138,19.0
P3,score_Proliferation,random,-0.0017819327619374875,19.0
P3,score_T_cell_activity,random,0.002238143671360342,19.0
P3,score_Myeloid_inflammation,random,0.03870774639704959,19.0
P3,tumour_immune_contact,random,,19.0
P3,frac_Tumour,random,0.11722488038277512,20.0
P3,frac_Immune,random,0.06698564593301436,20.0
P3,score_Estrogen_response,random,-0.22550842026960394,20.0
P3,score_Proliferation,random,-0.009194320619130022,20.0
P3,score_T_cell_activity,random,0.0017046404056721678,20.0
P3,score_Myeloid_inflammation,random,0.02243319267409679,20.0
P3,tumour_immune_contact,random,,20.0
P3,frac_Tumour,random,0.11961722488038277,21.0
P3,frac_Immune,random,0.0430622009569378,21.0
P3,score_Estrogen_response,random,-0.21951049065030648,21.0
P3,score_Proliferation,random,-0.0037480499551307707,21.0
P3,score_T_cell_activity,random,-4.1319293444282276e-05,21.0
P3,score_Myeloid_inflammation,random,0.0330527779266338,21.0
P3,tumour_immune_contact,random,,21.0
P3,frac_Tumour,random,0.15311004784688995,22.0
P3,frac_Immune,random,0.05502392344497608,22.0
P3,score_Estrogen_response,random,-0.1965507323896627,22.0
P3,score_Proliferation,random,-0.011318414100248182,22.0
P3,score_T_cell_activity,random,0.004006572743291456,22.0
P3,score_Myeloid_inflammation,random,0.018092836696666587,22.0
P3,tumour_immune_contact,random,,22.0
P3,frac_Tumour,random,0.15789473684210525,23.0
P3,frac_Immune,random,0.04066985645933014,23.0
P3,score_Estrogen_response,random,-0.22166845128729942,23.0
P3,score_Proliferation,random,-0.004099616940752239,23.0
P3,score_T_cell_activity,random,-0.0024097272069548334,23.0
P3,score_Myeloid_inflammation,random,0.036993537510400715,23.0
P3,tumour_immune_contact,random,,23.0
P3,frac_Tumour,random,0.15550239234449761,24.0
P3,frac_Immune,random,0.050239234449760764,24.0
P3,score_Estrogen_response,random,-0.19789275268531067,24.0
P3,score_Proliferation,random,0.0068514044288649194,24.0
P3,score_T_cell_activity,random,-0.0023878256947005238,24.0
P3,score_Myeloid_inflammation,random,0.01443983338555319,24.0
P3,tumour_immune_contact,random,,24.0
P3,frac_Tumour,random,0.1291866028708134,25.0
P3,frac_Immune,random,0.04784688995215311,25.0
P3,score_Estrogen_response,random,-0.22882387051412512,25.0
P3,score_Proliferation,random,-0.004906221201725954,25.0
P3,score_T_cell_activity,random,-0.007955969263241398,25.0
P3,score_Myeloid_inflammation,random,0.020425530072477265,25.0
P3,tumour_immune_contact,random,,25.0
P3,frac_Tumour,random,0.1507177033492823,26.0
P3,frac_Immune,random,0.0645933014354067,26.0
P3,score_Estrogen_response,random,-0.2019912444305147,26.0
P3,score_Proliferation,random,-0.0047128172072095475,26.0
P3,score_T_cell_activity,random,-0.00025383426531408286,26.0
P3,score_Myeloid_inflammation,random,0.019499047370572717,26.0
P3,tumour_immune_contact,random,,26.0
P3,frac_Tumour,random,0.10287081339712918,27.0
P3,frac_Immune,random,0.04784688995215311,27.0
P3,score_Estrogen_response,random,-0.21205514427271077,27.0
P3,score_Proliferation,random,-0.004349870855537955,27.0
P3,score_T_cell_activity,random,0.005348809976646548,27.0
P3,score_Myeloid_inflammation,random,0.01702842495033011,27.0
P3,tumour_immune_contact,random,,27.0
P3,frac_Tumour,random,0.13636363636363635,28.0
P3,frac_Immune,random,0.07655502392344497,28.0
P3,score_Estrogen_response,random,-0.22842256079105622,28.0
P3,score_Proliferation,random,-0.003507571780771312,28.0
P3,score_T_cell_activity,random,-0.008481116042208702,28.0
P3,score_Myeloid_inflammation,random,0.008999357085313157,28.0
P3,tumour_immune_contact,random,,28.0
P3,frac_Tumour,random,0.145933014354067,29.0
P3,frac_Immune,random,0.03349282296650718,29.0
P3,score_Estrogen_response,random,-0.22656705841857505,29.0
P3,score_Proliferation,random,-0.007742836943133475,29.0
P3,score_T_cell_activity,random,-0.006073672493451527,29.0
P3,score_Myeloid_inflammation,random,0.023620556266668362,29.0
P3,tumour_immune_contact,random,,29.0
P3,frac_Tumour,random,0.1339712918660287,30.0
P3,frac_Immune,random,0.04784688995215311,30.0
P3,score_Estrogen_response,random,-0.23218531375094895,30.0
P3,score_Proliferation,random,-0.005588071052232597,30.0
P3,score_T_cell_activity,random,0.001676944830641636,30.0
P3,score_Myeloid_inflammation,random,0.02562246075010855,30.0
P3,tumour_immune_contact,random,,30.0
P3,frac_Tumour,random,0.11722488038277512,31.0
P3,frac_Immune,random,0.07416267942583732,31.0
P3,score_Estrogen_response,random,-0.2233146298122792,31.0
P3,score_Proliferation,random,-0.007768630656447862,31.0
P3,score_T_cell_activity,random,0.006784034810755402,31.0
P3,score_Myeloid_inflammation,random,0.023654419623948757,31.0
P3,tumour_immune_contact,random,,31.0
P3,frac_Tumour,random,0.1507177033492823,32.0
P3,frac_Immune,random,0.06937799043062201,32.0
P3,score_Estrogen_response,random,-0.23856752170882056,32.0
P3,score_Proliferation,random,-0.0027534552457460365,32.0
P3,score_T_cell_activity,random,0.004805246102424467,32.0
P3,score_Myeloid_inflammation,random,0.014178091318028465,32.0
P3,tumour_immune_contact,random,,32.0
P3,frac_Tumour,random,0.11483253588516747,33.0
P3,frac_Immune,random,0.03827751196172249,33.0
P3,score_Estrogen_response,random,-0.20668791228927058,33.0
P3,score_Proliferation,random,-0.00886752849950447,33.0
P3,score_T_cell_activity,random,0.001503113426628549,33.0
P3,score_Myeloid_inflammation,random,0.042733512635231244,33.0
P3,tumour_immune_contact,random,,33.0
P3,frac_Tumour,random,0.14354066985645933,34.0
P3,frac_Immune,random,0.04784688995215311,34.0
P3,score_Estrogen_response,random,-0.19245558245269062,34.0
P3,score_Proliferation,random,-0.006575848669924935,34.0
P3,score_T_cell_activity,random,-0.006904852628422695,34.0
P3,score_Myeloid_inflammation,random,0.01549872455611553,34.0
P3,tumour_immune_contact,random,,34.0
P3,frac_Tumour,random,0.12440191387559808,35.0
P3,frac_Immune,random,0.04066985645933014,35.0
P3,score_Estrogen_response,random,-0.21703036332560705,35.0
P3,score_Proliferation,random,-0.009961772327748874,35.0
P3,score_T_cell_activity,random,0.023456684431987205,35.0
P3,score_Myeloid_inflammation,random,0.02797117207283832,35.0
P3,tumour_immune_contact,random,,35.0
P3,frac_Tumour,random,0.11004784688995216,36.0
P3,frac_Immune,random,0.03827751196172249,36.0
P3,score_Estrogen_response,random,-0.241834207810219,36.0
P3,score_Proliferation,random,-0.0003834029776274236,36.0
P3,score_T_cell_activity,random,-0.007409982865740289,36.0
P3,score_Myeloid_inflammation,random,0.03516294535655509,36.0
P3,tumour_immune_contact,random,,36.0
P3,frac_Tumour,random,0.10526315789473684,37.0
P3,frac_Immune,random,0.0430622009569378,37.0
P3,score_Estrogen_response,random,-0.2237143917445622,37.0
P3,score_Proliferation,random,0.0007005318008929542,37.0
P3,score_T_cell_activity,random,-6.231178373327447e-05,37.0
P3,score_Myeloid_inflammation,random,0.04007182073616461,37.0
P3,tumour_immune_contact,random,,37.0
P3,frac_Tumour,random,0.13157894736842105,38.0
P3,frac_Immune,random,0.0215311004784689,38.0
P3,score_Estrogen_response,random,-0.20612804369955812,38.0
P3,score_Proliferation,random,-0.000400936225891679,38.0
P3,score_T_cell_activity,random,0.0032474818627097196,38.0
P3,score_Myeloid_inflammation,random,0.021712661438940187,38.0
P3,tumour_immune_contact,random,,38.0
P3,frac_Tumour,random,0.145933014354067,39.0
P3,frac_Immune,random,0.05502392344497608,39.0
P3,score_Estrogen_response,random,-0.21341777362684725,39.0
P3,score_Proliferation,random,0.003989633866046354,39.0
P3,score_T_cell_activity,random,0.0027977565581810866,39.0
P3,score_Myeloid_inflammation,random,0.021142248244238226,39.0
P3,tumour_immune_contact,random,,39.0
P3,frac_Tumour,random,0.14114832535885166,40.0
P3,frac_Immune,random,0.045454545454545456,40.0
P3,score_Estrogen_response,random,-0.20438922849542235,40.0
P3,score_Proliferation,random,0.004337752361440959,40.0
P3,score_T_cell_activity,random,0.010610506608322435,40.0
P3,score_Myeloid_inflammation,random,0.037525726878274296,40.0
P3,tumour_immune_contact,random,,40.0
P3,frac_Tumour,random,0.13157894736842105,41.0
P3,frac_Immune,random,0.05741626794258373,41.0
P3,score_Estrogen_response,random,-0.22617102590277977,41.0
P3,score_Proliferation,random,-0.009128173011657527,41.0
P3,score_T_cell_activity,random,0.0013592669945947497,41.0
P3,score_Myeloid_inflammation,random,0.022220504770530423,41.0
P3,tumour_immune_contact,random,,41.0
P3,frac_Tumour,random,0.15550239234449761,42.0
P3,frac_Immune,random,0.04066985645933014,42.0
P3,score_Estrogen_response,random,-0.21557199606286628,42.0
P3,score_Proliferation,random,-0.0028141997236951323,42.0
P3,score_T_cell_activity,random,0.0011928939382765253,42.0
P3,score_Myeloid_inflammation,random,0.014407802983606735,42.0
P3,tumour_immune_contact,random,,42.0
P3,frac_Tumour,random,0.145933014354067,43.0
P3,frac_Immune,random,0.050239234449760764,43.0
P3,score_Estrogen_response,random,-0.2291502573739742,43.0
P3,score_Proliferation,random,-0.009401752089645627,43.0
P3,score_T_cell_activity,random,0.006058970762007209,43.0
P3,score_Myeloid_inflammation,random,0.01670289518362883,43.0
P3,tumour_immune_contact,random,,43.0
P3,frac_Tumour,random,0.14114832535885166,44.0
P3,frac_Immune,random,0.03827751196172249,44.0
P3,score_Estrogen_response,random,-0.19957894146261912,44.0
P3,score_Proliferation,random,-0.003632644335224679,44.0
P3,score_T_cell_activity,random,0.0015786727765979872,44.0
P3,score_Myeloid_inflammation,random,0.015258304503842702,44.0
P3,tumour_immune_contact,random,,44.0
P3,frac_Tumour,random,0.12440191387559808,45.0
P3,frac_Immune,random,0.05741626794258373,45.0
P3,score_Estrogen_response,random,-0.2288800824974842,45.0
P3,score_Proliferation,random,-0.013589213448135727,45.0
P3,score_T_cell_activity,random,0.0052733293988055825,45.0
P3,score_Myeloid_inflammation,random,0.0157166819498187,45.0
P3,tumour_immune_contact,random,,45.0
P3,frac_Tumour,random,0.11722488038277512,46.0
P3,frac_Immune,random,0.05502392344497608,46.0
P3,score_Estrogen_response,random,-0.20090297463946127,46.0
P3,score_Proliferation,random,-0.010627031593150999,46.0
P3,score_T_cell_activity,random,-0.0027318704142236796,46.0
P3,score_Myeloid_inflammation,random,0.010276637926667642,46.0
P3,tumour_immune_contact,random,,46.0
P3,frac_Tumour,random,0.1507177033492823,47.0
P3,frac_Immune,random,0.05263157894736842,47.0
P3,score_Estrogen_response,random,-0.19202363273370399,47.0
P3,score_Proliferation,random,-0.01117093357038155,47.0
P3,score_T_cell_activity,random,0.005062228906572911,47.0
P3,score_Myeloid_inflammation,random,0.009987014132893917,47.0
P3,tumour_immune_contact,random,,47.0
P3,frac_Tumour,random,0.145933014354067,48.0
P3,frac_Immune,random,0.05741626794258373,48.0
P3,score_Estrogen_response,random,-0.22573086914941204,48.0
P3,score_Proliferation,random,-0.012092719373772135,48.0
P3,score_T_cell_activity,random,1.7942752814973945e-05,48.0
P3,score_Myeloid_inflammation,random,0.03452709779123314,48.0
P3,tumour_immune_contact,random,,48.0
P3,frac_Tumour,random,0.16267942583732056,49.0
P3,frac_Immune,random,0.05741626794258373,49.0
P3,score_Estrogen_response,random,-0.2032900622993376,49.0
P3,score_Proliferation,random,0.00019262068339267178,49.0
P3,score_T_cell_activity,random,-0.005024136846917404,49.0
P3,score_Myeloid_inflammation,random,0.02845745155487739,49.0
P3,tumour_immune_contact,random,,49.0
P3,frac_Tumour,random,0.11961722488038277,50.0
P3,frac_Immune,random,0.05741626794258373,50.0
P3,score_Estrogen_response,random,-0.2219981834351239,50.0
P3,score_Proliferation,random,-0.0022611677860170944,50.0
P3,score_T_cell_activity,random,-0.002226448449460625,50.0
P3,score_Myeloid_inflammation,random,0.02320198717383655,50.0
P3,tumour_immune_contact,random,,50.0
P3,frac_Tumour,random,0.145933014354067,51.0
P3,frac_Immune,random,0.05741626794258373,51.0
P3,score_Estrogen_response,random,-0.21708921856800867,51.0
P3,score_Proliferation,random,-0.007544645853587556,51.0
P3,score_T_cell_activity,random,0.007467649913108986,51.0
P3,score_Myeloid_inflammation,random,0.038224841558499895,51.0
P3,tumour_immune_contact,random,,51.0
P3,frac_Tumour,random,0.14114832535885166,52.0
P3,frac_Immune,random,0.05263157894736842,52.0
P3,score_Estrogen_response,random,-0.21148714925995046,52.0
P3,score_Proliferation,random,-0.0012150986851940972,52.0
P3,score_T_cell_activity,random,-0.0031061965395216143,52.0
P3,score_Myeloid_inflammation,random,0.013702247885731957,52.0
P3,tumour_immune_contact,random,,52.0
P3,frac_Tumour,random,0.11004784688995216,53.0
P3,frac_Immune,random,0.045454545454545456,53.0
P3,score_Estrogen_response,random,-0.23358883088334165,53.0
P3,score_Proliferation,random,-0.0051470919156386945,53.0
P3,score_T_cell_activity,random,0.0075645525597291905,53.0
P3,score_Myeloid_inflammation,random,0.037147737645765545,53.0
P3,tumour_immune_contact,random,,53.0
P3,frac_Tumour,random,0.11961722488038277,54.0
P3,frac_Immune,random,0.0430622009569378,54.0
P3,score_Estrogen_response,random,-0.23360476624368637,54.0
P3,score_Proliferation,random,-0.006354395027480194,54.0
P3,score_T_cell_activity,random,0.005909201683376913,54.0
P3,score_Myeloid_inflammation,random,0.02398468310747037,54.0
P3,tumour_immune_contact,random,,54.0
P3,frac_Tumour,random,0.15311004784688995,55.0
P3,frac_Immune,random,0.050239234449760764,55.0
P3,score_Estrogen_response,random,-0.22453068223022912,55.0
P3,score_Proliferation,random,-0.013560889210069538,55.0
P3,score_T_cell_activity,random,0.0031611992051116186,55.0
P3,score_Myeloid_inflammation,random,0.021922864773691726,55.0
P3,tumour_immune_contact,random,,55.0
P3,frac_Tumour,random,0.12200956937799043,56.0
P3,frac_Immune,random,0.05263157894736842,56.0
P3,score_Estrogen_response,random,-0.22039808443861972,56.0
P3,score_Proliferation,random,-0.011822814892470128,56.0
P3,score_T_cell_activity,random,-0.007087955201345083,56.0
P3,score_Myeloid_inflammation,random,0.013844242648208431,56.0
P3,tumour_immune_contact,random,,56.0
P3,frac_Tumour,random,0.14114832535885166,57.0
P3,frac_Immune,random,0.05502392344497608,57.0
P3,score_Estrogen_response,random,-0.23081301814617353,57.0
P3,score_Proliferation,random,0.0007870798949102136,57.0
P3,score_T_cell_activity,random,0.012895761660460569,57.0
P3,score_Myeloid_inflammation,random,0.022174671574497613,57.0
P3,tumour_immune_contact,random,,57.0
P3,frac_Tumour,random,0.12679425837320574,58.0
P3,frac_Immune,random,0.050239234449760764,58.0
P3,score_Estrogen_response,random,-0.2151469578726276,58.0
P3,score_Proliferation,random,-0.013903103869465102,58.0
P3,score_T_cell_activity,random,-0.006633444042962514,58.0
P3,score_Myeloid_inflammation,random,0.025384727152383803,58.0
P3,tumour_immune_contact,random,,58.0
P3,frac_Tumour,random,0.1507177033492823,59.0
P3,frac_Immune,random,0.05263157894736842,59.0
P3,score_Estrogen_response,random,-0.20680094856969455,59.0
P3,score_Proliferation,random,-4.5383743444526396e-05,59.0
P3,score_T_cell_activity,random,7.870935102030846e-06,59.0
P3,score_Myeloid_inflammation,random,0.021294224092739344,59.0
P3,tumour_immune_contact,random,,59.0
P3,frac_Tumour,random,0.13636363636363635,60.0
P3,frac_Immune,random,0.0430622009569378,60.0
P3,score_Estrogen_response,random,-0.22483925176024067,60.0
P3,score_Proliferation,random,0.000723114564656384,60.0
P3,score_T_cell_activity,random,0.004097247680371082,60.0
P3,score_Myeloid_inflammation,random,0.029286899255241042,60.0
P3,tumour_immune_contact,random,,60.0
P3,frac_Tumour,random,0.12679425837320574,61.0
P3,frac_Immune,random,0.05502392344497608,61.0
P3,score_Estrogen_response,random,-0.2361680479849674,61.0
P3,score_Proliferation,random,-0.004524585379085736,61.0
P3,score_T_cell_activity,random,0.003400153560573555,61.0
P3,score_Myeloid_inflammation,random,0.0022405519054204993,61.0
P3,tumour_immune_contact,random,,61.0
P3,frac_Tumour,random,0.1076555023923445,62.0
P3,frac_Immune,random,0.045454545454545456,62.0
P3,score_Estrogen_response,random,-0.21836891932208488,62.0
P3,score_Proliferation,random,-0.010011677105153738,62.0
P3,score_T_cell_activity,random,0.014252292024833454,62.0
P3,score_Myeloid_inflammation,random,0.031486533722218074,62.0
P3,tumour_immune_contact,random,,62.0
P3,frac_Tumour,random,0.11244019138755981,63.0
P3,frac_Immune,random,0.05263157894736842,63.0
P3,score_Estrogen_response,random,-0.22931454965136108,63.0
P3,score_Proliferation,random,-0.003593720976593323,63.0
P3,score_T_cell_activity,random,-0.006926657737920378,63.0
P3,score_Myeloid_inflammation,random,0.02691587434994367,63.0
P3,tumour_immune_contact,random,,63.0
P3,frac_Tumour,random,0.13157894736842105,64.0
P3,frac_Immune,random,0.03588516746411483,64.0
P3,score_Estrogen_response,random,-0.23183516459407827,64.0
P3,score_Proliferation,random,-0.00341968311425709,64.0
P3,score_T_cell_activity,random,-0.0007409723785413167,64.0
P3,score_Myeloid_inflammation,random,0.03394818343847018,64.0
P3,tumour_immune_contact,random,,64.0
P3,frac_Tumour,random,0.13875598086124402,65.0
P3,frac_Immune,random,0.045454545454545456,65.0
P3,score_Estrogen_response,random,-0.2223012159667479,65.0
P3,score_Proliferation,random,-0.010798484248476119,65.0
P3,score_T_cell_activity,random,-0.0007247214267975319,65.0
P3,score_Myeloid_inflammation,random,0.01807280779538155,65.0
P3,tumour_immune_contact,random,,65.0
P3,frac_Tumour,random,0.15789473684210525,66.0
P3,frac_Immune,random,0.03827751196172249,66.0
P3,score_Estrogen_response,random,-0.19227908074460937,66.0
P3,score_Proliferation,random,-0.005577982835821926,66.0
P3,score_T_cell_activity,random,0.018653629257238697,66.0
P3,score_Myeloid_inflammation,random,0.031528935165175284,66.0
P3,tumour_immune_contact,random,,66.0
P3,frac_Tumour,random,0.12440191387559808,67.0
P3,frac_Immune,random,0.05502392344497608,67.0
P3,score_Estrogen_response,random,-0.22319397442036756,67.0
P3,score_Proliferation,random,-0.0003230525294622621,67.0
P3,score_T_cell_activity,random,0.0010674743206324363,67.0
P3,score_Myeloid_inflammation,random,0.021035517961227712,67.0
P3,tumour_immune_contact,random,,67.0
P3,frac_Tumour,random,0.14354066985645933,68.0
P3,frac_Immune,random,0.05263157894736842,68.0
P3,score_Estrogen_response,random,-0.21563729780504606,68.0
P3,score_Proliferation,random,-0.010869714741504624,68.0
P3,score_T_cell_activity,random,6.178465350323726e-05,68.0
P3,score_Myeloid_inflammation,random,0.032988597318018356,68.0
P3,tumour_immune_contact,random,,68.0
P3,frac_Tumour,random,0.11961722488038277,69.0
P3,frac_Immune,random,0.050239234449760764,69.0
P3,score_Estrogen_response,random,-0.22500576545307338,69.0
P3,score_Proliferation,random,-0.00769128349473714,69.0
P3,score_T_cell_activity,random,-0.000300843664520826,69.0
P3,score_Myeloid_inflammation,random,0.027724327387627007,69.0
P3,tumour_immune_contact,random,,69.0
P3,frac_Tumour,random,0.11961722488038277,70.0
P3,frac_Immune,random,0.03827751196172249,70.0
P3,score_Estrogen_response,random,-0.20516816151614314,70.0
P3,score_Proliferation,random,0.0003894387568217745,70.0
P3,score_T_cell_activity,random,-0.0060417911778485696,70.0
P3,score_Myeloid_inflammation,random,0.03626866818489153,70.0
P3,tumour_immune_contact,random,,70.0
P3,frac_Tumour,random,0.12440191387559808,71.0
P3,frac_Immune,random,0.0645933014354067,71.0
P3,score_Estrogen_response,random,-0.23037268377745504,71.0
P3,score_Proliferation,random,-0.006350014422246525,71.0
P3,score_T_cell_activity,random,0.0005818173839801522,71.0
P3,score_Myeloid_inflammation,random,0.036555853124727165,71.0
P3,tumour_immune_contact,random,,71.0
P3,frac_Tumour,random,0.1507177033492823,72.0
P3,frac_Immune,random,0.04784688995215311,72.0
P3,score_Estrogen_response,random,-0.21448377193977886,72.0
P3,score_Proliferation,random,-0.01185790850678697,72.0
P3,score_T_cell_activity,random,0.0018649937093854192,72.0
P3,score_Myeloid_inflammation,random,0.028330774765113885,72.0
P3,tumour_immune_contact,random,,72.0
P3,frac_Tumour,random,0.15550239234449761,73.0
P3,frac_Immune,random,0.03588516746411483,73.0
P3,score_Estrogen_response,random,-0.2237500685171684,73.0
P3,score_Proliferation,random,-0.0044929650417306205,73.0
P3,score_T_cell_activity,random,0.004247644506875579,73.0
P3,score_Myeloid_inflammation,random,0.02916571653476677,73.0
P3,tumour_immune_contact,random,,73.0
P3,frac_Tumour,random,0.14354066985645933,74.0
P3,frac_Immune,random,0.0645933014354067,74.0
P3,score_Estrogen_response,random,-0.21847541432854606,74.0
P3,score_Proliferation,random,-0.0016772983618313178,74.0
P3,score_T_cell_activity,random,0.0017832033835172496,74.0
P3,score_Myeloid_inflammation,random,0.0163453801077322,74.0
P3,tumour_immune_contact,random,,74.0
P3,frac_Tumour,random,0.14354066985645933,75.0
P3,frac_Immune,random,0.045454545454545456,75.0
P3,score_Estrogen_response,random,-0.1869493736847429,75.0
P3,score_Proliferation,random,-0.006633180285598868,75.0
P3,score_T_cell_activity,random,6.318600037128787e-05,75.0
P3,score_Myeloid_inflammation,random,0.021105744280749638,75.0
P3,tumour_immune_contact,random,,75.0
P3,frac_Tumour,random,0.14114832535885166,76.0
P3,frac_Immune,random,0.04784688995215311,76.0
P3,score_Estrogen_response,random,-0.21771645485489494,76.0
P3,score_Proliferation,random,-0.004050768733587782,76.0
P3,score_T_cell_activity,random,-0.0020916517487864425,76.0
P3,score_Myeloid_inflammation,random,0.0209848817966852,76.0
P3,tumour_immune_contact,random,,76.0
P3,frac_Tumour,random,0.145933014354067,77.0
P3,frac_Immune,random,0.04784688995215311,77.0
P3,score_Estrogen_response,random,-0.21108993976661122,77.0
P3,score_Proliferation,random,0.0013381085499813085,77.0
P3,score_T_cell_activity,random,-0.00023728403724021844,77.0
P3,score_Myeloid_inflammation,random,0.02518271873160736,77.0
P3,tumour_immune_contact,random,,77.0
P3,frac_Tumour,random,0.14114832535885166,78.0
P3,frac_Immune,random,0.045454545454545456,78.0
P3,score_Estrogen_response,random,-0.22613424366591112,78.0
P3,score_Proliferation,random,-0.0068051482474795425,78.0
P3,score_T_cell_activity,random,0.005498625318661601,78.0
P3,score_Myeloid_inflammation,random,0.012696847419864234,78.0
P3,tumour_immune_contact,random,,78.0
P3,frac_Tumour,random,0.14832535885167464,79.0
P3,frac_Immune,random,0.04066985645933014,79.0
P3,score_Estrogen_response,random,-0.2100413567331817,79.0
P3,score_Proliferation,random,0.003056283666337862,79.0
P3,score_T_cell_activity,random,0.003962015541134711,79.0
P3,score_Myeloid_inflammation,random,0.033788489202440576,79.0
P3,tumour_immune_contact,random,,79.0
P3,frac_Tumour,random,0.1507177033492823,80.0
P3,frac_Immune,random,0.06220095693779904,80.0
P3,score_Estrogen_response,random,-0.22866390191497285,80.0
P3,score_Proliferation,random,-0.0177029429825628,80.0
P3,score_T_cell_activity,random,0.0033837386665294235,80.0
P3,score_Myeloid_inflammation,random,0.0025585992404259794,80.0
P3,tumour_immune_contact,random,,80.0
P3,frac_Tumour,random,0.1339712918660287,81.0
P3,frac_Immune,random,0.06698564593301436,81.0
P3,score_Estrogen_response,random,-0.21447204598614295,81.0
P3,score_Proliferation,random,-0.00780140658470911,81.0
P3,score_T_cell_activity,random,-0.0022521285075867326,81.0
P3,score_Myeloid_inflammation,random,0.011849780157830683,81.0
P3,tumour_immune_contact,random,,81.0
P3,frac_Tumour,random,0.11483253588516747,82.0
P3,frac_Immune,random,0.050239234449760764,82.0
P3,score_Estrogen_response,random,-0.21371903006052334,82.0
P3,score_Proliferation,random,-0.003241811367917673,82.0
P3,score_T_cell_activity,random,0.00017347705909544534,82.0
P3,score_Myeloid_inflammation,random,0.03341845589682162,82.0
P3,tumour_immune_contact,random,,82.0
P3,frac_Tumour,random,0.12200956937799043,83.0
P3,frac_Immune,random,0.05502392344497608,83.0
P3,score_Estrogen_response,random,-0.22555867907548743,83.0
P3,score_Proliferation,random,-0.013308413638122414,83.0
P3,score_T_cell_activity,random,0.002221903871181514,83.0
P3,score_Myeloid_inflammation,random,0.024341897365611976,83.0
P3,tumour_immune_contact,random,,83.0
P3,frac_Tumour,random,0.13875598086124402,84.0
P3,frac_Immune,random,0.05980861244019139,84.0
P3,score_Estrogen_response,random,-0.22455811156534972,84.0
P3,score_Proliferation,random,-0.005819086441761391,84.0
P3,score_T_cell_activity,random,-0.0014926604107097909,84.0
P3,score_Myeloid_inflammation,random,0.01850908188152157,84.0
P3,tumour_immune_contact,random,,84.0
P3,frac_Tumour,random,0.13636363636363635,85.0
P3,frac_Immune,random,0.05263157894736842,85.0
P3,score_Estrogen_response,random,-0.2071972443252887,85.0
P3,score_Proliferation,random,-0.007690948686052213,85.0
P3,score_T_cell_activity,random,0.0034542198439349832,85.0
P3,score_Myeloid_inflammation,random,0.018719347375917784,85.0
P3,tumour_immune_contact,random,,85.0
P3,frac_Tumour,random,0.1507177033492823,86.0
P3,frac_Immune,random,0.045454545454545456,86.0
P3,score_Estrogen_response,random,-0.22423310730242507,86.0
P3,score_Proliferation,random,-0.009446728753451346,86.0
P3,score_T_cell_activity,random,-0.007226101371363474,86.0
P3,score_Myeloid_inflammation,random,0.026188210962057167,86.0
P3,tumour_immune_contact,random,,86.0
P3,frac_Tumour,random,0.16985645933014354,87.0
P3,frac_Immune,random,0.04066985645933014,87.0
P3,score_Estrogen_response,random,-0.19743298437213813,87.0
P3,score_Proliferation,random,0.0021730758113392996,87.0
P3,score_T_cell_activity,random,-0.0042238824548489,87.0
P3,score_Myeloid_inflammation,random,0.017687829282449725,87.0
P3,tumour_immune_contact,random,,87.0
P3,frac_Tumour,random,0.13157894736842105,88.0
P3,frac_Immune,random,0.05502392344497608,88.0
P3,score_Estrogen_response,random,-0.22745761248097568,88.0
P3,score_Proliferation,random,-0.012249434915969842,88.0
P3,score_T_cell_activity,random,-0.001115559288563663,88.0
P3,score_Myeloid_inflammation,random,0.027410693593441646,88.0
P3,tumour_immune_contact,random,,88.0
P3,frac_Tumour,random,0.14354066985645933,89.0
P3,frac_Immune,random,0.03349282296650718,89.0
P3,score_Estrogen_response,random,-0.22102322930910573,89.0
P3,score_Proliferation,random,-0.006817797298922748,89.0
P3,score_T_cell_activity,random,0.0010354891578137476,89.0
P3,score_Myeloid_inflammation,random,0.04027100404237059,89.0
P3,tumour_immune_contact,random,,89.0
P3,frac_Tumour,random,0.12440191387559808,90.0
P3,frac_Immune,random,0.05263157894736842,90.0
P3,score_Estrogen_response,random,-0.20543463909742238,90.0
P3,score_Proliferation,random,-0.011562541878540816,90.0
P3,score_T_cell_activity,random,-0.0012818429044265398,90.0
P3,score_Myeloid_inflammation,random,0.030019160277637555,90.0
P3,tumour_immune_contact,random,,90.0
P3,frac_Tumour,random,0.14832535885167464,91.0
P3,frac_Immune,random,0.045454545454545456,91.0
P3,score_Estrogen_response,random,-0.24097891222506684,91.0
P3,score_Proliferation,random,-0.0044761227589737405,91.0
P3,score_T_cell_activity,random,0.002908085907581814,91.0
P3,score_Myeloid_inflammation,random,0.0024422499791726983,91.0
P3,tumour_immune_contact,random,,91.0
P3,frac_Tumour,random,0.1291866028708134,92.0
P3,frac_Immune,random,0.045454545454545456,92.0
P3,score_Estrogen_response,random,-0.2257638745454424,92.0
P3,score_Proliferation,random,-0.012530374950402583,92.0
P3,score_T_cell_activity,random,0.0060695401604671856,92.0
P3,score_Myeloid_inflammation,random,0.022212081201157183,92.0
P3,tumour_immune_contact,random,,92.0
P3,frac_Tumour,random,0.15789473684210525,93.0
P3,frac_Immune,random,0.03588516746411483,93.0
P3,score_Estrogen_response,random,-0.22290445607275217,93.0
P3,score_Proliferation,random,-0.0019910580686433787,93.0
P3,score_T_cell_activity,random,0.000727708291194512,93.0
P3,score_Myeloid_inflammation,random,0.02483672802231697,93.0
P3,tumour_immune_contact,random,,93.0
P3,frac_Tumour,random,0.1291866028708134,94.0
P3,frac_Immune,random,0.05263157894736842,94.0
P3,score_Estrogen_response,random,-0.19666377447832278,94.0
P3,score_Proliferation,random,-0.0022720980653545934,94.0
P3,score_T_cell_activity,random,-0.008663455206267259,94.0
P3,score_Myeloid_inflammation,random,0.01938710522892281,94.0
P3,tumour_immune_contact,random,,94.0
P3,frac_Tumour,random,0.1507177033492823,95.0
P3,frac_Immune,random,0.045454545454545456,95.0
P3,score_Estrogen_response,random,-0.20779028932916507,95.0
P3,score_Proliferation,random,-0.00899295255482956,95.0
P3,score_T_cell_activity,random,0.006622486613022168,95.0
P3,score_Myeloid_inflammation,random,0.0349278468113323,95.0
P3,tumour_immune_contact,random,,95.0
P3,frac_Tumour,random,0.1339712918660287,96.0
P3,frac_Immune,random,0.04784688995215311,96.0
P3,score_Estrogen_response,random,-0.22745497754632446,96.0
P3,score_Proliferation,random,-0.013097963116928289,96.0
P3,score_T_cell_activity,random,0.00735009236157093,96.0
P3,score_Myeloid_inflammation,random,0.03606178979241894,96.0
P3,tumour_immune_contact,random,,96.0
P3,frac_Tumour,random,0.1339712918660287,97.0
P3,frac_Immune,random,0.050239234449760764,97.0
P3,score_Estrogen_response,random,-0.23670827828251478,97.0
P3,score_Proliferation,random,0.005695799704774931,97.0
P3,score_T_cell_activity,random,0.00011133455881886557,97.0
P3,score_Myeloid_inflammation,random,0.025356538883044608,97.0
P3,tumour_immune_contact,random,,97.0
P3,frac_Tumour,random,0.14832535885167464,98.0
P3,frac_Immune,random,0.045454545454545456,98.0
P3,score_Estrogen_response,random,-0.2091297968404701,98.0
P3,score_Proliferation,random,-0.00939421351027721,98.0
P3,score_T_cell_activity,random,0.007435709048314804,98.0
P3,score_Myeloid_inflammation,random,0.01980000244535837,98.0
P3,tumour_immune_contact,random,,98.0
P3,frac_Tumour,random,0.14114832535885166,99.0
P3,frac_Immune,random,0.05980861244019139,99.0
P3,score_Estrogen_response,random,-0.22037179901102155,99.0
P3,score_Proliferation,random,-0.00945579141543185,99.0
P3,score_T_cell_activity,random,-0.0028679713291109256,99.0
P3,score_Myeloid_inflammation,random,0.022693137369671868,99.0
P3,tumour_immune_contact,random,,99.0
P3,frac_Tumour,random,0.12440191387559808,100.0
P3,frac_Immune,random,0.0430622009569378,100.0
P3,score_Estrogen_response,random,-0.22036144446085332,100.0
P3,score_Proliferation,random,-0.0001341361329851051,100.0
P3,score_T_cell_activity,random,-0.006197227386798333,100.0
P3,score_Myeloid_inflammation,random,0.026367615614139042,100.0
P3,tumour_immune_contact,random,,100.0
P3,frac_Tumour,random,0.1339712918660287,101.0
P3,frac_Immune,random,0.045454545454545456,101.0
P3,score_Estrogen_response,random,-0.242368953312445,101.0
P3,score_Proliferation,random,-0.0060622339131439894,101.0
P3,score_T_cell_activity,random,-0.005929496467119257,101.0
P3,score_Myeloid_inflammation,random,0.019905235396575762,101.0
P3,tumour_immune_contact,random,,101.0
P3,frac_Tumour,random,0.12440191387559808,102.0
P3,frac_Immune,random,0.0430622009569378,102.0
P3,score_Estrogen_response,random,-0.22470480322367847,102.0
P3,score_Proliferation,random,0.003738118835302279,102.0
P3,score_T_cell_activity,random,-0.00208669255721633,102.0
P3,score_Myeloid_inflammation,random,0.018617890354665993,102.0
P3,tumour_immune_contact,random,,102.0
P3,frac_Tumour,random,0.14354066985645933,103.0
P3,frac_Immune,random,0.05502392344497608,103.0
P3,score_Estrogen_response,random,-0.2102150994644777,103.0
P3,score_Proliferation,random,-0.006239027820277115,103.0
P3,score_T_cell_activity,random,-0.008268547654886497,103.0
P3,score_Myeloid_inflammation,random,0.03830495481258123,103.0
P3,tumour_immune_contact,random,,103.0
P3,frac_Tumour,random,0.1291866028708134,104.0
P3,frac_Immune,random,0.06220095693779904,104.0
P3,score_Estrogen_response,random,-0.22573217756792635,104.0
P3,score_Proliferation,random,-0.0026253452150982607,104.0
P3,score_T_cell_activity,random,-0.0010022889651571658,104.0
P3,score_Myeloid_inflammation,random,0.03015058860436225,104.0
P3,tumour_immune_contact,random,,104.0
P3,frac_Tumour,random,0.1507177033492823,105.0
P3,frac_Immune,random,0.05741626794258373,105.0
P3,score_Estrogen_response,random,-0.2186433565930389,105.0
P3,score_Proliferation,random,-0.008407539978691501,105.0
P3,score_T_cell_activity,random,-0.00546975952746368,105.0
P3,score_Myeloid_inflammation,random,0.02513756541584912,105.0
P3,tumour_immune_contact,random,,105.0
P3,frac_Tumour,random,0.13157894736842105,106.0
P3,frac_Immune,random,0.03588516746411483,106.0
P3,score_Estrogen_response,random,-0.22961353566811318,106.0
P3,score_Proliferation,random,-0.007977595173293602,106.0
P3,score_T_cell_activity,random,0.008840587660810712,106.0
P3,score_Myeloid_inflammation,random,0.02194304575670955,106.0
P3,tumour_immune_contact,random,,106.0
P3,frac_Tumour,random,0.13636363636363635,107.0
P3,frac_Immune,random,0.03349282296650718,107.0
P3,score_Estrogen_response,random,-0.2165235439845717,107.0
P3,score_Proliferation,random,0.01126901337530132,107.0
P3,score_T_cell_activity,random,0.007314104203914904,107.0
P3,score_Myeloid_inflammation,random,0.027062199734455575,107.0
P3,tumour_immune_contact,random,,107.0
P3,frac_Tumour,random,0.10526315789473684,108.0
P3,frac_Immune,random,0.03349282296650718,108.0
P3,score_Estrogen_response,random,-0.22849579639989065,108.0
P3,score_Proliferation,random,-0.00793494174400049,108.0
P3,score_T_cell_activity,random,0.0062484975358440935,108.0
P3,score_Myeloid_inflammation,random,0.03295783456807864,108.0
P3,tumour_immune_contact,random,,108.0
P3,frac_Tumour,random,0.13157894736842105,109.0
P3,frac_Immune,random,0.03588516746411483,109.0
P3,score_Estrogen_response,random,-0.19867219349980303,109.0
P3,score_Proliferation,random,-0.0033287883419846295,109.0
P3,score_T_cell_activity,random,0.005361840042146222,109.0
P3,score_Myeloid_inflammation,random,0.02951773072445087,109.0
P3,tumour_immune_contact,random,,109.0
P3,frac_Tumour,random,0.1291866028708134,110.0
P3,frac_Immune,random,0.05502392344497608,110.0
P3,score_Estrogen_response,random,-0.21980649596494833,110.0
P3,score_Proliferation,random,-0.005017277541164109,110.0
P3,score_T_cell_activity,random,0.015348063225280286,110.0
P3,score_Myeloid_inflammation,random,0.03436090284826701,110.0
P3,tumour_immune_contact,random,,110.0
P3,frac_Tumour,random,0.15311004784688995,111.0
P3,frac_Immune,random,0.04066985645933014,111.0
P3,score_Estrogen_response,random,-0.20886622700120652,111.0
P3,score_Proliferation,random,-0.007450572467292518,111.0
P3,score_T_cell_activity,random,-0.0034764305305604246,111.0
P3,score_Myeloid_inflammation,random,0.023472724249620484,111.0
P3,tumour_immune_contact,random,,111.0
P3,frac_Tumour,random,0.1339712918660287,112.0
P3,frac_Immune,random,0.0430622009569378,112.0
P3,score_Estrogen_response,random,-0.20813595932451742,112.0
P3,score_Proliferation,random,-0.005834466543244222,112.0
P3,score_T_cell_activity,random,-0.0020534460961913765,112.0
P3,score_Myeloid_inflammation,random,0.03360371548991845,112.0
P3,tumour_immune_contact,random,,112.0
P3,frac_Tumour,random,0.145933014354067,113.0
P3,frac_Immune,random,0.03827751196172249,113.0
P3,score_Estrogen_response,random,-0.21056187428992704,113.0
P3,score_Proliferation,random,-0.0011118449440593154,113.0
P3,score_T_cell_activity,random,0.0007835222270459799,113.0
P3,score_Myeloid_inflammation,random,0.010857358350368171,113.0
P3,tumour_immune_contact,random,,113.0
P3,frac_Tumour,random,0.1291866028708134,114.0
P3,frac_Immune,random,0.05741626794258373,114.0
P3,score_Estrogen_response,random,-0.2040181598469149,114.0
P3,score_Proliferation,random,-0.0036635943917716755,114.0
P3,score_T_cell_activity,random,0.00815692741422585,114.0
P3,score_Myeloid_inflammation,random,0.030596014712074897,114.0
P3,tumour_immune_contact,random,,114.0
P3,frac_Tumour,random,0.145933014354067,115.0
P3,frac_Immune,random,0.06220095693779904,115.0
P3,score_Estrogen_response,random,-0.20700380038978122,115.0
P3,score_Proliferation,random,-0.012966203594590674,115.0
P3,score_T_cell_activity,random,0.001138529582359166,115.0
P3,score_Myeloid_inflammation,random,0.015844082520102887,115.0
P3,tumour_immune_contact,random,,115.0
P3,frac_Tumour,random,0.1339712918660287,116.0
P3,frac_Immune,random,0.05263157894736842,116.0
P3,score_Estrogen_response,random,-0.2276991404781179,116.0
P3,score_Proliferation,random,-0.01093558529564219,116.0
P3,score_T_cell_activity,random,-0.0005344913615068945,116.0
P3,score_Myeloid_inflammation,random,0.019989888002275844,116.0
P3,tumour_immune_contact,random,,116.0
P3,frac_Tumour,random,0.17464114832535885,117.0
P3,frac_Immune,random,0.05741626794258373,117.0
P3,score_Estrogen_response,random,-0.18891213910985796,117.0
P3,score_Proliferation,random,-0.0029491274628009544,117.0
P3,score_T_cell_activity,random,0.002445946964981487,117.0
P3,score_Myeloid_inflammation,random,0.013133372923426312,117.0
P3,tumour_immune_contact,random,,117.0
P3,frac_Tumour,random,0.11722488038277512,118.0
P3,frac_Immune,random,0.05263157894736842,118.0
P3,score_Estrogen_response,random,-0.2000673264961511,118.0
P3,score_Proliferation,random,-0.007833522449741377,118.0
P3,score_T_cell_activity,random,-0.0008012373742776779,118.0
P3,score_Myeloid_inflammation,random,-0.0029794717735125605,118.0
P3,tumour_immune_contact,random,,118.0
P3,frac_Tumour,random,0.1339712918660287,119.0
P3,frac_Immune,random,0.04784688995215311,119.0
P3,score_Estrogen_response,random,-0.21251480566329756,119.0
P3,score_Proliferation,random,-0.011566100286771906,119.0
P3,score_T_cell_activity,random,0.005223166202788458,119.0
P3,score_Myeloid_inflammation,random,0.04065311442789876,119.0
P3,tumour_immune_contact,random,,119.0
P3,frac_Tumour,random,0.14114832535885166,120.0
P3,frac_Immune,random,0.06698564593301436,120.0
P3,score_Estrogen_response,random,-0.19858059358191488,120.0
P3,score_Proliferation,random,0.0011761159900851045,120.0
P3,score_T_cell_activity,random,0.003981886739388839,120.0
P3,score_Myeloid_inflammation,random,-0.0007254049511498523,120.0
P3,tumour_immune_contact,random,,120.0
P3,frac_Tumour,random,0.13875598086124402,121.0
P3,frac_Immune,random,0.02631578947368421,121.0
P3,score_Estrogen_response,random,-0.2264901512400228,121.0
P3,score_Proliferation,random,0.00019581991625744997,121.0
P3,score_T_cell_activity,random,-0.00119981202789828,121.0
P3,score_Myeloid_inflammation,random,0.02639884151915632,121.0
P3,tumour_immune_contact,random,,121.0
P3,frac_Tumour,random,0.12440191387559808,122.0
P3,frac_Immune,random,0.0430622009569378,122.0
P3,score_Estrogen_response,random,-0.23041851578155004,122.0
P3,score_Proliferation,random,-0.003158307079101116,122.0
P3,score_T_cell_activity,random,0.004400859638370891,122.0
P3,score_Myeloid_inflammation,random,0.02229471988063711,122.0
P3,tumour_immune_contact,random,,122.0
P3,frac_Tumour,random,0.11722488038277512,123.0
P3,frac_Immune,random,0.04784688995215311,123.0
P3,score_Estrogen_response,random,-0.2210178015099927,123.0
P3,score_Proliferation,random,-0.004726588769273095,123.0
P3,score_T_cell_activity,random,-0.0036319834065785313,123.0
P3,score_Myeloid_inflammation,random,0.024542200367274128,123.0
P3,tumour_immune_contact,random,,123.0
P3,frac_Tumour,random,0.13875598086124402,124.0
P3,frac_Immune,random,0.05741626794258373,124.0
P3,score_Estrogen_response,random,-0.2371804781395504,124.0
P3,score_Proliferation,random,-0.0038641898170772063,124.0
P3,score_T_cell_activity,random,0.0027078548016730673,124.0
P3,score_Myeloid_inflammation,random,-0.0012652028200149344,124.0
P3,tumour_immune_contact,random,,124.0
P3,frac_Tumour,random,0.14354066985645933,125.0
P3,frac_Immune,random,0.04784688995215311,125.0
P3,score_Estrogen_response,random,-0.20142764205937425,125.0
P3,score_Proliferation,random,-0.005997624468808582,125.0
P3,score_T_cell_activity,random,-0.0037155440179072524,125.0
P3,score_Myeloid_inflammation,random,0.020148812296391826,125.0
P3,tumour_immune_contact,random,,125.0
P3,frac_Tumour,random,0.13875598086124402,126.0
P3,frac_Immune,random,0.06220095693779904,126.0
P3,score_Estrogen_response,random,-0.22699151213520138,126.0
P3,score_Proliferation,random,-0.008785488977280927,126.0
P3,score_T_cell_activity,random,0.005894632664464151,126.0
P3,score_Myeloid_inflammation,random,0.018739848874915636,126.0
P3,tumour_immune_contact,random,,126.0
P3,frac_Tumour,random,0.15550239234449761,127.0
P3,frac_Immune,random,0.03349282296650718,127.0
P3,score_Estrogen_response,random,-0.20917325991946262,127.0
P3,score_Proliferation,random,-0.0004891514275833619,127.0
P3,score_T_cell_activity,random,-0.0018498877239638666,127.0
P3,score_Myeloid_inflammation,random,0.02233632928439695,127.0
P3,tumour_immune_contact,random,,127.0
P3,frac_Tumour,random,0.14832535885167464,128.0
P3,frac_Immune,random,0.05980861244019139,128.0
P3,score_Estrogen_response,random,-0.20640150785685824,128.0
P3,score_Proliferation,random,-0.010926161612436617,128.0
P3,score_T_cell_activity,random,-0.006815009019283357,128.0
P3,score_Myeloid_inflammation,random,0.025555836024657944,128.0
P3,tumour_immune_contact,random,,128.0
P3,frac_Tumour,random,0.14354066985645933,129.0
P3,frac_Immune,random,0.05980861244019139,129.0
P3,score_Estrogen_response,random,-0.21612397789039012,129.0
P3,score_Proliferation,random,-0.003036420585958067,129.0
P3,score_T_cell_activity,random,0.001293418480249976,129.0
P3,score_Myeloid_inflammation,random,0.017050683786077617,129.0
P3,tumour_immune_contact,random,,129.0
P3,frac_Tumour,random,0.14354066985645933,130.0
P3,frac_Immune,random,0.04066985645933014,130.0
P3,score_Estrogen_response,random,-0.2187565481944197,130.0
P3,score_Proliferation,random,-0.003939796633055869,130.0
P3,score_T_cell_activity,random,-0.003031653920316829,130.0
P3,score_Myeloid_inflammation,random,0.0004796466441679345,130.0
P3,tumour_immune_contact,random,,130.0
P3,frac_Tumour,random,0.15311004784688995,131.0
P3,frac_Immune,random,0.0645933014354067,131.0
P3,score_Estrogen_response,random,-0.21515650522790022,131.0
P3,score_Proliferation,random,-0.0075571645424191945,131.0
P3,score_T_cell_activity,random,0.00781927511641174,131.0
P3,score_Myeloid_inflammation,random,0.027397318374560754,131.0
P3,tumour_immune_contact,random,,131.0
P3,frac_Tumour,random,0.15550239234449761,132.0
P3,frac_Immune,random,0.04784688995215311,132.0
P3,score_Estrogen_response,random,-0.2159605638920247,132.0
P3,score_Proliferation,random,0.00012369827603577377,132.0
P3,score_T_cell_activity,random,0.002337876026957995,132.0
P3,score_Myeloid_inflammation,random,0.029828349628357714,132.0
P3,tumour_immune_contact,random,,132.0
P3,frac_Tumour,random,0.1291866028708134,133.0
P3,frac_Immune,random,0.03827751196172249,133.0
P3,score_Estrogen_response,random,-0.23535248172623263,133.0
P3,score_Proliferation,random,-0.01277205644313599,133.0
P3,score_T_cell_activity,random,0.0005827372694400376,133.0
P3,score_Myeloid_inflammation,random,0.031058278754961713,133.0
P3,tumour_immune_contact,random,,133.0
P3,frac_Tumour,random,0.11961722488038277,134.0
P3,frac_Immune,random,0.05741626794258373,134.0
P3,score_Estrogen_response,random,-0.21473139134954639,134.0
P3,score_Proliferation,random,-0.011522944908738628,134.0
P3,score_T_cell_activity,random,-0.0029378863804999803,134.0
P3,score_Myeloid_inflammation,random,0.04552603187526737,134.0
P3,tumour_immune_contact,random,,134.0
P3,frac_Tumour,random,0.12200956937799043,135.0
P3,frac_Immune,random,0.05263157894736842,135.0
P3,score_Estrogen_response,random,-0.23462884459342268,135.0
P3,score_Proliferation,random,-0.012767218010240297,135.0
P3,score_T_cell_activity,random,0.009323742584400135,135.0
P3,score_Myeloid_inflammation,random,0.041801734640079226,135.0
P3,tumour_immune_contact,random,,135.0
P3,frac_Tumour,random,0.17703349282296652,136.0
P3,frac_Immune,random,0.050239234449760764,136.0
P3,score_Estrogen_response,random,-0.1933627471280736,136.0
P3,score_Proliferation,random,-0.005026139630611508,136.0
P3,score_T_cell_activity,random,-0.0006402123282198964,136.0
P3,score_Myeloid_inflammation,random,0.014425613403206985,136.0
P3,tumour_immune_contact,random,,136.0
P3,frac_Tumour,random,0.10526315789473684,137.0
P3,frac_Immune,random,0.045454545454545456,137.0
P3,score_Estrogen_response,random,-0.2228138860452303,137.0
P3,score_Proliferation,random,-0.0064344362292828305,137.0
P3,score_T_cell_activity,random,-0.0007879660591871291,137.0
P3,score_Myeloid_inflammation,random,0.03238922676669606,137.0
P3,tumour_immune_contact,random,,137.0
P3,frac_Tumour,random,0.12440191387559808,138.0
P3,frac_Immune,random,0.0430622009569378,138.0
P3,score_Estrogen_response,random,-0.2238088405840929,138.0
P3,score_Proliferation,random,-0.004464616281503131,138.0
P3,score_T_cell_activity,random,0.001952422467640532,138.0
P3,score_Myeloid_inflammation,random,0.026265491869504106,138.0
P3,tumour_immune_contact,random,,138.0
P3,frac_Tumour,random,0.11722488038277512,139.0
P3,frac_Immune,random,0.050239234449760764,139.0
P3,score_Estrogen_response,random,-0.23296065226385393,139.0
P3,score_Proliferation,random,-0.006027010525493072,139.0
P3,score_T_cell_activity,random,0.000694165131709395,139.0
P3,score_Myeloid_inflammation,random,0.013970777090386024,139.0
P3,tumour_immune_contact,random,,139.0
P3,frac_Tumour,random,0.11961722488038277,140.0
P3,frac_Immune,random,0.06220095693779904,140.0
P3,score_Estrogen_response,random,-0.2095226307758506,140.0
P3,score_Proliferation,random,-0.005260806270786218,140.0
P3,score_T_cell_activity,random,-0.0042628113092429455,140.0
P3,score_Myeloid_inflammation,random,0.03086729783924308,140.0
P3,tumour_immune_contact,random,,140.0
P3,frac_Tumour,random,0.15550239234449761,141.0
P3,frac_Immune,random,0.0430622009569378,141.0
P3,score_Estrogen_response,random,-0.20355479025302914,141.0
P3,score_Proliferation,random,-0.010489725433896282,141.0
P3,score_T_cell_activity,random,-0.006093219327685231,141.0
P3,score_Myeloid_inflammation,random,0.02832608274475862,141.0
P3,tumour_immune_contact,random,,141.0
P3,frac_Tumour,random,0.13875598086124402,142.0
P3,frac_Immune,random,0.04784688995215311,142.0
P3,score_Estrogen_response,random,-0.23572445662202327,142.0
P3,score_Proliferation,random,0.004966040059763241,142.0
P3,score_T_cell_activity,random,0.01156550213185408,142.0
P3,score_Myeloid_inflammation,random,0.03283681008058369,142.0
P3,tumour_immune_contact,random,,142.0
P3,frac_Tumour,random,0.16507177033492823,143.0
P3,frac_Immune,random,0.0430622009569378,143.0
P3,score_Estrogen_response,random,-0.2104557295105906,143.0
P3,score_Proliferation,random,-0.011423024196953012,143.0
P3,score_T_cell_activity,random,0.0062716700982076105,143.0
P3,score_Myeloid_inflammation,random,-0.0009773320502577988,143.0
P3,tumour_immune_contact,random,,143.0
P3,frac_Tumour,random,0.1291866028708134,144.0
P3,frac_Immune,random,0.05502392344497608,144.0
P3,score_Estrogen_response,random,-0.22712748042221528,144.0
P3,score_Proliferation,random,-0.0014157561651700705,144.0
P3,score_T_cell_activity,random,-0.0018281357025986093,144.0
P3,score_Myeloid_inflammation,random,0.010730793489127928,144.0
P3,tumour_immune_contact,random,,144.0
P3,frac_Tumour,random,0.15311004784688995,145.0
P3,frac_Immune,random,0.03827751196172249,145.0
P3,score_Estrogen_response,random,-0.21148275736123068,145.0
P3,score_Proliferation,random,-0.008887963986497717,145.0
P3,score_T_cell_activity,random,0.0078053764495437765,145.0
P3,score_Myeloid_inflammation,random,0.022763787691801332,145.0
P3,tumour_immune_contact,random,,145.0
P3,frac_Tumour,random,0.15311004784688995,146.0
P3,frac_Immune,random,0.03827751196172249,146.0
P3,score_Estrogen_response,random,-0.2099678926673772,146.0
P3,score_Proliferation,random,0.004278589659319244,146.0
P3,score_T_cell_activity,random,0.0042930035292022,146.0
P3,score_Myeloid_inflammation,random,0.04050848724261277,146.0
P3,tumour_immune_contact,random,,146.0
P3,frac_Tumour,random,0.12440191387559808,147.0
P3,frac_Immune,random,0.03588516746411483,147.0
P3,score_Estrogen_response,random,-0.21379207660665747,147.0
P3,score_Proliferation,random,-0.008364815177242965,147.0
P3,score_T_cell_activity,random,0.0022686800075489948,147.0
P3,score_Myeloid_inflammation,random,0.023380382874207347,147.0
P3,tumour_immune_contact,random,,147.0
P3,frac_Tumour,random,0.14832535885167464,148.0
P3,frac_Immune,random,0.05980861244019139,148.0
P3,score_Estrogen_response,random,-0.20589641023333127,148.0
P3,score_Proliferation,random,0.00142467014297713,148.0
P3,score_T_cell_activity,random,0.0009475662522505878,148.0
P3,score_Myeloid_inflammation,random,0.027998756739373763,148.0
P3,tumour_immune_contact,random,,148.0
P3,frac_Tumour,random,0.12440191387559808,149.0
P3,frac_Immune,random,0.05980861244019139,149.0
P3,score_Estrogen_response,random,-0.2257137798219913,149.0
P3,score_Proliferation,random,-0.004528627716134666,149.0
P3,score_T_cell_activity,random,-0.00018816856692155447,149.0
P3,score_Myeloid_inflammation,random,0.0285925299918715,149.0
P3,tumour_immune_contact,random,,149.0
P3,frac_Tumour,random,0.16267942583732056,150.0
P3,frac_Immune,random,0.04784688995215311,150.0
P3,score_Estrogen_response,random,-0.21995669264442289,150.0
P3,score_Proliferation,random,-0.006438116090238415,150.0
P3,score_T_cell_activity,random,-0.0031421339157688783,150.0
P3,score_Myeloid_inflammation,random,0.026142134039358042,150.0
P3,tumour_immune_contact,random,,150.0
P3,frac_Tumour,random,0.11722488038277512,151.0
P3,frac_Immune,random,0.05741626794258373,151.0
P3,score_Estrogen_response,random,-0.22714971019665084,151.0
P3,score_Proliferation,random,-0.010736990851382645,151.0
P3,score_T_cell_activity,random,0.005946184938791428,151.0
P3,score_Myeloid_inflammation,random,0.03560982481620514,151.0
P3,tumour_immune_contact,random,,151.0
P3,frac_Tumour,random,0.13157894736842105,152.0
P3,frac_Immune,random,0.05263157894736842,152.0
P3,score_Estrogen_response,random,-0.2106907118616166,152.0
P3,score_Proliferation,random,-0.009975213610661301,152.0
P3,score_T_cell_activity,random,-0.00032559972282168313,152.0
P3,score_Myeloid_inflammation,random,0.028051938219071225,152.0
P3,tumour_immune_contact,random,,152.0
P3,frac_Tumour,random,0.13636363636363635,153.0
P3,frac_Immune,random,0.04784688995215311,153.0
P3,score_Estrogen_response,random,-0.21829108319398183,153.0
P3,score_Proliferation,random,0.0004830781519868636,153.0
P3,score_T_cell_activity,random,-0.010363837357899074,153.0
P3,score_Myeloid_inflammation,random,0.03953689406311037,153.0
P3,tumour_immune_contact,random,,153.0
P3,frac_Tumour,random,0.15789473684210525,154.0
P3,frac_Immune,random,0.03110047846889952,154.0
P3,score_Estrogen_response,random,-0.23922770147093958,154.0
P3,score_Proliferation,random,-0.010052793120648532,154.0
P3,score_T_cell_activity,random,0.0002265474629473596,154.0
P3,score_Myeloid_inflammation,random,0.035042696072700094,154.0
P3,tumour_immune_contact,random,,154.0
P3,frac_Tumour,random,0.11961722488038277,155.0
P3,frac_Immune,random,0.05502392344497608,155.0
P3,score_Estrogen_response,random,-0.2046294373634606,155.0
P3,score_Proliferation,random,-0.01580447586359333,155.0
P3,score_T_cell_activity,random,0.004827024539124482,155.0
P3,score_Myeloid_inflammation,random,0.022438472313286974,155.0
P3,tumour_immune_contact,random,,155.0
P3,frac_Tumour,random,0.14354066985645933,156.0
P3,frac_Immune,random,0.05502392344497608,156.0
P3,score_Estrogen_response,random,-0.22154693247031387,156.0
P3,score_Proliferation,random,0.005754752045141599,156.0
P3,score_T_cell_activity,random,-0.0047702998384242055,156.0
P3,score_Myeloid_inflammation,random,0.02866081476200777,156.0
P3,tumour_immune_contact,random,,156.0
P3,frac_Tumour,random,0.13875598086124402,157.0
P3,frac_Immune,random,0.05741626794258373,157.0
P3,score_Estrogen_response,random,-0.19941225946685667,157.0
P3,score_Proliferation,random,-0.0056051981736306555,157.0
P3,score_T_cell_activity,random,0.007435600507712215,157.0
P3,score_Myeloid_inflammation,random,0.020361485994561498,157.0
P3,tumour_immune_contact,random,,157.0
P3,frac_Tumour,random,0.13636363636363635,158.0
P3,frac_Immune,random,0.05980861244019139,158.0
P3,score_Estrogen_response,random,-0.2036183269856197,158.0
P3,score_Proliferation,random,0.0011308961758707786,158.0
P3,score_T_cell_activity,random,0.004526034724582165,158.0
P3,score_Myeloid_inflammation,random,0.012801306453370877,158.0
P3,tumour_immune_contact,random,,158.0
P3,frac_Tumour,random,0.13636363636363635,159.0
P3,frac_Immune,random,0.03349282296650718,159.0
P3,score_Estrogen_response,random,-0.20482665383662546,159.0
P3,score_Proliferation,random,0.0008190688542537132,159.0
P3,score_T_cell_activity,random,-0.003584060887605142,159.0
P3,score_Myeloid_inflammation,random,-0.005721520363688386,159.0
P3,tumour_immune_contact,random,,159.0
P3,frac_Tumour,random,0.11722488038277512,160.0
P3,frac_Immune,random,0.045454545454545456,160.0
P3,score_Estrogen_response,random,-0.21148594427009054,160.0
P3,score_Proliferation,random,-0.004648786920422934,160.0
P3,score_T_cell_activity,random,0.0031091664131667933,160.0
P3,score_Myeloid_inflammation,random,0.023715929619390126,160.0
P3,tumour_immune_contact,random,,160.0
P3,frac_Tumour,random,0.12679425837320574,161.0
P3,frac_Immune,random,0.050239234449760764,161.0
P3,score_Estrogen_response,random,-0.2094458735677891,161.0
P3,score_Proliferation,random,-0.00993303780938374,161.0
P3,score_T_cell_activity,random,-0.0022754738120808944,161.0
P3,score_Myeloid_inflammation,random,0.01774054516141585,161.0
P3,tumour_immune_contact,random,,161.0
P3,frac_Tumour,random,0.12679425837320574,162.0
P3,frac_Immune,random,0.06698564593301436,162.0
P3,score_Estrogen_response,random,-0.21479602487720523,162.0
P3,score_Proliferation,random,0.0018439355048214556,162.0
P3,score_T_cell_activity,random,-0.00032019358679783957,162.0
P3,score_Myeloid_inflammation,random,0.0027343212699115736,162.0
P3,tumour_immune_contact,random,,162.0
P3,frac_Tumour,random,0.13157894736842105,163.0
P3,frac_Immune,random,0.050239234449760764,163.0
P3,score_Estrogen_response,random,-0.20815332270736525,163.0
P3,score_Proliferation,random,-0.0036285850511507795,163.0
P3,score_T_cell_activity,random,-0.005280675102277512,163.0
P3,score_Myeloid_inflammation,random,0.03656476917641835,163.0
P3,tumour_immune_contact,random,,163.0
P3,frac_Tumour,random,0.145933014354067,164.0
P3,frac_Immune,random,0.05741626794258373,164.0
P3,score_Estrogen_response,random,-0.20283773117005988,164.0
P3,score_Proliferation,random,-0.0068885994114130135,164.0
P3,score_T_cell_activity,random,-0.0037545690269573002,164.0
P3,score_Myeloid_inflammation,random,0.015663686179886026,164.0
P3,tumour_immune_contact,random,,164.0
P3,frac_Tumour,random,0.13875598086124402,165.0
P3,frac_Immune,random,0.050239234449760764,165.0
P3,score_Estrogen_response,random,-0.22706017757648506,165.0
P3,score_Proliferation,random,-0.004426120721290901,165.0
P3,score_T_cell_activity,random,-0.0018695077720078342,165.0
P3,score_Myeloid_inflammation,random,0.044531286746129335,165.0
P3,tumour_immune_contact,random,,165.0
P3,frac_Tumour,random,0.12679425837320574,166.0
P3,frac_Immune,random,0.05980861244019139,166.0
P3,score_Estrogen_response,random,-0.1911535428046668,166.0
P3,score_Proliferation,random,-0.011870738097189876,166.0
P3,score_T_cell_activity,random,-0.007844107548237356,166.0
P3,score_Myeloid_inflammation,random,0.007940897601323873,166.0
P3,tumour_immune_contact,random,,166.0
P3,frac_Tumour,random,0.1507177033492823,167.0
P3,frac_Immune,random,0.045454545454545456,167.0
P3,score_Estrogen_response,random,-0.2118172806200438,167.0
P3,score_Proliferation,random,-0.0002401311550532352,167.0
P3,score_T_cell_activity,random,0.0014346231400698746,167.0
P3,score_Myeloid_inflammation,random,0.008092158090361056,167.0
P3,tumour_immune_contact,random,,167.0
P3,frac_Tumour,random,0.13636363636363635,168.0
P3,frac_Immune,random,0.03827751196172249,168.0
P3,score_Estrogen_response,random,-0.19963250080482692,168.0
P3,score_Proliferation,random,0.0005958771589046484,168.0
P3,score_T_cell_activity,random,-0.00042060666605466673,168.0
P3,score_Myeloid_inflammation,random,0.025826937566072808,168.0
P3,tumour_immune_contact,random,,168.0
P3,frac_Tumour,random,0.14354066985645933,169.0
P3,frac_Immune,random,0.050239234449760764,169.0
P3,score_Estrogen_response,random,-0.18979928090184556,169.0
P3,score_Proliferation,random,0.0034853774061493203,169.0
P3,score_T_cell_activity,random,-0.007920603761455307,169.0
P3,score_Myeloid_inflammation,random,0.01092553494510558,169.0
P3,tumour_immune_contact,random,,169.0
P3,frac_Tumour,random,0.13875598086124402,170.0
P3,frac_Immune,random,0.045454545454545456,170.0
P3,score_Estrogen_response,random,-0.2084361472881126,170.0
P3,score_Proliferation,random,-0.003402316179255674,170.0
P3,score_T_cell_activity,random,0.003978590000249587,170.0
P3,score_Myeloid_inflammation,random,0.0285580640500878,170.0
P3,tumour_immune_contact,random,,170.0
P3,frac_Tumour,random,0.145933014354067,171.0
P3,frac_Immune,random,0.045454545454545456,171.0
P3,score_Estrogen_response,random,-0.21365694488758669,171.0
P3,score_Proliferation,random,-0.00024671564105393324,171.0
P3,score_T_cell_activity,random,-0.0054041309408196445,171.0
P3,score_Myeloid_inflammation,random,0.012049966489047121,171.0
P3,tumour_immune_contact,random,,171.0
P3,frac_Tumour,random,0.13875598086124402,172.0
P3,frac_Immune,random,0.04784688995215311,172.0
P3,score_Estrogen_response,random,-0.238844612592085,172.0
P3,score_Proliferation,random,-0.0029360529346861967,172.0
P3,score_T_cell_activity,random,0.011639309591457926,172.0
P3,score_Myeloid_inflammation,random,0.039747834958570365,172.0
P3,tumour_immune_contact,random,,172.0
P3,frac_Tumour,random,0.12679425837320574,173.0
P3,frac_Immune,random,0.05980861244019139,173.0
P3,score_Estrogen_response,random,-0.23036754407936122,173.0
P3,score_Proliferation,random,-0.0003953830052732838,173.0
P3,score_T_cell_activity,random,-0.0012303389668706646,173.0
P3,score_Myeloid_inflammation,random,0.027642392103692875,173.0
P3,tumour_immune_contact,random,,173.0
P3,frac_Tumour,random,0.14832535885167464,174.0
P3,frac_Immune,random,0.03110047846889952,174.0
P3,score_Estrogen_response,random,-0.2211493015128757,174.0
P3,score_Proliferation,random,0.0045098749929137275,174.0
P3,score_T_cell_activity,random,-0.0024727711824726415,174.0
P3,score_Myeloid_inflammation,random,0.012991375400369855,174.0
P3,tumour_immune_contact,random,,174.0
P3,frac_Tumour,random,0.1507177033492823,175.0
P3,frac_Immune,random,0.03349282296650718,175.0
P3,score_Estrogen_response,random,-0.21130610160624647,175.0
P3,score_Proliferation,random,0.0028820514097194242,175.0
P3,score_T_cell_activity,random,-0.005842943769095052,175.0
P3,score_Myeloid_inflammation,random,0.01440876650235273,175.0
P3,tumour_immune_contact,random,,175.0
P3,frac_Tumour,random,0.15550239234449761,176.0
P3,frac_Immune,random,0.05263157894736842,176.0
P3,score_Estrogen_response,random,-0.18877602121194034,176.0
P3,score_Proliferation,random,-0.0053845255162742415,176.0
P3,score_T_cell_activity,random,0.002769394543101678,176.0
P3,score_Myeloid_inflammation,random,0.013082480482934632,176.0
P3,tumour_immune_contact,random,,176.0
P3,frac_Tumour,random,0.16028708133971292,177.0
P3,frac_Immune,random,0.04066985645933014,177.0
P3,score_Estrogen_response,random,-0.2085397350844273,177.0
P3,score_Proliferation,random,-0.007063786623983442,177.0
P3,score_T_cell_activity,random,-0.0032380188096947163,177.0
P3,score_Myeloid_inflammation,random,0.025668795263485984,177.0
P3,tumour_immune_contact,random,,177.0
P3,frac_Tumour,random,0.13636363636363635,178.0
P3,frac_Immune,random,0.0430622009569378,178.0
P3,score_Estrogen_response,random,-0.2199653132306178,178.0
P3,score_Proliferation,random,-0.010274854769755148,178.0
P3,score_T_cell_activity,random,0.00767979525069629,178.0
P3,score_Myeloid_inflammation,random,0.039239317692372024,178.0
P3,tumour_immune_contact,random,,178.0
P3,frac_Tumour,random,0.13875598086124402,179.0
P3,frac_Immune,random,0.04784688995215311,179.0
P3,score_Estrogen_response,random,-0.22674604348579022,179.0
P3,score_Proliferation,random,-0.0012386071610836014,179.0
P3,score_T_cell_activity,random,0.007706048470958227,179.0
P3,score_Myeloid_inflammation,random,0.02591371039811753,179.0
P3,tumour_immune_contact,random,,179.0
P3,frac_Tumour,random,0.1507177033492823,180.0
P3,frac_Immune,random,0.0430622009569378,180.0
P3,score_Estrogen_response,random,-0.21467730482972952,180.0
P3,score_Proliferation,random,-0.0038392062655315013,180.0
P3,score_T_cell_activity,random,-0.0029566326534314234,180.0
P3,score_Myeloid_inflammation,random,0.019043466298930507,180.0
P3,tumour_immune_contact,random,,180.0
P3,frac_Tumour,random,0.1507177033492823,181.0
P3,frac_Immune,random,0.07177033492822966,181.0
P3,score_Estrogen_response,random,-0.1959252647152104,181.0
P3,score_Proliferation,random,-0.007434932662516278,181.0
P3,score_T_cell_activity,random,2.1895883747749317e-05,181.0
P3,score_Myeloid_inflammation,random,0.028110315031391508,181.0
P3,tumour_immune_contact,random,,181.0
P3,frac_Tumour,random,0.14114832535885166,182.0
P3,frac_Immune,random,0.07177033492822966,182.0
P3,score_Estrogen_response,random,-0.20373605220502478,182.0
P3,score_Proliferation,random,-0.005533468744535985,182.0
P3,score_T_cell_activity,random,-0.0018123577368719776,182.0
P3,score_Myeloid_inflammation,random,0.029187702390597668,182.0
P3,tumour_immune_contact,random,,182.0
P3,frac_Tumour,random,0.12679425837320574,183.0
P3,frac_Immune,random,0.05263157894736842,183.0
P3,score_Estrogen_response,random,-0.22527791273602069,183.0
P3,score_Proliferation,random,-0.008849072668183324,183.0
P3,score_T_cell_activity,random,0.0018037322122675871,183.0
P3,score_Myeloid_inflammation,random,0.0257647657867899,183.0
P3,tumour_immune_contact,random,,183.0
P3,frac_Tumour,random,0.11483253588516747,184.0
P3,frac_Immune,random,0.05502392344497608,184.0
P3,score_Estrogen_response,random,-0.21308047755817794,184.0
P3,score_Proliferation,random,-0.005341600517964156,184.0
P3,score_T_cell_activity,random,0.009465239225887616,184.0
P3,score_Myeloid_inflammation,random,0.04266711555577586,184.0
P3,tumour_immune_contact,random,,184.0
P3,frac_Tumour,random,0.12200956937799043,185.0
P3,frac_Immune,random,0.0430622009569378,185.0
P3,score_Estrogen_response,random,-0.23561397900005085,185.0
P3,score_Proliferation,random,-0.01697768533480625,185.0
P3,score_T_cell_activity,random,0.013353387922758662,185.0
P3,score_Myeloid_inflammation,random,0.026238325985761996,185.0
P3,tumour_immune_contact,random,,185.0
P3,frac_Tumour,random,0.14832535885167464,186.0
P3,frac_Immune,random,0.03110047846889952,186.0
P3,score_Estrogen_response,random,-0.2408289473075198,186.0
P3,score_Proliferation,random,-0.006223202706629108,186.0
P3,score_T_cell_activity,random,0.00436077692090304,186.0
P3,score_Myeloid_inflammation,random,0.01919888105530302,186.0
P3,tumour_immune_contact,random,,186.0
P3,frac_Tumour,random,0.14114832535885166,187.0
P3,frac_Immune,random,0.05502392344497608,187.0
P3,score_Estrogen_response,random,-0.23124902405156308,187.0
P3,score_Proliferation,random,-0.008608127702300617,187.0
P3,score_T_cell_activity,random,0.003179088508597107,187.0
P3,score_Myeloid_inflammation,random,0.032896089984919,187.0
P3,tumour_immune_contact,random,,187.0
P3,frac_Tumour,random,0.13157894736842105,188.0
P3,frac_Immune,random,0.05980861244019139,188.0
P3,score_Estrogen_response,random,-0.21417802836982475,188.0
P3,score_Proliferation,random,4.192170786721536e-05,188.0
P3,score_T_cell_activity,random,-0.0045152923714820185,188.0
P3,score_Myeloid_inflammation,random,0.010717488831982647,188.0
P3,tumour_immune_contact,random,,188.0
P3,frac_Tumour,random,0.11244019138755981,189.0
P3,frac_Immune,random,0.050239234449760764,189.0
P3,score_Estrogen_response,random,-0.20947070653283134,189.0
P3,score_Proliferation,random,0.002433281652789043,189.0
P3,score_T_cell_activity,random,0.0031200361448151023,189.0
P3,score_Myeloid_inflammation,random,0.03788805439903289,189.0
P3,tumour_immune_contact,random,,189.0
P3,frac_Tumour,random,0.12679425837320574,190.0
P3,frac_Immune,random,0.0645933014354067,190.0
P3,score_Estrogen_response,random,-0.22168620196263172,190.0
P3,score_Proliferation,random,-0.009104473637636506,190.0
P3,score_T_cell_activity,random,0.0017713781828739953,190.0
P3,score_Myeloid_inflammation,random,0.04119998739516594,190.0
P3,tumour_immune_contact,random,,190.0
P3,frac_Tumour,random,0.1291866028708134,191.0
P3,frac_Immune,random,0.03827751196172249,191.0
P3,score_Estrogen_response,random,-0.19224338254611448,191.0
P3,score_Proliferation,random,-0.009831902483879986,191.0
P3,score_T_cell_activity,random,0.009517447019155129,191.0
P3,score_Myeloid_inflammation,random,0.015558856144331928,191.0
P3,tumour_immune_contact,random,,191.0
P3,frac_Tumour,random,0.13157894736842105,192.0
P3,frac_Immune,random,0.07416267942583732,192.0
P3,score_Estrogen_response,random,-0.19064283264015303,192.0
P3,score_Proliferation,random,-0.003183399472604011,192.0
P3,score_T_cell_activity,random,-0.008865013016764744,192.0
P3,score_Myeloid_inflammation,random,0.0015695396798331047,192.0
P3,tumour_immune_contact,random,,192.0
P3,frac_Tumour,random,0.14832535885167464,193.0
P3,frac_Immune,random,0.05741626794258373,193.0
P3,score_Estrogen_response,random,-0.22886051166370874,193.0
P3,score_Proliferation,random,-0.007479807870663189,193.0
P3,score_T_cell_activity,random,0.005009971162259541,193.0
P3,score_Myeloid_inflammation,random,0.031171035182946116,193.0
P3,tumour_immune_contact,random,,193.0
P3,frac_Tumour,random,0.13157894736842105,194.0
P3,frac_Immune,random,0.050239234449760764,194.0
P3,score_Estrogen_response,random,-0.21647653534111858,194.0
P3,score_Proliferation,random,-0.0015337392379915472,194.0
P3,score_T_cell_activity,random,0.0019886997550672657,194.0
P3,score_Myeloid_inflammation,random,0.026930357245338297,194.0
P3,tumour_immune_contact,random,,194.0
P3,frac_Tumour,random,0.14832535885167464,195.0
P3,frac_Immune,random,0.050239234449760764,195.0
P3,score_Estrogen_response,random,-0.23188831358606032,195.0
P3,score_Proliferation,random,-0.005866359623876258,195.0
P3,score_T_cell_activity,random,-0.000491805254324148,195.0
P3,score_Myeloid_inflammation,random,0.024480712088863595,195.0
P3,tumour_immune_contact,random,,195.0
P3,frac_Tumour,random,0.1339712918660287,196.0
P3,frac_Immune,random,0.0430622009569378,196.0
P3,score_Estrogen_response,random,-0.20795653857151378,196.0
P3,score_Proliferation,random,-0.00580371376580484,196.0
P3,score_T_cell_activity,random,0.009094249895196744,196.0
P3,score_Myeloid_inflammation,random,0.03033479458921068,196.0
P3,tumour_immune_contact,random,,196.0
P3,frac_Tumour,random,0.16985645933014354,197.0
P3,frac_Immune,random,0.0430622009569378,197.0
P3,score_Estrogen_response,random,-0.20044491166708933,197.0
P3,score_Proliferation,random,-0.009372472610724094,197.0
P3,score_T_cell_activity,random,0.0015429480863218983,197.0
P3,score_Myeloid_inflammation,random,0.01293021723019382,197.0
P3,tumour_immune_contact,random,,197.0
P3,frac_Tumour,random,0.145933014354067,198.0
P3,frac_Immune,random,0.045454545454545456,198.0
P3,score_Estrogen_response,random,-0.20039900165109592,198.0
P3,score_Proliferation,random,-0.00755535180947404,198.0
P3,score_T_cell_activity,random,-0.0034206214688599855,198.0
P3,score_Myeloid_inflammation,random,0.01327652919934572,198.0
P3,tumour_immune_contact,random,,198.0
P3,frac_Tumour,random,0.15311004784688995,199.0
P3,frac_Immune,random,0.05502392344497608,199.0
P3,score_Estrogen_response,random,-0.20457779197169304,199.0
P3,score_Proliferation,random,-0.009840820847036781,199.0
P3,score_T_cell_activity,random,0.0027332478214195195,199.0
P3,score_Myeloid_inflammation,random,0.009408292204028989,199.0
P3,tumour_immune_contact,random,,199.0
P3,frac_Tumour,contiguous,0.10287081339712918,0.0
P3,frac_Immune,contiguous,0.011961722488038277,0.0
P3,score_Estrogen_response,contiguous,-0.17436286183745997,0.0
P3,score_Proliferation,contiguous,-0.008690622158341222,0.0
P3,score_T_cell_activity,contiguous,-0.008379630187732407,0.0
P3,score_Myeloid_inflammation,contiguous,0.04938070387224879,0.0
P3,tumour_immune_contact,contiguous,,0.0
P3,frac_Tumour,contiguous,0.05980861244019139,1.0
P3,frac_Immune,contiguous,0.03588516746411483,1.0
P3,score_Estrogen_response,contiguous,-0.22363071556545838,1.0
P3,score_Proliferation,contiguous,-0.0019771960862730036,1.0
P3,score_T_cell_activity,contiguous,0.008107056334549216,1.0
P3,score_Myeloid_inflammation,contiguous,0.05844111716312897,1.0
P3,tumour_immune_contact,contiguous,,1.0
P3,frac_Tumour,contiguous,0.09090909090909091,2.0
P3,frac_Immune,contiguous,0.06698564593301436,2.0
P3,score_Estrogen_response,contiguous,-0.24634201296237201,2.0
P3,score_Proliferation,contiguous,-0.003288729000383519,2.0
P3,score_T_cell_activity,contiguous,0.021570652995207617,2.0
P3,score_Myeloid_inflammation,contiguous,0.05542629169618973,2.0
P3,tumour_immune_contact,contiguous,,2.0
P3,frac_Tumour,contiguous,0.4354066985645933,3.0
P3,frac_Immune,contiguous,0.014354066985645933,3.0
P3,score_Estrogen_response,contiguous,-0.09854326789210754,3.0
P3,score_Proliferation,contiguous,0.0026725421473548913,3.0
P3,score_T_cell_activity,contiguous,0.011724227292320134,3.0
P3,score_Myeloid_inflammation,contiguous,-0.024325252373577754,3.0
P3,tumour_immune_contact,contiguous,,3.0
P3,frac_Tumour,contiguous,0.0861244019138756,4.0
P3,frac_Immune,contiguous,0.011961722488038277,4.0
P3,score_Estrogen_response,contiguous,-0.19582307584251246,4.0
P3,score_Proliferation,contiguous,-0.008040981613149218,4.0
P3,score_T_cell_activity,contiguous,-0.012715983867031674,4.0
P3,score_Myeloid_inflammation,contiguous,0.007728447348572247,4.0
P3,tumour_immune_contact,contiguous,,4.0
P3,frac_Tumour,contiguous,0.23444976076555024,5.0
P3,frac_Immune,contiguous,0.08373205741626795,5.0
P3,score_Estrogen_response,contiguous,-0.062406944695722694,5.0
P3,score_Proliferation,contiguous,0.0008875414383011233,5.0
P3,score_T_cell_activity,contiguous,-0.016235046803801466,5.0
P3,score_Myeloid_inflammation,contiguous,-0.04194344757487488,5.0
P3,tumour_immune_contact,contiguous,,5.0
P3,frac_Tumour,contiguous,0.507177033492823,6.0
P3,frac_Immune,contiguous,0.01674641148325359,6.0
P3,score_Estrogen_response,contiguous,-0.05677370299291293,6.0
P3,score_Proliferation,contiguous,-0.006896315678846429,6.0
P3,score_T_cell_activity,contiguous,0.003157749728529998,6.0
P3,score_Myeloid_inflammation,contiguous,-0.06651578635901514,6.0
P3,tumour_immune_contact,contiguous,,6.0
P3,frac_Tumour,contiguous,0.39473684210526316,7.0
P3,frac_Immune,contiguous,0.07416267942583732,7.0
P3,score_Estrogen_response,contiguous,-0.15766439831508347,7.0
P3,score_Proliferation,contiguous,-0.006645882455482624,7.0
P3,score_T_cell_activity,contiguous,-0.013589021381080589,7.0
P3,score_Myeloid_inflammation,contiguous,-0.04156154438480621,7.0
P3,tumour_immune_contact,contiguous,,7.0
P3,frac_Tumour,contiguous,0.48564593301435405,8.0
P3,frac_Immune,contiguous,0.014354066985645933,8.0
P3,score_Estrogen_response,contiguous,-0.027375543719848183,8.0
P3,score_Proliferation,contiguous,-0.005732610931955729,8.0
P3,score_T_cell_activity,contiguous,0.0001287632417087724,8.0
P3,score_Myeloid_inflammation,contiguous,-0.06484619537726587,8.0
P3,tumour_immune_contact,contiguous,,8.0
P3,frac_Tumour,contiguous,0.22966507177033493,9.0
P3,frac_Immune,contiguous,0.050239234449760764,9.0
P3,score_Estrogen_response,contiguous,-0.05101345537875249,9.0
P3,score_Proliferation,contiguous,-0.006271551143203963,9.0
P3,score_T_cell_activity,contiguous,-0.013438357195005074,9.0
P3,score_Myeloid_inflammation,contiguous,-0.0655792494122042,9.0
P3,tumour_immune_contact,contiguous,,9.0
P3,frac_Tumour,contiguous,0.011961722488038277,10.0
P3,frac_Immune,contiguous,0.0861244019138756,10.0
P3,score_Estrogen_response,contiguous,-0.3322698402965747,10.0
P3,score_Proliferation,contiguous,-0.005081429298714324,10.0
P3,score_T_cell_activity,contiguous,0.027382721106427397,10.0
P3,score_Myeloid_inflammation,contiguous,0.058079533839943936,10.0
P3,tumour_immune_contact,contiguous,,10.0
P3,frac_Tumour,contiguous,0.05741626794258373,12.0
P3,frac_Immune,contiguous,0.09569377990430622,12.0
P3,score_Estrogen_response,contiguous,-0.27584204503313087,12.0
P3,score_Proliferation,contiguous,-0.0033116736526808206,12.0
P3,score_T_cell_activity,contiguous,0.029142989980642117,12.0
P3,score_Myeloid_inflammation,contiguous,0.05464795676478579,12.0
P3,tumour_immune_contact,contiguous,,12.0
P3,frac_Tumour,contiguous,0.2679425837320574,13.0
P3,frac_Immune,contiguous,0.03110047846889952,13.0
P3,score_Estrogen_response,contiguous,-0.15920008939669214,13.0
P3,score_Proliferation,contiguous,-0.003237415752286,13.0
P3,score_T_cell_activity,contiguous,-0.008891497117163714,13.0
P3,score_Myeloid_inflammation,contiguous,0.0025902987794857515,13.0
P3,tumour_immune_contact,contiguous,,13.0
P3,frac_Tumour,contiguous,0.2535885167464115,14.0
P3,frac_Immune,contiguous,0.08851674641148326,14.0
P3,score_Estrogen_response,contiguous,-0.0881442593782199,14.0
P3,score_Proliferation,contiguous,0.005033318554873663,14.0
P3,score_T_cell_activity,contiguous,-0.004943061097660588,14.0
P3,score_Myeloid_inflammation,contiguous,-0.03088903701807585,14.0
P3,tumour_immune_contact,contiguous,,14.0
P3,frac_Tumour,contiguous,0.2703349282296651,15.0
P3,frac_Immune,contiguous,0.07655502392344497,15.0
P3,score_Estrogen_response,contiguous,-0.18869364001917882,15.0
P3,score_Proliferation,contiguous,-0.006347260320089627,15.0
P3,score_T_cell_activity,contiguous,-0.00016285432002375103,15.0
P3,score_Myeloid_inflammation,contiguous,-0.018378378494246044,15.0
P3,tumour_immune_contact,contiguous,,15.0
P3,frac_Tumour,contiguous,0.07177033492822966,16.0
P3,frac_Immune,contiguous,0.04784688995215311,16.0
P3,score_Estrogen_response,contiguous,-0.22164114149083147,16.0
P3,score_Proliferation,contiguous,-0.010637381997097784,16.0
P3,score_T_cell_activity,contiguous,0.00885034950938072,16.0
P3,score_Myeloid_inflammation,contiguous,0.05520868013642699,16.0
P3,tumour_immune_contact,contiguous,,16.0
P3,frac_Tumour,contiguous,0.011961722488038277,17.0
P3,frac_Immune,contiguous,0.06698564593301436,17.0
P3,score_Estrogen_response,contiguous,-0.3448518149833768,17.0
P3,score_Proliferation,contiguous,-0.009536081383961502,17.0
P3,score_T_cell_activity,contiguous,0.006282981849026122,17.0
P3,score_Myeloid_inflammation,contiguous,0.030425177680597625,17.0
P3,tumour_immune_contact,contiguous,,17.0
P3,frac_Tumour,contiguous,0.0645933014354067,18.0
P3,frac_Immune,contiguous,0.09330143540669857,18.0
P3,score_Estrogen_response,contiguous,-0.28644296574094424,18.0
P3,score_Proliferation,contiguous,-0.002768361766415773,18.0
P3,score_T_cell_activity,contiguous,0.026832882844818707,18.0
P3,score_Myeloid_inflammation,contiguous,0.0469165789277295,18.0
P3,tumour_immune_contact,contiguous,,18.0
P3,frac_Tumour,contiguous,0.10287081339712918,19.0
P3,frac_Immune,contiguous,0.004784688995215311,19.0
P3,score_Estrogen_response,contiguous,-0.18242403620149908,19.0
P3,score_Proliferation,contiguous,-0.007418198465792112,19.0
P3,score_T_cell_activity,contiguous,-0.01356224977886871,19.0
P3,score_Myeloid_inflammation,contiguous,-0.003998692881939155,19.0
P3,tumour_immune_contact,contiguous,,19.0
P3,frac_Tumour,contiguous,0.11004784688995216,20.0
P3,frac_Immune,contiguous,0.11244019138755981,20.0
P3,score_Estrogen_response,contiguous,-0.16420004277589925,20.0
P3,score_Proliferation,contiguous,-0.0013397291349281659,20.0
P3,score_T_cell_activity,contiguous,-0.014499768224764882,20.0
P3,score_Myeloid_inflammation,contiguous,0.02447010228905977,20.0
P3,tumour_immune_contact,contiguous,,20.0
P3,frac_Tumour,contiguous,0.3014354066985646,21.0
P3,frac_Immune,contiguous,0.009569377990430622,21.0
P3,score_Estrogen_response,contiguous,-0.1738278936824463,21.0
P3,score_Proliferation,contiguous,-0.001446781181220888,21.0
P3,score_T_cell_activity,contiguous,-0.007795606241113387,21.0
P3,score_Myeloid_inflammation,contiguous,-0.014603290784416207,21.0
P3,tumour_immune_contact,contiguous,,21.0
P3,frac_Tumour,contiguous,0.01674641148325359,22.0
P3,frac_Immune,contiguous,0.06220095693779904,22.0
P3,score_Estrogen_response,contiguous,-0.3443776947634251,22.0
P3,score_Proliferation,contiguous,-0.009254222882537893,22.0
P3,score_T_cell_activity,contiguous,-0.002779894306608307,22.0
P3,score_Myeloid_inflammation,contiguous,0.018199262526573074,22.0
P3,tumour_immune_contact,contiguous,,22.0
P3,frac_Tumour,contiguous,0.08851674641148326,23.0
P3,frac_Immune,contiguous,0.004784688995215311,23.0
P3,score_Estrogen_response,contiguous,-0.2034810202218495,23.0
P3,score_Proliferation,contiguous,-0.006203837557437083,23.0
P3,score_T_cell_activity,contiguous,-0.017025621825454026,23.0
P3,score_Myeloid_inflammation,contiguous,-0.002286026870097057,23.0
P3,tumour_immune_contact,contiguous,,23.0
P3,frac_Tumour,contiguous,0.09090909090909091,24.0
P3,frac_Immune,contiguous,0.10526315789473684,24.0
P3,score_Estrogen_response,contiguous,-0.25528974113356717,24.0
P3,score_Proliferation,contiguous,-0.007191557996887674,24.0
P3,score_T_cell_activity,contiguous,0.026076269341159836,24.0
P3,score_Myeloid_inflammation,contiguous,0.06071403297110625,24.0
P3,tumour_immune_contact,contiguous,,24.0
P3,frac_Tumour,contiguous,0.09330143540669857,25.0
P3,frac_Immune,contiguous,0.09569377990430622,25.0
P3,score_Estrogen_response,contiguous,-0.26429367168925894,25.0
P3,score_Proliferation,contiguous,-0.001708165107770233,25.0
P3,score_T_cell_activity,contiguous,0.031116008755332932,25.0
P3,score_Myeloid_inflammation,contiguous,0.06603839669248036,25.0
P3,tumour_immune_contact,contiguous,,25.0
P3,frac_Tumour,contiguous,0.011961722488038277,26.0
P3,frac_Immune,contiguous,0.06698564593301436,26.0
P3,score_Estrogen_response,contiguous,-0.3448518149833768,26.0
P3,score_Proliferation,contiguous,-0.009536081383961502,26.0
P3,score_T_cell_activity,contiguous,0.006282981849026122,26.0
P3,score_Myeloid_inflammation,contiguous,0.030425177680597625,26.0
P3,tumour_immune_contact,contiguous,,26.0
P3,frac_Tumour,contiguous,0.06220095693779904,27.0
P3,frac_Immune,contiguous,0.0430622009569378,27.0
P3,score_Estrogen_response,contiguous,-0.22834691962789,27.0
P3,score_Proliferation,contiguous,-0.00767747079062509,27.0
P3,score_T_cell_activity,contiguous,0.001134790393744559,27.0
P3,score_Myeloid_inflammation,contiguous,0.06346595361961682,27.0
P3,tumour_immune_contact,contiguous,,27.0
P3,frac_Tumour,contiguous,0.18899521531100477,28.0
P3,frac_Immune,contiguous,0.10287081339712918,28.0
P3,score_Estrogen_response,contiguous,-0.09081708310033756,28.0
P3,score_Proliferation,contiguous,-0.0020046807067135076,28.0
P3,score_T_cell_activity,contiguous,-0.0154754527178983,28.0
P3,score_Myeloid_inflammation,contiguous,-0.015814690440412008,28.0
P3,tumour_immune_contact,contiguous,,28.0
P3,frac_Tumour,contiguous,0.007177033492822967,29.0
P3,frac_Immune,contiguous,0.06220095693779904,29.0
P3,score_Estrogen_response,contiguous,-0.35471581899570725,29.0
P3,score_Proliferation,contiguous,-0.010856346234505094,29.0
P3,score_T_cell_activity,contiguous,-0.0021354555085947398,29.0
P3,score_Myeloid_inflammation,contiguous,0.028012825392766214,29.0
P3,tumour_immune_contact,contiguous,,29.0
P3,frac_Tumour,contiguous,0.07894736842105263,30.0
P3,frac_Immune,contiguous,0.007177033492822967,30.0
P3,score_Estrogen_response,contiguous,-0.22903729936071254,30.0
P3,score_Proliferation,contiguous,-0.00767506389674834,30.0
P3,score_T_cell_activity,contiguous,-0.011745313661811512,30.0
P3,score_Myeloid_inflammation,contiguous,0.011783812318123863,30.0
P3,tumour_immune_contact,contiguous,,30.0
P3,frac_Tumour,contiguous,0.37320574162679426,31.0
P3,frac_Immune,contiguous,0.02631578947368421,31.0
P3,score_Estrogen_response,contiguous,-0.17267012289910816,31.0
P3,score_Proliferation,contiguous,0.0016314733374605578,31.0
P3,score_T_cell_activity,contiguous,0.011066913981057084,31.0
P3,score_Myeloid_inflammation,contiguous,-0.019422310205035504,31.0
P3,tumour_immune_contact,contiguous,,31.0
P3,frac_Tumour,contiguous,0.06698564593301436,32.0
P3,frac_Immune,contiguous,0.03349282296650718,32.0
P3,score_Estrogen_response,contiguous,-0.22422137961559416,32.0
P3,score_Proliferation,contiguous,-0.003953607569335459,32.0
P3,score_T_cell_activity,contiguous,-0.007094846433501646,32.0
P3,score_Myeloid_inflammation,contiguous,0.048961674089427296,32.0
P3,tumour_immune_contact,contiguous,,32.0
P3,frac_Tumour,contiguous,0.24641148325358853,33.0
P3,frac_Immune,contiguous,0.07655502392344497,33.0
P3,score_Estrogen_response,contiguous,-0.10284915960191451,33.0
P3,score_Proliferation,contiguous,0.005161142221430404,33.0
P3,score_T_cell_activity,contiguous,0.001369183788306589,33.0
P3,score_Myeloid_inflammation,contiguous,-0.01997993131392462,33.0
P3,tumour_immune_contact,contiguous,,33.0
P3,frac_Tumour,contiguous,0.0430622009569378,34.0
P3,frac_Immune,contiguous,0.08373205741626795,34.0
P3,score_Estrogen_response,contiguous,-0.29638596948254775,34.0
P3,score_Proliferation,contiguous,-0.005960249209139783,34.0
P3,score_T_cell_activity,contiguous,0.028396433233295843,34.0
P3,score_Myeloid_inflammation,contiguous,0.04947401204374788,34.0
P3,tumour_immune_contact,contiguous,,34.0
P3,frac_Tumour,contiguous,0.20095693779904306,35.0
P3,frac_Immune,contiguous,0.06220095693779904,35.0
P3,score_Estrogen_response,contiguous,-0.05558302490532449,35.0
P3,score_Proliferation,contiguous,-0.005228233342892782,35.0
P3,score_T_cell_activity,contiguous,-0.016501200172235823,35.0
P3,score_Myeloid_inflammation,contiguous,-0.048714219311262935,35.0
P3,tumour_immune_contact,contiguous,,35.0
P3,frac_Tumour,contiguous,0.0645933014354067,36.0
P3,frac_Immune,contiguous,0.03110047846889952,36.0
P3,score_Estrogen_response,contiguous,-0.209825704265459,36.0
P3,score_Proliferation,contiguous,-0.0002321344850240649,36.0
P3,score_T_cell_activity,contiguous,-0.007553671807530343,36.0
P3,score_Myeloid_inflammation,contiguous,0.046962712863546745,36.0
P3,tumour_immune_contact,contiguous,,36.0
P3,frac_Tumour,contiguous,0.3875598086124402,37.0
P3,frac_Immune,contiguous,0.01674641148325359,37.0
P3,score_Estrogen_response,contiguous,-0.07131125573810038,37.0
P3,score_Proliferation,contiguous,0.0038830159766715592,37.0
P3,score_T_cell_activity,contiguous,-0.0006755197622167518,37.0
P3,score_Myeloid_inflammation,contiguous,-0.029023190083086837,37.0
P3,tumour_immune_contact,contiguous,,37.0
P3,frac_Tumour,contiguous,0.09808612440191387,38.0
P3,frac_Immune,contiguous,0.0215311004784689,38.0
P3,score_Estrogen_response,contiguous,-0.17804839751835363,38.0
P3,score_Proliferation,contiguous,-0.014053629554029416,38.0
P3,score_T_cell_activity,contiguous,-0.00937995607238712,38.0
P3,score_Myeloid_inflammation,contiguous,0.024223352819740876,38.0
P3,tumour_immune_contact,contiguous,,38.0
P3,frac_Tumour,contiguous,0.08373205741626795,39.0
P3,frac_Immune,contiguous,0.03110047846889952,39.0
P3,score_Estrogen_response,contiguous,-0.23288832040099122,39.0
P3,score_Proliferation,contiguous,-0.0061692350344656425,39.0
P3,score_T_cell_activity,contiguous,0.014325494117111932,39.0
P3,score_Myeloid_inflammation,contiguous,0.08002066856895663,39.0
P3,tumour_immune_contact,contiguous,,39.0
P3,frac_Tumour,contiguous,0.41148325358851673,40.0
P3,frac_Immune,contiguous,0.01674641148325359,40.0
P3,score_Estrogen_response,contiguous,-0.13045710563445306,40.0
P3,score_Proliferation,contiguous,-0.0032415402763643617,40.0
P3,score_T_cell_activity,contiguous,-0.00358103575311422,40.0
P3,score_Myeloid_inflammation,contiguous,-0.03990522305562655,40.0
P3,tumour_immune_contact,contiguous,,40.0
P3,frac_Tumour,contiguous,0.41866028708133973,41.0
P3,frac_Immune,contiguous,0.03588516746411483,41.0
P3,score_Estrogen_response,contiguous,-0.1576461226427344,41.0
P3,score_Proliferation,contiguous,-0.0024590790268823734,41.0
P3,score_T_cell_activity,contiguous,0.009772557914170628,41.0
P3,score_Myeloid_inflammation,contiguous,-0.027077798014821113,41.0
P3,tumour_immune_contact,contiguous,,41.0
P3,frac_Tumour,contiguous,0.11244019138755981,42.0
P3,frac_Immune,contiguous,0.03349282296650718,42.0
P3,score_Estrogen_response,contiguous,-0.16573694795126176,42.0
P3,score_Proliferation,contiguous,-0.017035775412168875,42.0
P3,score_T_cell_activity,contiguous,0.007317346648987054,42.0
P3,score_Myeloid_inflammation,contiguous,0.02818186396070571,42.0
P3,tumour_immune_contact,contiguous,,42.0
P3,frac_Tumour,contiguous,0.12200956937799043,43.0
P3,frac_Immune,contiguous,0.050239234449760764,43.0
P3,score_Estrogen_response,contiguous,-0.1461356441078578,43.0
P3,score_Proliferation,contiguous,-0.0013113712891470652,43.0
P3,score_T_cell_activity,contiguous,-0.006401224264097355,43.0
P3,score_Myeloid_inflammation,contiguous,0.002111444657487905,43.0
P3,tumour_immune_contact,contiguous,,43.0
P3,frac_Tumour,contiguous,0.009569377990430622,44.0
P3,frac_Immune,contiguous,0.06937799043062201,44.0
P3,score_Estrogen_response,contiguous,-0.31952215126297884,44.0
P3,score_Proliferation,contiguous,-0.005624260602559003,44.0
P3,score_T_cell_activity,contiguous,0.006735317941997575,44.0
P3,score_Myeloid_inflammation,contiguous,0.05147874627082266,44.0
P3,tumour_immune_contact,contiguous,,44.0
P3,frac_Tumour,contiguous,0.04784688995215311,45.0
P3,frac_Immune,contiguous,0.03588516746411483,45.0
P3,score_Estrogen_response,contiguous,-0.2288545017591189,45.0
P3,score_Proliferation,contiguous,-0.005768988350702718,45.0
P3,score_T_cell_activity,contiguous,0.002938041502862719,45.0
P3,score_Myeloid_inflammation,contiguous,0.06578813432729771,45.0
P3,tumour_immune_contact,contiguous,,45.0
P3,frac_Tumour,contiguous,0.3660287081339713,46.0
P3,frac_Immune,contiguous,0.03588516746411483,46.0
P3,score_Estrogen_response,contiguous,-0.17577861097351355,46.0
P3,score_Proliferation,contiguous,-0.004053557003387737,46.0
P3,score_T_cell_activity,contiguous,-0.0026820850207250097,46.0
P3,score_Myeloid_inflammation,contiguous,-0.03255755175224524,46.0
P3,tumour_immune_contact,contiguous,,46.0
P3,frac_Tumour,contiguous,0.15550239234449761,47.0
P3,frac_Immune,contiguous,0.0430622009569378,47.0
P3,score_Estrogen_response,contiguous,-0.23178124165659836,47.0
P3,score_Proliferation,contiguous,-0.005490900598699293,47.0
P3,score_T_cell_activity,contiguous,0.015672963306528887,47.0
P3,score_Myeloid_inflammation,contiguous,0.04760473922127182,47.0
P3,tumour_immune_contact,contiguous,,47.0
P3,frac_Tumour,contiguous,0.06220095693779904,48.0
P3,frac_Immune,contiguous,0.11722488038277512,48.0
P3,score_Estrogen_response,contiguous,-0.18646645746345059,48.0
P3,score_Proliferation,contiguous,-0.0025936572777653863,48.0
P3,score_T_cell_activity,contiguous,-0.008793202356331518,48.0
P3,score_Myeloid_inflammation,contiguous,0.03762512778583697,48.0
P3,tumour_immune_contact,contiguous,,48.0
P3,frac_Tumour,contiguous,0.05980861244019139,49.0
P3,frac_Immune,contiguous,0.045454545454545456,49.0
P3,score_Estrogen_response,contiguous,-0.22754776256364176,49.0
P3,score_Proliferation,contiguous,-0.0066516850538669865,49.0
P3,score_T_cell_activity,contiguous,-0.0013902309240509498,49.0
P3,score_Myeloid_inflammation,contiguous,0.04610517595745564,49.0
P3,tumour_immune_contact,contiguous,,49.0
P3,frac_Tumour,contiguous,0.35167464114832536,50.0
P3,frac_Immune,contiguous,0.07416267942583732,50.0
P3,score_Estrogen_response,contiguous,-0.16128797902512873,50.0
P3,score_Proliferation,contiguous,-0.00932465346487806,50.0
P3,score_T_cell_activity,contiguous,-0.006051114532869876,50.0
P3,score_Myeloid_inflammation,contiguous,-0.03560843535462514,50.0
P3,tumour_immune_contact,contiguous,,50.0
P3,frac_Tumour,contiguous,0.11244019138755981,51.0
P3,frac_Immune,contiguous,0.0215311004784689,51.0
P3,score_Estrogen_response,contiguous,-0.23812875929290467,51.0
P3,score_Proliferation,contiguous,-0.005993716442358578,51.0
P3,score_T_cell_activity,contiguous,0.016436523291364774,51.0
P3,score_Myeloid_inflammation,contiguous,0.07955388139795114,51.0
P3,tumour_immune_contact,contiguous,,51.0
P3,frac_Tumour,contiguous,0.07894736842105263,52.0
P3,frac_Immune,contiguous,0.023923444976076555,52.0
P3,score_Estrogen_response,contiguous,-0.25131417150713986,52.0
P3,score_Proliferation,contiguous,-0.003419135560937012,52.0
P3,score_T_cell_activity,contiguous,-0.008364641558285132,52.0
P3,score_Myeloid_inflammation,contiguous,0.005439496842410964,52.0
P3,tumour_immune_contact,contiguous,,52.0
P3,frac_Tumour,contiguous,0.39712918660287083,53.0
P3,frac_Immune,contiguous,0.009569377990430622,53.0
P3,score_Estrogen_response,contiguous,-0.1641453942334678,53.0
P3,score_Proliferation,contiguous,0.00013611660787611016,53.0
P3,score_T_cell_activity,contiguous,-0.008453813464329532,53.0
P3,score_Myeloid_inflammation,contiguous,-0.058754406967413214,53.0
P3,tumour_immune_contact,contiguous,,53.0
P3,frac_Tumour,contiguous,0.12679425837320574,54.0
P3,frac_Immune,contiguous,0.007177033492822967,54.0
P3,score_Estrogen_response,contiguous,-0.1811018197658314,54.0
P3,score_Proliferation,contiguous,-0.005193913826591005,54.0
P3,score_T_cell_activity,contiguous,-0.005461852060743716,54.0
P3,score_Myeloid_inflammation,contiguous,-0.04267773991748691,54.0
P3,tumour_immune_contact,contiguous,,54.0
P3,frac_Tumour,contiguous,0.0023923444976076554,55.0
P3,frac_Immune,contiguous,0.06220095693779904,55.0
P3,score_Estrogen_response,contiguous,-0.34236321272530623,55.0
P3,score_Proliferation,contiguous,-0.010019306411207466,55.0
P3,score_T_cell_activity,contiguous,0.0016936867983683107,55.0
P3,score_Myeloid_inflammation,contiguous,0.049237948667391396,55.0
P3,tumour_immune_contact,contiguous,,55.0
P3,frac_Tumour,contiguous,0.028708133971291867,56.0
P3,frac_Immune,contiguous,0.12679425837320574,56.0
P3,score_Estrogen_response,contiguous,-0.19352016346575068,56.0
P3,score_Proliferation,contiguous,-0.0031172813413183043,56.0
P3,score_T_cell_activity,contiguous,-0.00999660027477384,56.0
P3,score_Myeloid_inflammation,contiguous,0.046312354529401564,56.0
P3,tumour_immune_contact,contiguous,,56.0
P3,frac_Tumour,contiguous,0.15550239234449761,57.0
P3,frac_Immune,contiguous,0.045454545454545456,57.0
P3,score_Estrogen_response,contiguous,-0.23392549922977587,57.0
P3,score_Proliferation,contiguous,-0.005430124577081337,57.0
P3,score_T_cell_activity,contiguous,0.013254715787192539,57.0
P3,score_Myeloid_inflammation,contiguous,0.05118655659381702,57.0
P3,tumour_immune_contact,contiguous,,57.0
P3,frac_Tumour,contiguous,0.27751196172248804,58.0
P3,frac_Immune,contiguous,0.07894736842105263,58.0
P3,score_Estrogen_response,contiguous,-0.18066515061611427,58.0
P3,score_Proliferation,contiguous,-0.0074515860310138855,58.0
P3,score_T_cell_activity,contiguous,-0.0018973236243488944,58.0
P3,score_Myeloid_inflammation,contiguous,-0.02433220487061887,58.0
P3,tumour_immune_contact,contiguous,,58.0
P3,frac_Tumour,contiguous,0.13157894736842105,59.0
P3,frac_Immune,contiguous,0.004784688995215311,59.0
P3,score_Estrogen_response,contiguous,-0.1914007385817254,59.0
P3,score_Proliferation,contiguous,-0.007665290166966652,59.0
P3,score_T_cell_activity,contiguous,-0.0047784278856844355,59.0
P3,score_Myeloid_inflammation,contiguous,-0.03907611474831832,59.0
P3,tumour_immune_contact,contiguous,,59.0
P3,frac_Tumour,contiguous,0.011961722488038277,60.0
P3,frac_Immune,contiguous,0.05980861244019139,60.0
P3,score_Estrogen_response,contiguous,-0.3412767069238597,60.0
P3,score_Proliferation,contiguous,-0.010812001820202737,60.0
P3,score_T_cell_activity,contiguous,-0.004100922534527552,60.0
P3,score_Myeloid_inflammation,contiguous,0.02411079528416873,60.0
P3,tumour_immune_contact,contiguous,,60.0
P3,frac_Tumour,contiguous,0.3229665071770335,61.0
P3,frac_Immune,contiguous,0.03588516746411483,61.0
P3,score_Estrogen_response,contiguous,-0.1904998466141835,61.0
P3,score_Proliferation,contiguous,-0.0034276999885153405,61.0
P3,score_T_cell_activity,contiguous,0.00617711546257888,61.0
P3,score_Myeloid_inflammation,contiguous,-0.01991283276313432,61.0
P3,tumour_immune_contact,contiguous,,61.0
P3,frac_Tumour,contiguous,0.08851674641148326,62.0
P3,frac_Immune,contiguous,0.06698564593301436,62.0
P3,score_Estrogen_response,contiguous,-0.22874634058019278,62.0
P3,score_Proliferation,contiguous,-0.0039728287226462305,62.0
P3,score_T_cell_activity,contiguous,0.022556270089915623,62.0
P3,score_Myeloid_inflammation,contiguous,0.06136462225902556,62.0
P3,tumour_immune_contact,contiguous,,62.0
P3,frac_Tumour,contiguous,0.06220095693779904,63.0
P3,frac_Immune,contiguous,0.03349282296650718,63.0
P3,score_Estrogen_response,contiguous,-0.22432425862837985,63.0
P3,score_Proliferation,contiguous,-0.006550921658093865,63.0
P3,score_T_cell_activity,contiguous,5.900281786394286e-05,63.0
P3,score_Myeloid_inflammation,contiguous,0.06477134324457277,63.0
P3,tumour_immune_contact,contiguous,,63.0
P3,frac_Tumour,contiguous,0.0645933014354067,64.0
P3,frac_Immune,contiguous,0.09330143540669857,64.0
P3,score_Estrogen_response,contiguous,-0.2844167125091868,64.0
P3,score_Proliferation,contiguous,-0.005119596282180344,64.0
P3,score_T_cell_activity,contiguous,0.026193321761265802,64.0
P3,score_Myeloid_inflammation,contiguous,0.05135153462395553,64.0
P3,tumour_immune_contact,contiguous,,64.0
P3,frac_Tumour,contiguous,0.007177033492822967,65.0
P3,frac_Immune,contiguous,0.06220095693779904,65.0
P3,score_Estrogen_response,contiguous,-0.3394387304255816,65.0
P3,score_Proliferation,contiguous,-0.011455635674990276,65.0
P3,score_T_cell_activity,contiguous,-0.0028825101942554225,65.0
P3,score_Myeloid_inflammation,contiguous,0.028989533529867655,65.0
P3,tumour_immune_contact,contiguous,,65.0
P3,frac_Tumour,contiguous,0.14354066985645933,66.0
P3,frac_Immune,contiguous,0.007177033492822967,66.0
P3,score_Estrogen_response,contiguous,-0.17555678429754396,66.0
P3,score_Proliferation,contiguous,-0.005233729203017186,66.0
P3,score_T_cell_activity,contiguous,-0.006525502585018308,66.0
P3,score_Myeloid_inflammation,contiguous,-0.046069760442092905,66.0
P3,tumour_immune_contact,contiguous,,66.0
P3,frac_Tumour,contiguous,0.09330143540669857,67.0
P3,frac_Immune,contiguous,0.03349282296650718,67.0
P3,score_Estrogen_response,contiguous,-0.26729071581309655,67.0
P3,score_Proliferation,contiguous,-0.004580102040427364,67.0
P3,score_T_cell_activity,contiguous,0.022748146972256522,67.0
P3,score_Myeloid_inflammation,contiguous,0.09779731792425214,67.0
P3,tumour_immune_contact,contiguous,,67.0
P3,frac_Tumour,contiguous,0.16507177033492823,68.0
P3,frac_Immune,contiguous,0.03588516746411483,68.0
P3,score_Estrogen_response,contiguous,-0.10052969015689198,68.0
P3,score_Proliferation,contiguous,-0.004374908801576266,68.0
P3,score_T_cell_activity,contiguous,-0.019170698249609694,68.0
P3,score_Myeloid_inflammation,contiguous,-0.04971668245633992,68.0
P3,tumour_immune_contact,contiguous,,68.0
P3,frac_Tumour,contiguous,0.07894736842105263,69.0
P3,frac_Immune,contiguous,0.09330143540669857,69.0
P3,score_Estrogen_response,contiguous,-0.2760109915055379,69.0
P3,score_Proliferation,contiguous,-0.002950938977390564,69.0
P3,score_T_cell_activity,contiguous,0.03009903341963859,69.0
P3,score_Myeloid_inflammation,contiguous,0.06755148973651513,69.0
P3,tumour_immune_contact,contiguous,,69.0
P3,frac_Tumour,contiguous,0.12200956937799043,70.0
P3,frac_Immune,contiguous,0.08851674641148326,70.0
P3,score_Estrogen_response,contiguous,-0.25856692904191114,70.0
P3,score_Proliferation,contiguous,-0.004736225386094937,70.0
P3,score_T_cell_activity,contiguous,0.03439875692132016,70.0
P3,score_Myeloid_inflammation,contiguous,0.06232413557813639,70.0
P3,tumour_immune_contact,contiguous,,70.0
P3,frac_Tumour,contiguous,0.5502392344497608,71.0
P3,frac_Immune,contiguous,0.011961722488038277,71.0
P3,score_Estrogen_response,contiguous,-0.11412076656784984,71.0
P3,score_Proliferation,contiguous,-0.0014478996784263115,71.0
P3,score_T_cell_activity,contiguous,-0.008171124793108397,71.0
P3,score_Myeloid_inflammation,contiguous,-0.07215721497719295,71.0
P3,tumour_immune_contact,contiguous,,71.0
P3,frac_Tumour,contiguous,0.05741626794258373,72.0
P3,frac_Immune,contiguous,0.11722488038277512,72.0
P3,score_Estrogen_response,contiguous,-0.18689540573760588,72.0
P3,score_Proliferation,contiguous,-0.0004191683374992201,72.0
P3,score_T_cell_activity,contiguous,-0.008591466917309372,72.0
P3,score_Myeloid_inflammation,contiguous,0.037135062576934344,72.0
P3,tumour_immune_contact,contiguous,,72.0
P3,frac_Tumour,contiguous,0.3827751196172249,73.0
P3,frac_Immune,contiguous,0.009569377990430622,73.0
P3,score_Estrogen_response,contiguous,-0.15203116353372728,73.0
P3,score_Proliferation,contiguous,-0.0029730501444994732,73.0
P3,score_T_cell_activity,contiguous,-0.010523883129544904,73.0
P3,score_Myeloid_inflammation,contiguous,-0.05547784403485248,73.0
P3,tumour_immune_contact,contiguous,,73.0
P3,frac_Tumour,contiguous,0.004784688995215311,74.0
P3,frac_Immune,contiguous,0.05980861244019139,74.0
P3,score_Estrogen_response,contiguous,-0.34479876098799633,74.0
P3,score_Proliferation,contiguous,-0.011053414616145835,74.0
P3,score_T_cell_activity,contiguous,-0.0019703074737783383,74.0
P3,score_Myeloid_inflammation,contiguous,0.040374837220785165,74.0
P3,tumour_immune_contact,contiguous,,74.0
P3,frac_Tumour,contiguous,0.014354066985645933,75.0
P3,frac_Immune,contiguous,0.0645933014354067,75.0
P3,score_Estrogen_response,contiguous,-0.3120448123997368,75.0
P3,score_Proliferation,contiguous,-0.006087480826485758,75.0
P3,score_T_cell_activity,contiguous,0.005131366947134411,75.0
P3,score_Myeloid_inflammation,contiguous,0.053928789476004296,75.0
P3,tumour_immune_contact,contiguous,,75.0
P3,frac_Tumour,contiguous,0.11961722488038277,76.0
P3,frac_Immune,contiguous,0.004784688995215311,76.0
P3,score_Estrogen_response,contiguous,-0.1951359540295302,76.0
P3,score_Proliferation,contiguous,-0.006668838183934645,76.0
P3,score_T_cell_activity,contiguous,-0.005818472243321533,76.0
P3,score_Myeloid_inflammation,contiguous,-0.028809264225875337,76.0
P3,tumour_immune_contact,contiguous,,76.0
P3,frac_Tumour,contiguous,0.05502392344497608,77.0
P3,frac_Immune,contiguous,0.009569377990430622,77.0
P3,score_Estrogen_response,contiguous,-0.2285014244807348,77.0
P3,score_Proliferation,contiguous,-0.008941367330403488,77.0
P3,score_T_cell_activity,contiguous,-0.003996093030449134,77.0
P3,score_Myeloid_inflammation,contiguous,0.014330247460968334,77.0
P3,tumour_immune_contact,contiguous,,77.0
P3,frac_Tumour,contiguous,0.03827751196172249,78.0
P3,frac_Immune,contiguous,0.07416267942583732,78.0
P3,score_Estrogen_response,contiguous,-0.2881825310386692,78.0
P3,score_Proliferation,contiguous,-0.012232420392242371,78.0
P3,score_T_cell_activity,contiguous,0.00829932138598171,78.0
P3,score_Myeloid_inflammation,contiguous,0.049581413370367255,78.0
P3,tumour_immune_contact,contiguous,,78.0
P3,frac_Tumour,contiguous,0.07416267942583732,79.0
P3,frac_Immune,contiguous,0.07416267942583732,79.0
P3,score_Estrogen_response,contiguous,-0.24994525289784142,79.0
P3,score_Proliferation,contiguous,-0.004475842218221336,79.0
P3,score_T_cell_activity,contiguous,0.017827796085032006,79.0
P3,score_Myeloid_inflammation,contiguous,0.04512884105662168,79.0
P3,tumour_immune_contact,contiguous,,79.0
P3,frac_Tumour,contiguous,0.03110047846889952,80.0
P3,frac_Immune,contiguous,0.11961722488038277,80.0
P3,score_Estrogen_response,contiguous,-0.19288729912752883,80.0
P3,score_Proliferation,contiguous,-0.0006824040064189367,80.0
P3,score_T_cell_activity,contiguous,-0.009330946015666945,80.0
P3,score_Myeloid_inflammation,contiguous,0.044652412561660894,80.0
P3,tumour_immune_contact,contiguous,,80.0
P3,frac_Tumour,contiguous,0.0023923444976076554,81.0
P3,frac_Immune,contiguous,0.06220095693779904,81.0
P3,score_Estrogen_response,contiguous,-0.34236321272530623,81.0
P3,score_Proliferation,contiguous,-0.010019306411207466,81.0
P3,score_T_cell_activity,contiguous,0.0016936867983683107,81.0
P3,score_Myeloid_inflammation,contiguous,0.049237948667391396,81.0
P3,tumour_immune_contact,contiguous,,81.0
P3,frac_Tumour,contiguous,0.07177033492822966,82.0
P3,frac_Immune,contiguous,0.08851674641148326,82.0
P3,score_Estrogen_response,contiguous,-0.2445786116794746,82.0
P3,score_Proliferation,contiguous,-0.005071889484034416,82.0
P3,score_T_cell_activity,contiguous,0.023471537252088594,82.0
P3,score_Myeloid_inflammation,contiguous,0.07207633578635703,82.0
P3,tumour_immune_contact,contiguous,,82.0
P3,frac_Tumour,contiguous,0.5478468899521531,83.0
P3,frac_Immune,contiguous,0.007177033492822967,83.0
P3,score_Estrogen_response,contiguous,-0.09967403422365995,83.0
P3,score_Proliferation,contiguous,-0.004359432480929621,83.0
P3,score_T_cell_activity,contiguous,0.002780992781725315,83.0
P3,score_Myeloid_inflammation,contiguous,-0.06293439620319806,83.0
P3,tumour_immune_contact,contiguous,,83.0
P3,frac_Tumour,contiguous,0.13875598086124402,84.0
P3,frac_Immune,contiguous,0.06698564593301436,84.0
P3,score_Estrogen_response,contiguous,-0.2590920480890247,84.0
P3,score_Proliferation,contiguous,-0.004206522080854485,84.0
P3,score_T_cell_activity,contiguous,0.030197898490349647,84.0
P3,score_Myeloid_inflammation,contiguous,0.06560612696762645,84.0
P3,tumour_immune_contact,contiguous,,84.0
P3,frac_Tumour,contiguous,0.03588516746411483,85.0
P3,frac_Immune,contiguous,0.045454545454545456,85.0
P3,score_Estrogen_response,contiguous,-0.2703715040657598,85.0
P3,score_Proliferation,contiguous,-0.0035451892715701104,85.0
P3,score_T_cell_activity,contiguous,0.00600782767942855,85.0
P3,score_Myeloid_inflammation,contiguous,0.04816315315538605,85.0
P3,tumour_immune_contact,contiguous,,85.0
P3,frac_Tumour,contiguous,0.09090909090909091,86.0
P3,frac_Immune,contiguous,0.0215311004784689,86.0
P3,score_Estrogen_response,contiguous,-0.24852545851834693,86.0
P3,score_Proliferation,contiguous,-0.005366039940470382,86.0
P3,score_T_cell_activity,contiguous,-0.01225913037300444,86.0
P3,score_Myeloid_inflammation,contiguous,-0.01241110294659015,86.0
P3,tumour_immune_contact,contiguous,,86.0
P3,frac_Tumour,contiguous,0.09090909090909091,87.0
P3,frac_Immune,contiguous,0.004784688995215311,87.0
P3,score_Estrogen_response,contiguous,-0.20043899234325113,87.0
P3,score_Proliferation,contiguous,-0.0072018524784581445,87.0
P3,score_T_cell_activity,contiguous,-0.017004976130866777,87.0
P3,score_Myeloid_inflammation,contiguous,0.004406321712797718,87.0
P3,tumour_immune_contact,contiguous,,87.0
P3,frac_Tumour,contiguous,0.07177033492822966,88.0
P3,frac_Immune,contiguous,0.03110047846889952,88.0
P3,score_Estrogen_response,contiguous,-0.23283841878774023,88.0
P3,score_Proliferation,contiguous,-0.007012157118704291,88.0
P3,score_T_cell_activity,contiguous,0.008365497825257029,88.0
P3,score_Myeloid_inflammation,contiguous,0.06517234763728627,88.0
P3,tumour_immune_contact,contiguous,,88.0
P3,frac_Tumour,contiguous,0.12679425837320574,89.0
P3,frac_Immune,contiguous,0.04784688995215311,89.0
P3,score_Estrogen_response,contiguous,-0.2667806632599967,89.0
P3,score_Proliferation,contiguous,-0.008788164079460422,89.0
P3,score_T_cell_activity,contiguous,0.019300009697584962,89.0
P3,score_Myeloid_inflammation,contiguous,0.08381880335565094,89.0
P3,tumour_immune_contact,contiguous,,89.0
P3,frac_Tumour,contiguous,0.007177033492822967,90.0
P3,frac_Immune,contiguous,0.06220095693779904,90.0
P3,score_Estrogen_response,contiguous,-0.3523343863090969,90.0
P3,score_Proliferation,contiguous,-0.011193079850468612,90.0
P3,score_T_cell_activity,contiguous,-0.001961595724606825,90.0
P3,score_Myeloid_inflammation,contiguous,0.028033300081123643,90.0
P3,tumour_immune_contact,contiguous,,90.0
P3,frac_Tumour,contiguous,0.10047846889952153,91.0
P3,frac_Immune,contiguous,0.028708133971291867,91.0
P3,score_Estrogen_response,contiguous,-0.24044070686861185,91.0
P3,score_Proliferation,contiguous,-0.005342600740907064,91.0
P3,score_T_cell_activity,contiguous,0.02256945802447161,91.0
P3,score_Myeloid_inflammation,contiguous,0.10421103776393814,91.0
P3,tumour_immune_contact,contiguous,,91.0
P3,frac_Tumour,contiguous,0.13875598086124402,92.0
P3,frac_Immune,contiguous,0.014354066985645933,92.0
P3,score_Estrogen_response,contiguous,-0.20884418011014275,92.0
P3,score_Proliferation,contiguous,-0.00652767640555744,92.0
P3,score_T_cell_activity,contiguous,-0.0049464062106603,92.0
P3,score_Myeloid_inflammation,contiguous,0.023147344210783405,92.0
P3,tumour_immune_contact,contiguous,,92.0
P3,frac_Tumour,contiguous,0.22966507177033493,93.0
P3,frac_Immune,contiguous,0.03588516746411483,93.0
P3,score_Estrogen_response,contiguous,-0.060064608956368754,93.0
P3,score_Proliferation,contiguous,-0.004086273700385086,93.0
P3,score_T_cell_activity,contiguous,-0.008864449980303188,93.0
P3,score_Myeloid_inflammation,contiguous,-0.06546482718703803,93.0
P3,tumour_immune_contact,contiguous,,93.0
P3,frac_Tumour,contiguous,0.014354066985645933,94.0
P3,frac_Immune,contiguous,0.06698564593301436,94.0
P3,score_Estrogen_response,contiguous,-0.32470027989182154,94.0
P3,score_Proliferation,contiguous,-0.006516300341809193,94.0
P3,score_T_cell_activity,contiguous,0.009110753000715907,94.0
P3,score_Myeloid_inflammation,contiguous,0.0512548889611288,94.0
P3,tumour_immune_contact,contiguous,,94.0
P3,frac_Tumour,contiguous,0.4138755980861244,95.0
P3,frac_Immune,contiguous,0.014354066985645933,95.0
P3,score_Estrogen_response,contiguous,-0.05286512273074517,95.0
P3,score_Proliferation,contiguous,0.0042764249968588325,95.0
P3,score_T_cell_activity,contiguous,8.560357992993899e-05,95.0
P3,score_Myeloid_inflammation,contiguous,-0.038516409239512286,95.0
P3,tumour_immune_contact,contiguous,,95.0
P3,frac_Tumour,contiguous,0.2631578947368421,96.0
P3,frac_Immune,contiguous,0.03588516746411483,96.0
P3,score_Estrogen_response,contiguous,-0.13381360323719485,96.0
P3,score_Proliferation,contiguous,-0.0021115775864796963,96.0
P3,score_T_cell_activity,contiguous,-0.004732354916180266,96.0
P3,score_Myeloid_inflammation,contiguous,0.005967556540676872,96.0
P3,tumour_immune_contact,contiguous,,96.0
P3,frac_Tumour,contiguous,0.08133971291866028,97.0
P3,frac_Immune,contiguous,0.011961722488038277,97.0
P3,score_Estrogen_response,contiguous,-0.20876621231525444,97.0
P3,score_Proliferation,contiguous,-0.0028724126419344635,97.0
P3,score_T_cell_activity,contiguous,-0.015009197404956607,97.0
P3,score_Myeloid_inflammation,contiguous,0.016892938627458012,97.0
P3,tumour_immune_contact,contiguous,,97.0
P3,frac_Tumour,contiguous,0.47129186602870815,98.0
P3,frac_Immune,contiguous,0.01674641148325359,98.0
P3,score_Estrogen_response,contiguous,-0.13178428771034287,98.0
P3,score_Proliferation,contiguous,-0.002882595465872246,98.0
P3,score_T_cell_activity,contiguous,-0.007148741505466474,98.0
P3,score_Myeloid_inflammation,contiguous,-0.05180143343356712,98.0
P3,tumour_immune_contact,contiguous,,98.0
P3,frac_Tumour,contiguous,0.12200956937799043,99.0
P3,frac_Immune,contiguous,0.07894736842105263,99.0
P3,score_Estrogen_response,contiguous,-0.12180008168664555,99.0
P3,score_Proliferation,contiguous,-0.004611287270518589,99.0
P3,score_T_cell_activity,contiguous,-0.008332091523996495,99.0
P3,score_Myeloid_inflammation,contiguous,-0.0030083046497511798,99.0
P3,tumour_immune_contact,contiguous,,99.0
P4,frac_Tumour,full,0.1752701105976859,
P4,frac_Immune,full,-0.29749935479870177,
P4,score_Estrogen_response,full,0.3435162676375635,
P4,score_Proliferation,full,-0.011737581497327997,
P4,score_T_cell_activity,full,0.0005620449780671906,
P4,score_Myeloid_inflammation,full,0.0005364405739685524,
P4,tumour_immune_contact,full,-0.6424706300417276,
P4,frac_Tumour,random,0.17171717171717174,0.0
P4,frac_Immune,random,-0.3015873015873016,0.0
P4,score_Estrogen_response,random,0.32113130900299536,0.0
P4,score_Proliferation,random,-0.041161885282501254,0.0
P4,score_T_cell_activity,random,0.005439389018011155,0.0
P4,score_Myeloid_inflammation,random,-0.012297309534421028,0.0
P4,tumour_immune_contact,random,-0.7821067821067821,0.0
P4,frac_Tumour,random,0.1673881673881674,1.0
P4,frac_Immune,random,-0.2842712842712843,1.0
P4,score_Estrogen_response,random,0.3481690605246113,1.0
P4,score_Proliferation,random,-0.01770335673449834,1.0
P4,score_T_cell_activity,random,-0.0018433241764610453,1.0
P4,score_Myeloid_inflammation,random,-0.005529323124362211,1.0
P4,tumour_immune_contact,random,-0.7705627705627706,1.0
P4,frac_Tumour,random,0.2049062049062049,2.0
P4,frac_Immune,random,-0.2987012987012987,2.0
P4,score_Estrogen_response,random,0.3479930277335666,2.0
P4,score_Proliferation,random,-0.0041710210317083005,2.0
P4,score_T_cell_activity,random,-0.0009259017415251044,2.0
P4,score_Myeloid_inflammation,random,0.0031964893502704275,2.0
P4,tumour_immune_contact,random,-0.7821067821067821,2.0
P4,frac_Tumour,random,0.16017316017316016,3.0
P4,frac_Immune,random,-0.2943722943722944,3.0
P4,score_Estrogen_response,random,0.3018977797758922,3.0
P4,score_Proliferation,random,-0.01611156453663759,3.0
P4,score_T_cell_activity,random,-0.0032357126134995597,3.0
P4,score_Myeloid_inflammation,random,-0.0024021637838542755,3.0
P4,tumour_immune_contact,random,-0.7878787878787878,3.0
P4,frac_Tumour,random,0.17460317460317462,4.0
P4,frac_Immune,random,-0.2943722943722944,4.0
P4,score_Estrogen_response,random,0.34690227653784705,4.0
P4,score_Proliferation,random,-0.0226843076420577,4.0
P4,score_T_cell_activity,random,0.0009411532909631723,4.0
P4,score_Myeloid_inflammation,random,0.0068686193785297625,4.0
P4,tumour_immune_contact,random,-0.7792207792207791,4.0
P4,frac_Tumour,random,0.2005772005772006,5.0
P4,frac_Immune,random,-0.30014430014430016,5.0
P4,score_Estrogen_response,random,0.34948283540345404,5.0
P4,score_Proliferation,random,-0.01510463122593056,5.0
P4,score_T_cell_activity,random,-0.000349891144913868,5.0
P4,score_Myeloid_inflammation,random,0.004454181667122983,5.0
P4,tumour_immune_contact,random,-0.7821067821067821,5.0
P4,frac_Tumour,random,0.18037518037518038,6.0
P4,frac_Immune,random,-0.28860028860028863,6.0
P4,score_Estrogen_response,random,0.35457431815312146,6.0
P4,score_Proliferation,random,-0.012067504571873677,6.0
P4,score_T_cell_activity,random,-0.0012646075023817456,6.0
P4,score_Myeloid_inflammation,random,-0.015426469615230295,6.0
P4,tumour_immune_contact,random,-0.7662337662337662,6.0
P4,frac_Tumour,random,0.18470418470418473,7.0
P4,frac_Immune,random,-0.29148629148629146,7.0
P4,score_Estrogen_response,random,0.3881356685988013,7.0
P4,score_Proliferation,random,-0.009223970938442658,7.0
P4,score_T_cell_activity,random,0.0023702808423368606,7.0
P4,score_Myeloid_inflammation,random,-0.008301292952813535,7.0
P4,tumour_immune_contact,random,-0.7936507936507936,7.0
P4,frac_Tumour,random,0.1774891774891775,8.0
P4,frac_Immune,random,-0.31024531024531027,8.0
P4,score_Estrogen_response,random,0.36137946272833094,8.0
P4,score_Proliferation,random,0.0011894562679216198,8.0
P4,score_T_cell_activity,random,-0.0016153563235039052,8.0
P4,score_Myeloid_inflammation,random,-0.015078183776648574,8.0
P4,tumour_immune_contact,random,-0.7922077922077921,8.0
P4,frac_Tumour,random,0.1544011544011544,9.0
P4,frac_Immune,random,-0.2958152958152958,9.0
P4,score_Estrogen_response,random,0.33533706965074395,9.0
P4,score_Proliferation,random,-0.010572201720251619,9.0
P4,score_T_cell_activity,random,-0.0043740500459887215,9.0
P4,score_Myeloid_inflammation,random,-0.0035200856710401775,9.0
P4,tumour_immune_contact,random,-0.7864357864357864,9.0
P4,frac_Tumour,random,0.17604617604617603,10.0
P4,frac_Immune,random,-0.30303030303030304,10.0
P4,score_Estrogen_response,random,0.36318157230344505,10.0
P4,score_Proliferation,random,-0.005328033698627783,10.0
P4,score_T_cell_activity,random,-0.00332891330657194,10.0
P4,score_Myeloid_inflammation,random,0.0029117074781542032,10.0
P4,tumour_immune_contact,random,-0.8008658008658008,10.0
P4,frac_Tumour,random,0.17460317460317462,11.0
P4,frac_Immune,random,-0.30014430014430016,11.0
P4,score_Estrogen_response,random,0.30587777871464183,11.0
P4,score_Proliferation,random,-0.022294028736075083,11.0
P4,score_T_cell_activity,random,-0.000707747731142564,11.0
P4,score_Myeloid_inflammation,random,-0.0012579875635125234,11.0
P4,tumour_immune_contact,random,-0.7821067821067821,11.0
P4,frac_Tumour,random,0.17460317460317462,12.0
P4,frac_Immune,random,-0.2842712842712843,12.0
P4,score_Estrogen_response,random,0.3158885309756126,12.0
P4,score_Proliferation,random,-0.006652500085041696,12.0
P4,score_T_cell_activity,random,0.0012140948372129977,12.0
P4,score_Myeloid_inflammation,random,0.007287991678144548,12.0
P4,tumour_immune_contact,random,-0.7821067821067821,12.0
P4,frac_Tumour,random,0.17316017316017315,13.0
P4,frac_Immune,random,-0.29292929292929293,13.0
P4,score_Estrogen_response,random,0.3677150881688686,13.0
P4,score_Proliferation,random,-0.02154551554030166,13.0
P4,score_T_cell_activity,random,0.0020904634976879107,13.0
P4,score_Myeloid_inflammation,random,-0.02152476825688808,13.0
P4,tumour_immune_contact,random,-0.7792207792207791,13.0
P4,frac_Tumour,random,0.17460317460317462,14.0
P4,frac_Immune,random,-0.30303030303030304,14.0
P4,score_Estrogen_response,random,0.3312270519556528,14.0
P4,score_Proliferation,random,0.0030514770586971716,14.0
P4,score_T_cell_activity,random,-0.0017271926523655013,14.0
P4,score_Myeloid_inflammation,random,0.00680888333502213,14.0
P4,tumour_immune_contact,random,-0.7922077922077921,14.0
P4,frac_Tumour,random,0.16883116883116886,15.0
P4,frac_Immune,random,-0.3189033189033189,15.0
P4,score_Estrogen_response,random,0.35194147602455406,15.0
P4,score_Proliferation,random,-0.008124787221920992,15.0
P4,score_T_cell_activity,random,-0.0033908755766715003,15.0
P4,score_Myeloid_inflammation,random,0.016778879197114918,15.0
P4,tumour_immune_contact,random,-0.7849927849927849,15.0
P4,frac_Tumour,random,0.1919191919191919,16.0
P4,frac_Immune,random,-0.31024531024531027,16.0
P4,score_Estrogen_response,random,0.3778694777978043,16.0
P4,score_Proliferation,random,-0.015818783636552747,16.0
P4,score_T_cell_activity,random,0.00781911874416716,16.0
P4,score_Myeloid_inflammation,random,-0.006435045437778317,16.0
P4,tumour_immune_contact,random,-0.8109668109668109,16.0
P4,frac_Tumour,random,0.16594516594516598,17.0
P4,frac_Immune,random,-0.2842712842712843,17.0
P4,score_Estrogen_response,random,0.3323229940381071,17.0
P4,score_Proliferation,random,-0.025739316683838772,17.0
P4,score_T_cell_activity,random,-0.005232602550367381,17.0
P4,score_Myeloid_inflammation,random,0.0040711691583946025,17.0
P4,tumour_immune_contact,random,-0.7748917748917749,17.0
P4,frac_Tumour,random,0.18326118326118326,18.0
P4,frac_Immune,random,-0.3073593073593074,18.0
P4,score_Estrogen_response,random,0.3543457715832112,18.0
P4,score_Proliferation,random,-0.014082386023357561,18.0
P4,score_T_cell_activity,random,-0.004857480903819082,18.0
P4,score_Myeloid_inflammation,random,-0.0019331556510583728,18.0
P4,tumour_immune_contact,random,-0.7994227994227994,18.0
P4,frac_Tumour,random,0.18181818181818185,19.0
P4,frac_Immune,random,-0.2842712842712843,19.0
P4,score_Estrogen_response,random,0.3781775268998543,19.0
P4,score_Proliferation,random,-0.0012211166475558054,19.0
P4,score_T_cell_activity,random,-0.0014522938799894803,19.0
P4,score_Myeloid_inflammation,random,-0.006544736456075728,19.0
P4,tumour_immune_contact,random,-0.7575757575757576,19.0
P4,frac_Tumour,random,0.18037518037518038,20.0
P4,frac_Immune,random,-0.3088023088023088,20.0
P4,score_Estrogen_response,random,0.34986404361243306,20.0
P4,score_Proliferation,random,-0.007012188690065197,20.0
P4,score_T_cell_activity,random,0.0027703925920890896,20.0
P4,score_Myeloid_inflammation,random,0.004129173282357845,20.0
P4,tumour_immune_contact,random,-0.7965367965367965,20.0
P4,frac_Tumour,random,0.18614718614718614,21.0
P4,frac_Immune,random,-0.2958152958152958,21.0
P4,score_Estrogen_response,random,0.32644152194312376,21.0
P4,score_Proliferation,random,-0.008575968909352177,21.0
P4,score_T_cell_activity,random,-0.007588199307779718,21.0
P4,score_Myeloid_inflammation,random,-0.003066878630704161,21.0
P4,tumour_immune_contact,random,-0.7979797979797979,21.0
P4,frac_Tumour,random,0.152958152958153,22.0
P4,frac_Immune,random,-0.30447330447330445,22.0
P4,score_Estrogen_response,random,0.31651979500696215,22.0
P4,score_Proliferation,random,-0.010168500599692334,22.0
P4,score_T_cell_activity,random,0.0016090662082096842,22.0
P4,score_Myeloid_inflammation,random,0.0012572029288581074,22.0
P4,tumour_immune_contact,random,-0.7994227994227994,22.0
P4,frac_Tumour,random,0.17893217893217897,23.0
P4,frac_Immune,random,-0.28860028860028863,23.0
P4,score_Estrogen_response,random,0.34787153008224575,23.0
P4,score_Proliferation,random,-0.024349816236586493,23.0
P4,score_T_cell_activity,random,0.00022915609506074606,23.0
P4,score_Myeloid_inflammation,random,0.016260158202097287,23.0
P4,tumour_immune_contact,random,-0.7849927849927849,23.0
P4,frac_Tumour,random,0.1774891774891775,24.0
P4,frac_Immune,random,-0.3015873015873016,24.0
P4,score_Estrogen_response,random,0.3468185985570785,24.0
P4,score_Proliferation,random,-0.012795274125542277,24.0
P4,score_T_cell_activity,random,-0.001912168451624853,24.0
P4,score_Myeloid_inflammation,random,-0.006302554568225947,24.0
P4,tumour_immune_contact,random,-0.7907647907647908,24.0
P4,frac_Tumour,random,0.17171717171717174,25.0
P4,frac_Immune,random,-0.28715728715728717,25.0
P4,score_Estrogen_response,random,0.32939040489560945,25.0
P4,score_Proliferation,random,-0.006365837886870012,25.0
P4,score_T_cell_activity,random,0.006212853394021103,25.0
P4,score_Myeloid_inflammation,random,0.011697750591238051,25.0
P4,tumour_immune_contact,random,-0.7590187590187589,25.0
P4,frac_Tumour,random,0.1919191919191919,26.0
P4,frac_Immune,random,-0.30303030303030304,26.0
P4,score_Estrogen_response,random,0.3340551908687045,26.0
P4,score_Proliferation,random,-0.019778624794184563,26.0
P4,score_T_cell_activity,random,0.0053233365546640436,26.0
P4,score_Myeloid_inflammation,random,0.0020557515768572163,26.0
P4,tumour_immune_contact,random,-0.7777777777777777,26.0
P4,frac_Tumour,random,0.16305916305916304,27.0
P4,frac_Immune,random,-0.28715728715728717,27.0
P4,score_Estrogen_response,random,0.2962772209490856,27.0
P4,score_Proliferation,random,-0.01885940505742199,27.0
P4,score_T_cell_activity,random,0.00706191867111423,27.0
P4,score_Myeloid_inflammation,random,0.019194017352752564,27.0
P4,tumour_immune_contact,random,-0.7720057720057719,27.0
P4,frac_Tumour,random,0.17027417027417027,28.0
P4,frac_Immune,random,-0.30014430014430016,28.0
P4,score_Estrogen_response,random,0.320275146737344,28.0
P4,score_Proliferation,random,-0.011401955198156882,28.0
P4,score_T_cell_activity,random,0.003774754550251091,28.0
P4,score_Myeloid_inflammation,random,0.008276723551284018,28.0
P4,tumour_immune_contact,random,-0.7849927849927849,28.0
P4,frac_Tumour,random,0.16594516594516598,29.0
P4,frac_Immune,random,-0.30447330447330445,29.0
P4,score_Estrogen_response,random,0.31725375602441575,29.0
P4,score_Proliferation,random,-0.021658261905476716,29.0
P4,score_T_cell_activity,random,-0.00393367497135943,29.0
P4,score_Myeloid_inflammation,random,-0.0006657622316331227,29.0
P4,tumour_immune_contact,random,-0.7893217893217893,29.0
P4,frac_Tumour,random,0.20634920634920637,30.0
P4,frac_Immune,random,-0.31024531024531027,30.0
P4,score_Estrogen_response,random,0.37816748700928576,30.0
P4,score_Proliferation,random,-0.008613772747100843,30.0
P4,score_T_cell_activity,random,-0.0013943204694406468,30.0
P4,score_Myeloid_inflammation,random,0.003560417487788653,30.0
P4,tumour_immune_contact,random,-0.7994227994227994,30.0
P4,frac_Tumour,random,0.1774891774891775,31.0
P4,frac_Immune,random,-0.3073593073593074,31.0
P4,score_Estrogen_response,random,0.3602769978726466,31.0
P4,score_Proliferation,random,0.00293442414783445,31.0
P4,score_T_cell_activity,random,-0.0058671343877491,31.0
P4,score_Myeloid_inflammation,random,-0.010852522561689146,31.0
P4,tumour_immune_contact,random,-0.7878787878787878,31.0
P4,frac_Tumour,random,0.18903318903318903,32.0
P4,frac_Immune,random,-0.3015873015873016,32.0
P4,score_Estrogen_response,random,0.3770628694736948,32.0
P4,score_Proliferation,random,-0.01733547400911198,32.0
P4,score_T_cell_activity,random,0.0001600006627783979,32.0
P4,score_Myeloid_inflammation,random,-0.0159027212198278,32.0
P4,tumour_immune_contact,random,-0.7864357864357864,32.0
P4,frac_Tumour,random,0.15151515151515152,33.0
P4,frac_Immune,random,-0.27561327561327564,33.0
P4,score_Estrogen_response,random,0.3137079332957943,33.0
P4,score_Proliferation,random,-0.029539367378896876,33.0
P4,score_T_cell_activity,random,0.005697642853509333,33.0
P4,score_Myeloid_inflammation,random,-0.001945322050559667,33.0
P4,tumour_immune_contact,random,-0.7691197691197691,33.0
P4,frac_Tumour,random,0.152958152958153,34.0
P4,frac_Immune,random,-0.29004329004329005,34.0
P4,score_Estrogen_response,random,0.3368545272500281,34.0
P4,score_Proliferation,random,-0.015057365336055296,34.0
P4,score_T_cell_activity,random,0.003713104465495251,34.0
P4,score_Myeloid_inflammation,random,0.00823886162521642,34.0
P4,tumour_immune_contact,random,-0.7763347763347763,34.0
P4,frac_Tumour,random,0.20202020202020202,35.0
P4,frac_Immune,random,-0.3088023088023088,35.0
P4,score_Estrogen_response,random,0.3571295385989751,35.0
P4,score_Proliferation,random,-0.012308398057711225,35.0
P4,score_T_cell_activity,random,-0.0001917456963256715,35.0
P4,score_Myeloid_inflammation,random,0.02753616475424365,35.0
P4,tumour_immune_contact,random,-0.7893217893217893,35.0
P4,frac_Tumour,random,0.18037518037518038,36.0
P4,frac_Immune,random,-0.2958152958152958,36.0
P4,score_Estrogen_response,random,0.36024406611158355,36.0
P4,score_Proliferation,random,-0.014120205607251178,36.0
P4,score_T_cell_activity,random,0.0018568556230937198,36.0
P4,score_Myeloid_inflammation,random,0.006755645357368077,36.0
P4,tumour_immune_contact,random,-0.7893217893217893,36.0
P4,frac_Tumour,random,0.18181818181818185,37.0
P4,frac_Immune,random,-0.30014430014430016,37.0
P4,score_Estrogen_response,random,0.33727940045977733,37.0
P4,score_Proliferation,random,-0.0314606737881315,37.0
P4,score_T_cell_activity,random,-0.0016408231467374035,37.0
P4,score_Myeloid_inflammation,random,-0.0030655067230503756,37.0
P4,tumour_immune_contact,random,-0.7864357864357864,37.0
P4,frac_Tumour,random,0.1774891774891775,38.0
P4,frac_Immune,random,-0.29004329004329005,38.0
P4,score_Estrogen_response,random,0.3465632511205368,38.0
P4,score_Proliferation,random,-0.010733930873317624,38.0
P4,score_T_cell_activity,random,-0.005541845796728443,38.0
P4,score_Myeloid_inflammation,random,-0.014001343621170198,38.0
P4,tumour_immune_contact,random,-0.7792207792207791,38.0
P4,frac_Tumour,random,0.17604617604617603,39.0
P4,frac_Immune,random,-0.30447330447330445,39.0
P4,score_Estrogen_response,random,0.34692246293351603,39.0
P4,score_Proliferation,random,-0.014182412003734669,39.0
P4,score_T_cell_activity,random,-5.9691785696768234e-05,39.0
P4,score_Myeloid_inflammation,random,-0.009198146467467628,39.0
P4,tumour_immune_contact,random,-0.7907647907647908,39.0
P4,frac_Tumour,random,0.16883116883116886,40.0
P4,frac_Immune,random,-0.27849927849927847,40.0
P4,score_Estrogen_response,random,0.34009787157429217,40.0
P4,score_Proliferation,random,-0.0027754095655479743,40.0
P4,score_T_cell_activity,random,0.012604838342766047,40.0
P4,score_Myeloid_inflammation,random,-0.0013498179225859205,40.0
P4,tumour_immune_contact,random,-0.7561327561327561,40.0
P4,frac_Tumour,random,0.21645021645021648,41.0
P4,frac_Immune,random,-0.3073593073593074,41.0
P4,score_Estrogen_response,random,0.3716586228962698,41.0
P4,score_Proliferation,random,0.005466472931940373,41.0
P4,score_T_cell_activity,random,-0.006547865584520742,41.0
P4,score_Myeloid_inflammation,random,-0.015661140693982164,41.0
P4,tumour_immune_contact,random,-0.7965367965367965,41.0
P4,frac_Tumour,random,0.16594516594516598,42.0
P4,frac_Immune,random,-0.3059163059163059,42.0
P4,score_Estrogen_response,random,0.3538402678813895,42.0
P4,score_Proliferation,random,-0.010132445191454419,42.0
P4,score_T_cell_activity,random,-0.0021364145084050512,42.0
P4,score_Myeloid_inflammation,random,0.0015407044694495456,42.0
P4,tumour_immune_contact,random,-0.7907647907647908,42.0
P4,frac_Tumour,random,0.18181818181818185,43.0
P4,frac_Immune,random,-0.2958152958152958,43.0
P4,score_Estrogen_response,random,0.3377180651810562,43.0
P4,score_Proliferation,random,0.00016755616137844383,43.0
P4,score_T_cell_activity,random,0.00474546718783723,43.0
P4,score_Myeloid_inflammation,random,-0.007627717698133255,43.0
P4,tumour_immune_contact,random,-0.7748917748917749,43.0
P4,frac_Tumour,random,0.16017316017316016,44.0
P4,frac_Immune,random,-0.3073593073593074,44.0
P4,score_Estrogen_response,random,0.33601329902469046,44.0
P4,score_Proliferation,random,-0.012956867466704809,44.0
P4,score_T_cell_activity,random,-0.0062424404980676055,44.0
P4,score_Myeloid_inflammation,random,-0.0013450373273211844,44.0
P4,tumour_immune_contact,random,-0.7849927849927849,44.0
P4,frac_Tumour,random,0.19769119769119772,45.0
P4,frac_Immune,random,-0.3116883116883117,45.0
P4,score_Estrogen_response,random,0.37585670083819855,45.0
P4,score_Proliferation,random,-0.008311686929571564,45.0
P4,score_T_cell_activity,random,-0.0028840784140683235,45.0
P4,score_Myeloid_inflammation,random,0.009889930412885224,45.0
P4,tumour_immune_contact,random,-0.7936507936507936,45.0
P4,frac_Tumour,random,0.19624819624819625,46.0
P4,frac_Immune,random,-0.31024531024531027,46.0
P4,score_Estrogen_response,random,0.3592166423147409,46.0
P4,score_Proliferation,random,-0.005647739586726268,46.0
P4,score_T_cell_activity,random,-0.009329843892584498,46.0
P4,score_Myeloid_inflammation,random,-0.01598313024311166,46.0
P4,tumour_immune_contact,random,-0.7936507936507936,46.0
P4,frac_Tumour,random,0.18470418470418473,47.0
P4,frac_Immune,random,-0.29292929292929293,47.0
P4,score_Estrogen_response,random,0.32778402853913363,47.0
P4,score_Proliferation,random,-0.015279048716587335,47.0
P4,score_T_cell_activity,random,-0.003995667553283738,47.0
P4,score_Myeloid_inflammation,random,0.011429761263439114,47.0
P4,tumour_immune_contact,random,-0.7763347763347763,47.0
P4,frac_Tumour,random,0.19336219336219337,48.0
P4,frac_Immune,random,-0.30014430014430016,48.0
P4,score_Estrogen_response,random,0.33516869349450973,48.0
P4,score_Proliferation,random,-0.009046858415743077,48.0
P4,score_T_cell_activity,random,-0.0006877069084439874,48.0
P4,score_Myeloid_inflammation,random,0.01647683712066437,48.0
P4,tumour_immune_contact,random,-0.7893217893217893,48.0
P4,frac_Tumour,random,0.17027417027417027,49.0
P4,frac_Immune,random,-0.29292929292929293,49.0
P4,score_Estrogen_response,random,0.34149985383522896,49.0
P4,score_Proliferation,random,-0.0014229614695451401,49.0
P4,score_T_cell_activity,random,-0.0009166863766458478,49.0
P4,score_Myeloid_inflammation,random,-0.01359743660882708,49.0
P4,tumour_immune_contact,random,-0.8023088023088023,49.0
P4,frac_Tumour,random,0.1544011544011544,50.0
P4,frac_Immune,random,-0.31313131313131315,50.0
P4,score_Estrogen_response,random,0.32446195527664234,50.0
P4,score_Proliferation,random,-0.012999841872414855,50.0
P4,score_T_cell_activity,random,0.0013773148771624025,50.0
P4,score_Myeloid_inflammation,random,0.014461974526235495,50.0
P4,tumour_immune_contact,random,-0.8167388167388167,50.0
P4,frac_Tumour,random,0.152958152958153,51.0
P4,frac_Immune,random,-0.30303030303030304,51.0
P4,score_Estrogen_response,random,0.33063977773420256,51.0
P4,score_Proliferation,random,-0.01648367941839854,51.0
P4,score_T_cell_activity,random,-0.0029216177529699803,51.0
P4,score_Myeloid_inflammation,random,-0.0027156220392871057,51.0
P4,tumour_immune_contact,random,-0.7893217893217893,51.0
P4,frac_Tumour,random,0.17027417027417027,52.0
P4,frac_Immune,random,-0.28715728715728717,52.0
P4,score_Estrogen_response,random,0.3383258109349473,52.0
P4,score_Proliferation,random,-0.009124442015248986,52.0
P4,score_T_cell_activity,random,-0.004610705644344019,52.0
P4,score_Myeloid_inflammation,random,-0.002874518528929497,52.0
P4,tumour_immune_contact,random,-0.7720057720057719,52.0
P4,frac_Tumour,random,0.2049062049062049,53.0
P4,frac_Immune,random,-0.2958152958152958,53.0
P4,score_Estrogen_response,random,0.34249115606228964,53.0
P4,score_Proliferation,random,-0.0012587542987176127,53.0
P4,score_T_cell_activity,random,-0.0067466917100052134,53.0
P4,score_Myeloid_inflammation,random,0.0029106972947190585,53.0
P4,tumour_immune_contact,random,-0.7878787878787878,53.0
P4,frac_Tumour,random,0.19624819624819625,54.0
P4,frac_Immune,random,-0.2828282828282829,54.0
P4,score_Estrogen_response,random,0.3687102104433823,54.0
P4,score_Proliferation,random,0.0013826724727686703,54.0
P4,score_T_cell_activity,random,0.0030262141998944354,54.0
P4,score_Myeloid_inflammation,random,0.009429821492333283,54.0
P4,tumour_immune_contact,random,-0.7633477633477633,54.0
P4,frac_Tumour,random,0.2049062049062049,55.0
P4,frac_Immune,random,-0.30303030303030304,55.0
P4,score_Estrogen_response,random,0.34734333728296385,55.0
P4,score_Proliferation,random,-0.003939960151310959,55.0
P4,score_T_cell_activity,random,0.0016161360844357197,55.0
P4,score_Myeloid_inflammation,random,0.008512020896812626,55.0
P4,tumour_immune_contact,random,-0.8008658008658008,55.0
P4,frac_Tumour,random,0.152958152958153,56.0
P4,frac_Immune,random,-0.3073593073593074,56.0
P4,score_Estrogen_response,random,0.3328151761691523,56.0
P4,score_Proliferation,random,0.004924183421327636,56.0
P4,score_T_cell_activity,random,0.0036519081258358536,56.0
P4,score_Myeloid_inflammation,random,0.0010289059807301118,56.0
P4,tumour_immune_contact,random,-0.7979797979797979,56.0
P4,frac_Tumour,random,0.16305916305916304,57.0
P4,frac_Immune,random,-0.30303030303030304,57.0
P4,score_Estrogen_response,random,0.32631424283456406,57.0
P4,score_Proliferation,random,-0.007457402957468331,57.0
P4,score_T_cell_activity,random,-0.0010014604654942842,57.0
P4,score_Myeloid_inflammation,random,0.02332768481483092,57.0
P4,tumour_immune_contact,random,-0.7878787878787878,57.0
P4,frac_Tumour,random,0.17460317460317462,58.0
P4,frac_Immune,random,-0.2958152958152958,58.0
P4,score_Estrogen_response,random,0.32919292951561696,58.0
P4,score_Proliferation,random,-0.018509444572423504,58.0
P4,score_T_cell_activity,random,0.0032898376194003143,58.0
P4,score_Myeloid_inflammation,random,0.013619537427576357,58.0
P4,tumour_immune_contact,random,-0.7907647907647908,58.0
P4,frac_Tumour,random,0.1774891774891775,59.0
P4,frac_Immune,random,-0.29148629148629146,59.0
P4,score_Estrogen_response,random,0.349376386472767,59.0
P4,score_Proliferation,random,-0.001427884770820548,59.0
P4,score_T_cell_activity,random,0.0005009942491527417,59.0
P4,score_Myeloid_inflammation,random,0.0021439918742485117,59.0
P4,tumour_immune_contact,random,-0.7763347763347763,59.0
P4,frac_Tumour,random,0.19769119769119772,60.0
P4,frac_Immune,random,-0.28860028860028863,60.0
P4,score_Estrogen_response,random,0.3567695563121029,60.0
P4,score_Proliferation,random,-0.00861406454309235,60.0
P4,score_T_cell_activity,random,-0.004460147592827942,60.0
P4,score_Myeloid_inflammation,random,0.0032647988157902957,60.0
P4,tumour_immune_contact,random,-0.7835497835497836,60.0
P4,frac_Tumour,random,0.16161616161616163,61.0
P4,frac_Immune,random,-0.27994227994227994,61.0
P4,score_Estrogen_response,random,0.33218997369069614,61.0
P4,score_Proliferation,random,-0.008776986058136068,61.0
P4,score_T_cell_activity,random,0.0008317257099691524,61.0
P4,score_Myeloid_inflammation,random,-0.005107592440522318,61.0
P4,tumour_immune_contact,random,-0.7705627705627706,61.0
P4,frac_Tumour,random,0.1673881673881674,62.0
P4,frac_Immune,random,-0.3015873015873016,62.0
P4,score_Estrogen_response,random,0.3533516772681488,62.0
P4,score_Proliferation,random,-0.0041477952078034465,62.0
P4,score_T_cell_activity,random,-0.006636911033718186,62.0
P4,score_Myeloid_inflammation,random,0.0017763786632866568,62.0
P4,tumour_immune_contact,random,-0.7835497835497836,62.0
P4,frac_Tumour,random,0.17171717171717174,63.0
P4,frac_Immune,random,-0.2813852813852814,63.0
P4,score_Estrogen_response,random,0.31858267487386444,63.0
P4,score_Proliferation,random,-0.010244508997834446,63.0
P4,score_T_cell_activity,random,0.0039230601356989026,63.0
P4,score_Myeloid_inflammation,random,-0.006002854205212509,63.0
P4,tumour_immune_contact,random,-0.7662337662337662,63.0
P4,frac_Tumour,random,0.15584415584415587,64.0
P4,frac_Immune,random,-0.3073593073593074,64.0
P4,score_Estrogen_response,random,0.3384586182459471,64.0
P4,score_Proliferation,random,-0.009075032234138008,64.0
P4,score_T_cell_activity,random,-0.0019411996997811946,64.0
P4,score_Myeloid_inflammation,random,-0.001649850742966745,64.0
P4,tumour_immune_contact,random,-0.7950937950937951,64.0
P4,frac_Tumour,random,0.15728715728715728,65.0
P4,frac_Immune,random,-0.2987012987012987,65.0
P4,score_Estrogen_response,random,0.3560426289061915,65.0
P4,score_Proliferation,random,-0.020647178384634955,65.0
P4,score_T_cell_activity,random,0.006013353449539333,65.0
P4,score_Myeloid_inflammation,random,0.014523621919214358,65.0
P4,tumour_immune_contact,random,-0.7878787878787878,65.0
P4,frac_Tumour,random,0.2049062049062049,66.0
P4,frac_Immune,random,-0.3217893217893218,66.0
P4,score_Estrogen_response,random,0.3851994597690555,66.0
P4,score_Proliferation,random,-0.006827266207620471,66.0
P4,score_T_cell_activity,random,0.0003625423582532467,66.0
P4,score_Myeloid_inflammation,random,-0.017696031153678876,66.0
P4,tumour_immune_contact,random,-0.8023088023088023,66.0
P4,frac_Tumour,random,0.1645021645021645,67.0
P4,frac_Immune,random,-0.3116883116883117,67.0
P4,score_Estrogen_response,random,0.32666051570562454,67.0
P4,score_Proliferation,random,-0.011347295482441476,67.0
P4,score_T_cell_activity,random,0.0014137572773626867,67.0
P4,score_Myeloid_inflammation,random,-0.00820437886579048,67.0
P4,tumour_immune_contact,random,-0.7936507936507936,67.0
P4,frac_Tumour,random,0.18614718614718614,68.0
P4,frac_Immune,random,-0.2972582972582973,68.0
P4,score_Estrogen_response,random,0.3369884607406057,68.0
P4,score_Proliferation,random,-0.012771992884692421,68.0
P4,score_T_cell_activity,random,0.00694089774460233,68.0
P4,score_Myeloid_inflammation,random,-0.011158506940049846,68.0
P4,tumour_immune_contact,random,-0.7835497835497836,68.0
P4,frac_Tumour,random,0.15728715728715728,69.0
P4,frac_Immune,random,-0.2813852813852814,69.0
P4,score_Estrogen_response,random,0.31355090301948396,69.0
P4,score_Proliferation,random,-0.012921407747750331,69.0
P4,score_T_cell_activity,random,0.007556676090367725,69.0
P4,score_Myeloid_inflammation,random,0.0074510389066442875,69.0
P4,tumour_immune_contact,random,-0.7474747474747474,69.0
P4,frac_Tumour,random,0.17316017316017315,70.0
P4,frac_Immune,random,-0.29004329004329005,70.0
P4,score_Estrogen_response,random,0.3144517973582173,70.0
P4,score_Proliferation,random,-0.03202756594047925,70.0
P4,score_T_cell_activity,random,0.006517766546073385,70.0
P4,score_Myeloid_inflammation,random,-0.0005361809494839748,70.0
P4,tumour_immune_contact,random,-0.7647907647907648,70.0
P4,frac_Tumour,random,0.19336219336219337,71.0
P4,frac_Immune,random,-0.31024531024531027,71.0
P4,score_Estrogen_response,random,0.34564325102450405,71.0
P4,score_Proliferation,random,-0.0003190804877097961,71.0
P4,score_T_cell_activity,random,0.001963735957587592,71.0
P4,score_Myeloid_inflammation,random,0.0011332164813134052,71.0
P4,tumour_immune_contact,random,-0.7821067821067821,71.0
P4,frac_Tumour,random,0.17893217893217897,72.0
P4,frac_Immune,random,-0.3015873015873016,72.0
P4,score_Estrogen_response,random,0.3468058629717997,72.0
P4,score_Proliferation,random,-0.007299111121300085,72.0
P4,score_T_cell_activity,random,-0.0039171775040438925,72.0
P4,score_Myeloid_inflammation,random,-0.0011204108704892662,72.0
P4,tumour_immune_contact,random,-0.7907647907647908,72.0
P4,frac_Tumour,random,0.1919191919191919,73.0
P4,frac_Immune,random,-0.2828282828282829,73.0
P4,score_Estrogen_response,random,0.3533499381599181,73.0
P4,score_Proliferation,random,-0.020243033053394047,73.0
P4,score_T_cell_activity,random,-0.0051138401153492325,73.0
P4,score_Myeloid_inflammation,random,-0.021757118966014642,73.0
P4,tumour_immune_contact,random,-0.7806637806637806,73.0
P4,frac_Tumour,random,0.1904761904761905,74.0
P4,frac_Immune,random,-0.3189033189033189,74.0
P4,score_Estrogen_response,random,0.34479652387973325,74.0
P4,score_Proliferation,random,-0.006046973912608708,74.0
P4,score_T_cell_activity,random,-0.0022559984831682623,74.0
P4,score_Myeloid_inflammation,random,-0.007284853484770246,74.0
P4,tumour_immune_contact,random,-0.7965367965367965,74.0
P4,frac_Tumour,random,0.17316017316017315,75.0
P4,frac_Immune,random,-0.2857142857142857,75.0
P4,score_Estrogen_response,random,0.3323316226950774,75.0
P4,score_Proliferation,random,-0.013046683955569904,75.0
P4,score_T_cell_activity,random,0.006671369853077077,75.0
P4,score_Myeloid_inflammation,random,0.009218197492107956,75.0
P4,tumour_immune_contact,random,-0.7647907647907648,75.0
P4,frac_Tumour,random,0.18326118326118326,76.0
P4,frac_Immune,random,-0.29292929292929293,76.0
P4,score_Estrogen_response,random,0.34847934789240714,76.0
P4,score_Proliferation,random,-0.031342262719374264,76.0
P4,score_T_cell_activity,random,0.0009226249449320282,76.0
P4,score_Myeloid_inflammation,random,0.0006526808444579507,76.0
P4,tumour_immune_contact,random,-0.7748917748917749,76.0
P4,frac_Tumour,random,0.1875901875901876,77.0
P4,frac_Immune,random,-0.2972582972582973,77.0
P4,score_Estrogen_response,random,0.3447250445572245,77.0
P4,score_Proliferation,random,-0.007629447913697248,77.0
P4,score_T_cell_activity,random,0.009741584069629943,77.0
P4,score_Myeloid_inflammation,random,0.0018139491526627388,77.0
P4,tumour_immune_contact,random,-0.7835497835497836,77.0
P4,frac_Tumour,random,0.17027417027417027,78.0
P4,frac_Immune,random,-0.27561327561327564,78.0
P4,score_Estrogen_response,random,0.3181162991479105,78.0
P4,score_Proliferation,random,-0.011050190791573792,78.0
P4,score_T_cell_activity,random,0.006733030564483247,78.0
P4,score_Myeloid_inflammation,random,0.016992627065691816,78.0
P4,tumour_immune_contact,random,-0.7777777777777777,78.0
P4,frac_Tumour,random,0.19624819624819625,79.0
P4,frac_Immune,random,-0.28860028860028863,79.0
P4,score_Estrogen_response,random,0.34093860159039213,79.0
P4,score_Proliferation,random,-0.013764641318467713,79.0
P4,score_T_cell_activity,random,0.0014826692210384085,79.0
P4,score_Myeloid_inflammation,random,-0.012877559690196876,79.0
P4,tumour_immune_contact,random,-0.7835497835497836,79.0
P4,frac_Tumour,random,0.17604617604617603,80.0
P4,frac_Immune,random,-0.2943722943722944,80.0
P4,score_Estrogen_response,random,0.3321233215064724,80.0
P4,score_Proliferation,random,-0.0029993483642910147,80.0
P4,score_T_cell_activity,random,0.001296808738606104,80.0
P4,score_Myeloid_inflammation,random,0.006051963505899344,80.0
P4,tumour_immune_contact,random,-0.7849927849927849,80.0
P4,frac_Tumour,random,0.1919191919191919,81.0
P4,frac_Immune,random,-0.3015873015873016,81.0
P4,score_Estrogen_response,random,0.3563501921476783,81.0
P4,score_Proliferation,random,-0.012033358865097134,81.0
P4,score_T_cell_activity,random,-0.0028796680611439035,81.0
P4,score_Myeloid_inflammation,random,0.021144493431414328,81.0
P4,tumour_immune_contact,random,-0.7821067821067821,81.0
P4,frac_Tumour,random,0.16594516594516598,82.0
P4,frac_Immune,random,-0.3015873015873016,82.0
P4,score_Estrogen_response,random,0.31515946281081025,82.0
P4,score_Proliferation,random,-0.00789165025606787,82.0
P4,score_T_cell_activity,random,-0.0018195796054082333,82.0
P4,score_Myeloid_inflammation,random,0.007338827080502264,82.0
P4,tumour_immune_contact,random,-0.7835497835497836,82.0
P4,frac_Tumour,random,0.1774891774891775,83.0
P4,frac_Immune,random,-0.2958152958152958,83.0
P4,score_Estrogen_response,random,0.3150591605051874,83.0
P4,score_Proliferation,random,-0.020577923126908836,83.0
P4,score_T_cell_activity,random,-0.0011585789609654014,83.0
P4,score_Myeloid_inflammation,random,-0.0006273995500418461,83.0
P4,tumour_immune_contact,random,-0.7777777777777777,83.0
P4,frac_Tumour,random,0.16883116883116886,84.0
P4,frac_Immune,random,-0.27561327561327564,84.0
P4,score_Estrogen_response,random,0.3161661204428507,84.0
P4,score_Proliferation,random,-0.009820401482911568,84.0
P4,score_T_cell_activity,random,-0.0018316645947718314,84.0
P4,score_Myeloid_inflammation,random,-0.00520316842952356,84.0
P4,tumour_immune_contact,random,-0.7633477633477633,84.0
P4,frac_Tumour,random,0.17027417027417027,85.0
P4,frac_Immune,random,-0.2943722943722944,85.0
P4,score_Estrogen_response,random,0.34477325360136646,85.0
P4,score_Proliferation,random,-0.026596357724041203,85.0
P4,score_T_cell_activity,random,-0.004038124633176373,85.0
P4,score_Myeloid_inflammation,random,0.005896506275279836,85.0
P4,tumour_immune_contact,random,-0.7806637806637806,85.0
P4,frac_Tumour,random,0.19480519480519484,86.0
P4,frac_Immune,random,-0.2958152958152958,86.0
P4,score_Estrogen_response,random,0.36906027854139645,86.0
P4,score_Proliferation,random,-0.008130028928274795,86.0
P4,score_T_cell_activity,random,-0.00273798336796785,86.0
P4,score_Myeloid_inflammation,random,-0.0034547858622126885,86.0
P4,tumour_immune_contact,random,-0.7777777777777777,86.0
P4,frac_Tumour,random,0.17604617604617603,87.0
P4,frac_Immune,random,-0.28860028860028863,87.0
P4,score_Estrogen_response,random,0.35524011114445986,87.0
P4,score_Proliferation,random,-0.008557737888151602,87.0
P4,score_T_cell_activity,random,0.002967661030549456,87.0
P4,score_Myeloid_inflammation,random,0.0053921325198834705,87.0
P4,tumour_immune_contact,random,-0.8066378066378066,87.0
P4,frac_Tumour,random,0.18470418470418473,88.0
P4,frac_Immune,random,-0.28715728715728717,88.0
P4,score_Estrogen_response,random,0.3431388757443511,88.0
P4,score_Proliferation,random,-0.029256382634839435,88.0
P4,score_T_cell_activity,random,0.00026068042593529084,88.0
P4,score_Myeloid_inflammation,random,0.016040287510462985,88.0
P4,tumour_immune_contact,random,-0.7748917748917749,88.0
P4,frac_Tumour,random,0.1904761904761905,89.0
P4,frac_Immune,random,-0.3059163059163059,89.0
P4,score_Estrogen_response,random,0.34355527041035977,89.0
P4,score_Proliferation,random,-0.01695359432769075,89.0
P4,score_T_cell_activity,random,0.007051038740915754,89.0
P4,score_Myeloid_inflammation,random,-0.024978596000966195,89.0
P4,tumour_immune_contact,random,-0.7806637806637806,89.0
P4,frac_Tumour,random,0.18037518037518038,90.0
P4,frac_Immune,random,-0.3116883116883117,90.0
P4,score_Estrogen_response,random,0.35372498130346397,90.0
P4,score_Proliferation,random,-0.0129271144696071,90.0
P4,score_T_cell_activity,random,0.0005390703929129275,90.0
P4,score_Myeloid_inflammation,random,-0.01473638247076223,90.0
P4,tumour_immune_contact,random,-0.7994227994227994,90.0
P4,frac_Tumour,random,0.18037518037518038,91.0
P4,frac_Immune,random,-0.27561327561327564,91.0
P4,score_Estrogen_response,random,0.31300416220923727,91.0
P4,score_Proliferation,random,-0.01998901573924015,91.0
P4,score_T_cell_activity,random,0.002292270201178343,91.0
P4,score_Myeloid_inflammation,random,0.009337345800696714,91.0
P4,tumour_immune_contact,random,-0.7590187590187589,91.0
P4,frac_Tumour,random,0.16594516594516598,92.0
P4,frac_Immune,random,-0.2987012987012987,92.0
P4,score_Estrogen_response,random,0.3124207073384756,92.0
P4,score_Proliferation,random,-0.016031222998746698,92.0
P4,score_T_cell_activity,random,-6.784015416071458e-05,92.0
P4,score_Myeloid_inflammation,random,0.005822838044608002,92.0
P4,tumour_immune_contact,random,-0.7691197691197691,92.0
P4,frac_Tumour,random,0.17316017316017315,93.0
P4,frac_Immune,random,-0.30447330447330445,93.0
P4,score_Estrogen_response,random,0.3893822109578402,93.0
P4,score_Proliferation,random,-0.019302326912128503,93.0
P4,score_T_cell_activity,random,-0.0031074480283161837,93.0
P4,score_Myeloid_inflammation,random,-0.014652171512725038,93.0
P4,tumour_immune_contact,random,-0.7849927849927849,93.0
P4,frac_Tumour,random,0.18037518037518038,94.0
P4,frac_Immune,random,-0.2842712842712843,94.0
P4,score_Estrogen_response,random,0.34464767873805,94.0
P4,score_Proliferation,random,-0.013262449408547176,94.0
P4,score_T_cell_activity,random,0.005414012576808296,94.0
P4,score_Myeloid_inflammation,random,0.022805096713710817,94.0
P4,tumour_immune_contact,random,-0.7734487734487734,94.0
P4,frac_Tumour,random,0.1544011544011544,95.0
P4,frac_Immune,random,-0.30014430014430016,95.0
P4,score_Estrogen_response,random,0.3409589483220516,95.0
P4,score_Proliferation,random,-0.013757859927356125,95.0
P4,score_T_cell_activity,random,-0.0020820713689538206,95.0
P4,score_Myeloid_inflammation,random,0.0029496947508279164,95.0
P4,tumour_immune_contact,random,-0.7950937950937951,95.0
P4,frac_Tumour,random,0.2049062049062049,96.0
P4,frac_Immune,random,-0.2842712842712843,96.0
P4,score_Estrogen_response,random,0.37974144474854543,96.0
P4,score_Proliferation,random,-0.014419283953754084,96.0
P4,score_T_cell_activity,random,0.0010209659656872565,96.0
P4,score_Myeloid_inflammation,random,-0.002681974259819888,96.0
P4,tumour_immune_contact,random,-0.7922077922077921,96.0
P4,frac_Tumour,random,0.1904761904761905,97.0
P4,frac_Immune,random,-0.28715728715728717,97.0
P4,score_Estrogen_response,random,0.32089866887687857,97.0
P4,score_Proliferation,random,-0.016958647956117623,97.0
P4,score_T_cell_activity,random,0.0010064522476507202,97.0
P4,score_Myeloid_inflammation,random,0.011441633141699312,97.0
P4,tumour_immune_contact,random,-0.7792207792207791,97.0
P4,frac_Tumour,random,0.17316017316017315,98.0
P4,frac_Immune,random,-0.2987012987012987,98.0
P4,score_Estrogen_response,random,0.3619839026737181,98.0
P4,score_Proliferation,random,-0.021593102850081376,98.0
P4,score_T_cell_activity,random,-0.0064589533206667205,98.0
P4,score_Myeloid_inflammation,random,0.006327914948049039,98.0
P4,tumour_immune_contact,random,-0.7835497835497836,98.0
P4,frac_Tumour,random,0.18037518037518038,99.0
P4,frac_Immune,random,-0.2987012987012987,99.0
P4,score_Estrogen_response,random,0.3382819971041409,99.0
P4,score_Proliferation,random,-0.01523368413533017,99.0
P4,score_T_cell_activity,random,0.003006371423493656,99.0
P4,score_Myeloid_inflammation,random,-0.006503978787363581,99.0
P4,tumour_immune_contact,random,-0.7575757575757576,99.0
P4,frac_Tumour,random,0.1904761904761905,100.0
P4,frac_Immune,random,-0.29004329004329005,100.0
P4,score_Estrogen_response,random,0.3589410968631998,100.0
P4,score_Proliferation,random,-0.01300965971512095,100.0
P4,score_T_cell_activity,random,-0.00029766587560141225,100.0
P4,score_Myeloid_inflammation,random,-0.014257862054454753,100.0
P4,tumour_immune_contact,random,-0.7691197691197691,100.0
P4,frac_Tumour,random,0.17316017316017315,101.0
P4,frac_Immune,random,-0.2972582972582973,101.0
P4,score_Estrogen_response,random,0.3515965354020541,101.0
P4,score_Proliferation,random,-0.006702683431036916,101.0
P4,score_T_cell_activity,random,0.0005481405207333645,101.0
P4,score_Myeloid_inflammation,random,0.009747126116055785,101.0
P4,tumour_immune_contact,random,-0.7922077922077921,101.0
P4,frac_Tumour,random,0.13852813852813853,102.0
P4,frac_Immune,random,-0.26551226551226553,102.0
P4,score_Estrogen_response,random,0.30613326233998206,102.0
P4,score_Proliferation,random,-0.017741373495718832,102.0
P4,score_T_cell_activity,random,0.00879191230126525,102.0
P4,score_Myeloid_inflammation,random,0.004146217143743594,102.0
P4,tumour_immune_contact,random,-0.746031746031746,102.0
P4,frac_Tumour,random,0.17171717171717174,103.0
P4,frac_Immune,random,-0.30014430014430016,103.0
P4,score_Estrogen_response,random,0.32796676300661,103.0
P4,score_Proliferation,random,-0.00888919566717592,103.0
P4,score_T_cell_activity,random,0.0014094071109083735,103.0
P4,score_Myeloid_inflammation,random,0.01515522567217574,103.0
P4,tumour_immune_contact,random,-0.7849927849927849,103.0
P4,frac_Tumour,random,0.2049062049062049,104.0
P4,frac_Immune,random,-0.2972582972582973,104.0
P4,score_Estrogen_response,random,0.3742896900566895,104.0
P4,score_Proliferation,random,-0.00948280696344908,104.0
P4,score_T_cell_activity,random,0.006738447862634281,104.0
P4,score_Myeloid_inflammation,random,0.0031309631338980737,104.0
P4,tumour_immune_contact,random,-0.7821067821067821,104.0
P4,frac_Tumour,random,0.16594516594516598,105.0
P4,frac_Immune,random,-0.2972582972582973,105.0
P4,score_Estrogen_response,random,0.3305322726787476,105.0
P4,score_Proliferation,random,-0.005716154007116747,105.0
P4,score_T_cell_activity,random,0.002036325468558162,105.0
P4,score_Myeloid_inflammation,random,0.011102642284141234,105.0
P4,tumour_immune_contact,random,-0.7922077922077921,105.0
P4,frac_Tumour,random,0.18614718614718614,106.0
P4,frac_Immune,random,-0.2987012987012987,106.0
P4,score_Estrogen_response,random,0.3409601370114868,106.0
P4,score_Proliferation,random,-0.015451662345244456,106.0
P4,score_T_cell_activity,random,0.003261691809702134,106.0
P4,score_Myeloid_inflammation,random,-0.01314044790333074,106.0
P4,tumour_immune_contact,random,-0.7821067821067821,106.0
P4,frac_Tumour,random,0.1645021645021645,107.0
P4,frac_Immune,random,-0.2813852813852814,107.0
P4,score_Estrogen_response,random,0.30969612305613875,107.0
P4,score_Proliferation,random,-0.024381412824859887,107.0
P4,score_T_cell_activity,random,0.006725462556738496,107.0
P4,score_Myeloid_inflammation,random,0.008620964002269228,107.0
P4,tumour_immune_contact,random,-0.7676767676767676,107.0
P4,frac_Tumour,random,0.17460317460317462,108.0
P4,frac_Immune,random,-0.3015873015873016,108.0
P4,score_Estrogen_response,random,0.37072268339232384,108.0
P4,score_Proliferation,random,-0.002293135253700413,108.0
P4,score_T_cell_activity,random,0.0025372393037420638,108.0
P4,score_Myeloid_inflammation,random,0.003400432391659894,108.0
P4,tumour_immune_contact,random,-0.7777777777777777,108.0
P4,frac_Tumour,random,0.17893217893217897,109.0
P4,frac_Immune,random,-0.31024531024531027,109.0
P4,score_Estrogen_response,random,0.37087180867657604,109.0
P4,score_Proliferation,random,-0.016206265262708335,109.0
P4,score_T_cell_activity,random,-0.00665151430754585,109.0
P4,score_Myeloid_inflammation,random,-0.009267430571362884,109.0
P4,tumour_immune_contact,random,-0.7907647907647908,109.0
P4,frac_Tumour,random,0.17316017316017315,110.0
P4,frac_Immune,random,-0.3059163059163059,110.0
P4,score_Estrogen_response,random,0.3628310969346088,110.0
P4,score_Proliferation,random,-0.008885160951856392,110.0
P4,score_T_cell_activity,random,0.004473676517088969,110.0
P4,score_Myeloid_inflammation,random,0.0032592120213621803,110.0
P4,tumour_immune_contact,random,-0.7878787878787878,110.0
P4,frac_Tumour,random,0.16161616161616163,111.0
P4,frac_Immune,random,-0.29148629148629146,111.0
P4,score_Estrogen_response,random,0.33201714124389325,111.0
P4,score_Proliferation,random,-0.01257518073501465,111.0
P4,score_T_cell_activity,random,-0.00029651571576589687,111.0
P4,score_Myeloid_inflammation,random,0.0011128523046294789,111.0
P4,tumour_immune_contact,random,-0.7821067821067821,111.0
P4,frac_Tumour,random,0.18181818181818185,112.0
P4,frac_Immune,random,-0.30303030303030304,112.0
P4,score_Estrogen_response,random,0.35488210799381925,112.0
P4,score_Proliferation,random,0.006595871232596165,112.0
P4,score_T_cell_activity,random,-0.0070571219837724545,112.0
P4,score_Myeloid_inflammation,random,-0.005251780249091561,112.0
P4,tumour_immune_contact,random,-0.7806637806637806,112.0
P4,frac_Tumour,random,0.15584415584415587,113.0
P4,frac_Immune,random,-0.28860028860028863,113.0
P4,score_Estrogen_response,random,0.35571954781888854,113.0
P4,score_Proliferation,random,0.004519354235621148,113.0
P4,score_T_cell_activity,random,-0.0078365870260348,113.0
P4,score_Myeloid_inflammation,random,-0.0036793433907966223,113.0
P4,tumour_immune_contact,random,-0.8008658008658008,113.0
P4,frac_Tumour,random,0.1544011544011544,114.0
P4,frac_Immune,random,-0.2987012987012987,114.0
P4,score_Estrogen_response,random,0.33588050461165375,114.0
P4,score_Proliferation,random,-0.026301036429554298,114.0
P4,score_T_cell_activity,random,-0.0010526523976027453,114.0
P4,score_Myeloid_inflammation,random,0.004417959270082886,114.0
P4,tumour_immune_contact,random,-0.7821067821067821,114.0
P4,frac_Tumour,random,0.14718614718614717,115.0
P4,frac_Immune,random,-0.2857142857142857,115.0
P4,score_Estrogen_response,random,0.34144087206429113,115.0
P4,score_Proliferation,random,-0.021357024270121972,115.0
P4,score_T_cell_activity,random,-0.0019929058962571277,115.0
P4,score_Myeloid_inflammation,random,-0.006926265098223337,115.0
P4,tumour_immune_contact,random,-0.7878787878787878,115.0
P4,frac_Tumour,random,0.19769119769119772,116.0
P4,frac_Immune,random,-0.3059163059163059,116.0
P4,score_Estrogen_response,random,0.3795723248167936,116.0
P4,score_Proliferation,random,-0.018264863377641754,116.0
P4,score_T_cell_activity,random,-0.0032726672861601615,116.0
P4,score_Myeloid_inflammation,random,0.00043171077498790206,116.0
P4,tumour_immune_contact,random,-0.8008658008658008,116.0
P4,frac_Tumour,random,0.17604617604617603,117.0
P4,frac_Immune,random,-0.3088023088023088,117.0
P4,score_Estrogen_response,random,0.310094837837452,117.0
P4,score_Proliferation,random,-0.004153419020907438,117.0
P4,score_T_cell_activity,random,-0.0020065291849742624,117.0
P4,score_Myeloid_inflammation,random,-0.013449873574963963,117.0
P4,tumour_immune_contact,random,-0.7763347763347763,117.0
P4,frac_Tumour,random,0.1673881673881674,118.0
P4,frac_Immune,random,-0.2712842712842713,118.0
P4,score_Estrogen_response,random,0.3470531257483345,118.0
P4,score_Proliferation,random,-0.00860383231085242,118.0
P4,score_T_cell_activity,random,-0.004589043812763169,118.0
P4,score_Myeloid_inflammation,random,-0.0031430513115075186,118.0
P4,tumour_immune_contact,random,-0.7734487734487734,118.0
P4,frac_Tumour,random,0.17893217893217897,119.0
P4,frac_Immune,random,-0.29148629148629146,119.0
P4,score_Estrogen_response,random,0.3338757163121053,119.0
P4,score_Proliferation,random,-0.01747870495754499,119.0
P4,score_T_cell_activity,random,0.004600496165390583,119.0
P4,score_Myeloid_inflammation,random,0.015851958900903386,119.0
P4,tumour_immune_contact,random,-0.7864357864357864,119.0
P4,frac_Tumour,random,0.2049062049062049,120.0
P4,frac_Immune,random,-0.31601731601731603,120.0
P4,score_Estrogen_response,random,0.37762239329460306,120.0
P4,score_Proliferation,random,-0.00466828709737114,120.0
P4,score_T_cell_activity,random,0.002983968472789717,120.0
P4,score_Myeloid_inflammation,random,-0.008282145375204698,120.0
P4,tumour_immune_contact,random,-0.8023088023088023,120.0
P4,frac_Tumour,random,0.18614718614718614,121.0
P4,frac_Immune,random,-0.29148629148629146,121.0
P4,score_Estrogen_response,random,0.34736004520588015,121.0
P4,score_Proliferation,random,0.00020617634324628412,121.0
P4,score_T_cell_activity,random,0.0030398781589009733,121.0
P4,score_Myeloid_inflammation,random,0.020554193091273668,121.0
P4,tumour_immune_contact,random,-0.7878787878787878,121.0
P4,frac_Tumour,random,0.15584415584415587,122.0
P4,frac_Immune,random,-0.27994227994227994,122.0
P4,score_Estrogen_response,random,0.3487524035140569,122.0
P4,score_Proliferation,random,0.003133303983561756,122.0
P4,score_T_cell_activity,random,0.001042225841613535,122.0
P4,score_Myeloid_inflammation,random,0.00231187933018083,122.0
P4,tumour_immune_contact,random,-0.7561327561327561,122.0
P4,frac_Tumour,random,0.17604617604617603,123.0
P4,frac_Immune,random,-0.31024531024531027,123.0
P4,score_Estrogen_response,random,0.3502815574908084,123.0
P4,score_Proliferation,random,-0.014419875045669581,123.0
P4,score_T_cell_activity,random,0.0007735485148999053,123.0
P4,score_Myeloid_inflammation,random,-0.00877487734781306,123.0
P4,tumour_immune_contact,random,-0.7965367965367965,123.0
P4,frac_Tumour,random,0.16017316017316016,124.0
P4,frac_Immune,random,-0.2842712842712843,124.0
P4,score_Estrogen_response,random,0.3245671020727674,124.0
P4,score_Proliferation,random,-0.013347577839615016,124.0
P4,score_T_cell_activity,random,0.00034129593043756524,124.0
P4,score_Myeloid_inflammation,random,-0.000841514874680184,124.0
P4,tumour_immune_contact,random,-0.7503607503607503,124.0
P4,frac_Tumour,random,0.16594516594516598,125.0
P4,frac_Immune,random,-0.31601731601731603,125.0
P4,score_Estrogen_response,random,0.36628775105404865,125.0
P4,score_Proliferation,random,-0.011167460328292966,125.0
P4,score_T_cell_activity,random,-0.0026971625725917517,125.0
P4,score_Myeloid_inflammation,random,0.022988849544686427,125.0
P4,tumour_immune_contact,random,-0.7979797979797979,125.0
P4,frac_Tumour,random,0.1673881673881674,126.0
P4,frac_Immune,random,-0.30447330447330445,126.0
P4,score_Estrogen_response,random,0.3487112875012682,126.0
P4,score_Proliferation,random,-0.01981550067914693,126.0
P4,score_T_cell_activity,random,-0.0013341727120047037,126.0
P4,score_Myeloid_inflammation,random,-0.002057986393952497,126.0
P4,tumour_immune_contact,random,-0.7950937950937951,126.0
P4,frac_Tumour,random,0.1919191919191919,127.0
P4,frac_Immune,random,-0.3088023088023088,127.0
P4,score_Estrogen_response,random,0.3562564876901446,127.0
P4,score_Proliferation,random,-0.020285236917681415,127.0
P4,score_T_cell_activity,random,-0.006294167557271343,127.0
P4,score_Myeloid_inflammation,random,-0.006167407996667047,127.0
P4,tumour_immune_contact,random,-0.7907647907647908,127.0
P4,frac_Tumour,random,0.2005772005772006,128.0
P4,frac_Immune,random,-0.2857142857142857,128.0
P4,score_Estrogen_response,random,0.3306260679674021,128.0
P4,score_Proliferation,random,-0.004966223014607447,128.0
P4,score_T_cell_activity,random,0.0011727231911947817,128.0
P4,score_Myeloid_inflammation,random,0.0036995058604361586,128.0
P4,tumour_immune_contact,random,-0.7691197691197691,128.0
P4,frac_Tumour,random,0.18614718614718614,129.0
P4,frac_Immune,random,-0.2987012987012987,129.0
P4,score_Estrogen_response,random,0.33147233460250164,129.0
P4,score_Proliferation,random,-0.00014834851983383296,129.0
P4,score_T_cell_activity,random,-0.0023728741160484942,129.0
P4,score_Myeloid_inflammation,random,0.0015796593264017986,129.0
P4,tumour_immune_contact,random,-0.7647907647907648,129.0
P4,frac_Tumour,random,0.1544011544011544,130.0
P4,frac_Immune,random,-0.2712842712842713,130.0
P4,score_Estrogen_response,random,0.322830980123145,130.0
P4,score_Proliferation,random,-0.013118198184842911,130.0
P4,score_T_cell_activity,random,0.010415403042725663,130.0
P4,score_Myeloid_inflammation,random,0.021064234923763407,130.0
P4,tumour_immune_contact,random,-0.7532467532467532,130.0
P4,frac_Tumour,random,0.1673881673881674,131.0
P4,frac_Immune,random,-0.30014430014430016,131.0
P4,score_Estrogen_response,random,0.32328049780926066,131.0
P4,score_Proliferation,random,-0.02256223207589169,131.0
P4,score_T_cell_activity,random,-0.0034733577967591958,131.0
P4,score_Myeloid_inflammation,random,-0.005034079997461621,131.0
P4,tumour_immune_contact,random,-0.7792207792207791,131.0
P4,frac_Tumour,random,0.18326118326118326,132.0
P4,frac_Immune,random,-0.30447330447330445,132.0
P4,score_Estrogen_response,random,0.3516145847932809,132.0
P4,score_Proliferation,random,-0.0064177794997658435,132.0
P4,score_T_cell_activity,random,-0.005363157592933053,132.0
P4,score_Myeloid_inflammation,random,-0.004002860747085422,132.0
P4,tumour_immune_contact,random,-0.7878787878787878,132.0
P4,frac_Tumour,random,0.18903318903318903,133.0
P4,frac_Immune,random,-0.3073593073593074,133.0
P4,score_Estrogen_response,random,0.3374979683525341,133.0
P4,score_Proliferation,random,-0.0037375484629220733,133.0
P4,score_T_cell_activity,random,-0.0032120864960188834,133.0
P4,score_Myeloid_inflammation,random,0.009471252474575566,133.0
P4,tumour_immune_contact,random,-0.7922077922077921,133.0
P4,frac_Tumour,random,0.17027417027417027,134.0
P4,frac_Immune,random,-0.29292929292929293,134.0
P4,score_Estrogen_response,random,0.34983039495949564,134.0
P4,score_Proliferation,random,-0.022026014872272983,134.0
P4,score_T_cell_activity,random,0.0068242501320012845,134.0
P4,score_Myeloid_inflammation,random,-0.0006436217888610013,134.0
P4,tumour_immune_contact,random,-0.7893217893217893,134.0
P4,frac_Tumour,random,0.19624819624819625,135.0
P4,frac_Immune,random,-0.30303030303030304,135.0
P4,score_Estrogen_response,random,0.3435823038049994,135.0
P4,score_Proliferation,random,-0.008652177815706553,135.0
P4,score_T_cell_activity,random,-0.0072981272886396675,135.0
P4,score_Myeloid_inflammation,random,-0.012192357119213695,135.0
P4,tumour_immune_contact,random,-0.7864357864357864,135.0
P4,frac_Tumour,random,0.17316017316017315,136.0
P4,frac_Immune,random,-0.2972582972582973,136.0
P4,score_Estrogen_response,random,0.36471499339506475,136.0
P4,score_Proliferation,random,-0.003962515560007492,136.0
P4,score_T_cell_activity,random,-0.0016539488248917208,136.0
P4,score_Myeloid_inflammation,random,-0.012151565026843014,136.0
P4,tumour_immune_contact,random,-0.7965367965367965,136.0
P4,frac_Tumour,random,0.18181818181818185,137.0
P4,frac_Immune,random,-0.3073593073593074,137.0
P4,score_Estrogen_response,random,0.3620069368355654,137.0
P4,score_Proliferation,random,-0.013615982991777223,137.0
P4,score_T_cell_activity,random,-0.0030145068174558514,137.0
P4,score_Myeloid_inflammation,random,-0.0004904460605433536,137.0
P4,tumour_immune_contact,random,-0.7893217893217893,137.0
P4,frac_Tumour,random,0.17171717171717174,138.0
P4,frac_Immune,random,-0.28715728715728717,138.0
P4,score_Estrogen_response,random,0.3174908687679366,138.0
P4,score_Proliferation,random,-0.013778082499367609,138.0
P4,score_T_cell_activity,random,0.0026666464543448117,138.0
P4,score_Myeloid_inflammation,random,-0.003454518390741415,138.0
P4,tumour_immune_contact,random,-0.7676767676767676,138.0
P4,frac_Tumour,random,0.18903318903318903,139.0
P4,frac_Immune,random,-0.3015873015873016,139.0
P4,score_Estrogen_response,random,0.31914513062806654,139.0
P4,score_Proliferation,random,-0.00830452415674644,139.0
P4,score_T_cell_activity,random,-0.004870718421883615,139.0
P4,score_Myeloid_inflammation,random,0.00685662186368826,139.0
P4,tumour_immune_contact,random,-0.7936507936507936,139.0
P4,frac_Tumour,random,0.13708513708513712,140.0
P4,frac_Immune,random,-0.2958152958152958,140.0
P4,score_Estrogen_response,random,0.3406160882934323,140.0
P4,score_Proliferation,random,-0.007288558923374049,140.0
P4,score_T_cell_activity,random,0.0011641654407173764,140.0
P4,score_Myeloid_inflammation,random,-0.0012454776259876038,140.0
P4,tumour_immune_contact,random,-0.7763347763347763,140.0
P4,frac_Tumour,random,0.17027417027417027,141.0
P4,frac_Immune,random,-0.29004329004329005,141.0
P4,score_Estrogen_response,random,0.34153120949664784,141.0
P4,score_Proliferation,random,-0.016064801065555512,141.0
P4,score_T_cell_activity,random,0.003182494718568642,141.0
P4,score_Myeloid_inflammation,random,0.007643908505301895,141.0
P4,tumour_immune_contact,random,-0.7965367965367965,141.0
P4,frac_Tumour,random,0.18326118326118326,142.0
P4,frac_Immune,random,-0.2972582972582973,142.0
P4,score_Estrogen_response,random,0.30760595436805604,142.0
P4,score_Proliferation,random,-0.020707515856664777,142.0
P4,score_T_cell_activity,random,0.002501621803351544,142.0
P4,score_Myeloid_inflammation,random,0.0067620480217138665,142.0
P4,tumour_immune_contact,random,-0.7965367965367965,142.0
P4,frac_Tumour,random,0.1919191919191919,143.0
P4,frac_Immune,random,-0.3015873015873016,143.0
P4,score_Estrogen_response,random,0.36187787683375305,143.0
P4,score_Proliferation,random,-0.003531766132510157,143.0
P4,score_T_cell_activity,random,0.0035225461553351507,143.0
P4,score_Myeloid_inflammation,random,0.012267997601866386,143.0
P4,tumour_immune_contact,random,-0.7864357864357864,143.0
P4,frac_Tumour,random,0.215007215007215,144.0
P4,frac_Immune,random,-0.3015873015873016,144.0
P4,score_Estrogen_response,random,0.39861808868467846,144.0
P4,score_Proliferation,random,-0.013610264470544814,144.0
P4,score_T_cell_activity,random,0.003227240100633459,144.0
P4,score_Myeloid_inflammation,random,0.001699509966189873,144.0
P4,tumour_immune_contact,random,-0.7878787878787878,144.0
P4,frac_Tumour,random,0.15151515151515152,145.0
P4,frac_Immune,random,-0.30014430014430016,145.0
P4,score_Estrogen_response,random,0.329870716675247,145.0
P4,score_Proliferation,random,-0.0005694747161719347,145.0
P4,score_T_cell_activity,random,0.00764685677724134,145.0
P4,score_Myeloid_inflammation,random,0.013207318655358936,145.0
P4,tumour_immune_contact,random,-0.7864357864357864,145.0
P4,frac_Tumour,random,0.17316017316017315,146.0
P4,frac_Immune,random,-0.30447330447330445,146.0
P4,score_Estrogen_response,random,0.3582600384311735,146.0
P4,score_Proliferation,random,-0.0004562617797220752,146.0
P4,score_T_cell_activity,random,-0.009082096720294126,146.0
P4,score_Myeloid_inflammation,random,-0.011739738182626639,146.0
P4,tumour_immune_contact,random,-0.7864357864357864,146.0
P4,frac_Tumour,random,0.16594516594516598,147.0
P4,frac_Immune,random,-0.3116883116883117,147.0
P4,score_Estrogen_response,random,0.3484653201051535,147.0
P4,score_Proliferation,random,-0.01588930434040004,147.0
P4,score_T_cell_activity,random,-0.0004767312718535684,147.0
P4,score_Myeloid_inflammation,random,-0.005786300142095857,147.0
P4,tumour_immune_contact,random,-0.7922077922077921,147.0
P4,frac_Tumour,random,0.1544011544011544,148.0
P4,frac_Immune,random,-0.28860028860028863,148.0
P4,score_Estrogen_response,random,0.3265591552783343,148.0
P4,score_Proliferation,random,-0.0002626246822909233,148.0
P4,score_T_cell_activity,random,0.0004947605221279135,148.0
P4,score_Myeloid_inflammation,random,-0.00990300738965253,148.0
P4,tumour_immune_contact,random,-0.7734487734487734,148.0
P4,frac_Tumour,random,0.1919191919191919,149.0
P4,frac_Immune,random,-0.3015873015873016,149.0
P4,score_Estrogen_response,random,0.3526222511407789,149.0
P4,score_Proliferation,random,-0.02322045564319057,149.0
P4,score_T_cell_activity,random,1.6341215888992676e-05,149.0
P4,score_Myeloid_inflammation,random,-0.009324154554988352,149.0
P4,tumour_immune_contact,random,-0.7922077922077921,149.0
P4,frac_Tumour,random,0.17893217893217897,150.0
P4,frac_Immune,random,-0.3073593073593074,150.0
P4,score_Estrogen_response,random,0.33465022387612064,150.0
P4,score_Proliferation,random,-0.012471840130935795,150.0
P4,score_T_cell_activity,random,0.006382756761495732,150.0
P4,score_Myeloid_inflammation,random,-0.0068883580145005716,150.0
P4,tumour_immune_contact,random,-0.7748917748917749,150.0
P4,frac_Tumour,random,0.20202020202020202,151.0
P4,frac_Immune,random,-0.31313131313131315,151.0
P4,score_Estrogen_response,random,0.35959372211104174,151.0
P4,score_Proliferation,random,-0.014056919625322238,151.0
P4,score_T_cell_activity,random,-0.001423202247555386,151.0
P4,score_Myeloid_inflammation,random,-0.0035762088724480313,151.0
P4,tumour_immune_contact,random,-0.7878787878787878,151.0
P4,frac_Tumour,random,0.18903318903318903,152.0
P4,frac_Immune,random,-0.29148629148629146,152.0
P4,score_Estrogen_response,random,0.3240660940219781,152.0
P4,score_Proliferation,random,-0.010854163044851949,152.0
P4,score_T_cell_activity,random,0.002368135896177951,152.0
P4,score_Myeloid_inflammation,random,0.024535517644902603,152.0
P4,tumour_immune_contact,random,-0.7676767676767676,152.0
P4,frac_Tumour,random,0.1673881673881674,153.0
P4,frac_Immune,random,-0.29148629148629146,153.0
P4,score_Estrogen_response,random,0.34381276427829843,153.0
P4,score_Proliferation,random,-0.015841852313858443,153.0
P4,score_T_cell_activity,random,0.0021430911067446554,153.0
P4,score_Myeloid_inflammation,random,0.0008787210764453629,153.0
P4,tumour_immune_contact,random,-0.7806637806637806,153.0
P4,frac_Tumour,random,0.18903318903318903,154.0
P4,frac_Immune,random,-0.2828282828282829,154.0
P4,score_Estrogen_response,random,0.3529662845512985,154.0
P4,score_Proliferation,random,-0.014549939122823125,154.0
P4,score_T_cell_activity,random,-0.003033749877810509,154.0
P4,score_Myeloid_inflammation,random,-0.012860423607855966,154.0
P4,tumour_immune_contact,random,-0.7474747474747474,154.0
P4,frac_Tumour,random,0.20634920634920637,155.0
P4,frac_Immune,random,-0.2828282828282829,155.0
P4,score_Estrogen_response,random,0.3558323155790848,155.0
P4,score_Proliferation,random,-0.008513504111913343,155.0
P4,score_T_cell_activity,random,0.001981896886504666,155.0
P4,score_Myeloid_inflammation,random,-0.010713816395665592,155.0
P4,tumour_immune_contact,random,-0.7705627705627706,155.0
P4,frac_Tumour,random,0.18614718614718614,156.0
P4,frac_Immune,random,-0.31313131313131315,156.0
P4,score_Estrogen_response,random,0.3709755392485919,156.0
P4,score_Proliferation,random,-0.009785092931162755,156.0
P4,score_T_cell_activity,random,-0.004330861393172895,156.0
P4,score_Myeloid_inflammation,random,-0.02018504941011068,156.0
P4,tumour_immune_contact,random,-0.7907647907647908,156.0
P4,frac_Tumour,random,0.1500721500721501,157.0
P4,frac_Immune,random,-0.28860028860028863,157.0
P4,score_Estrogen_response,random,0.31227702950234787,157.0
P4,score_Proliferation,random,-0.02379442320161972,157.0
P4,score_T_cell_activity,random,0.003974499546423288,157.0
P4,score_Myeloid_inflammation,random,0.015459038487656424,157.0
P4,tumour_immune_contact,random,-0.7922077922077921,157.0
P4,frac_Tumour,random,0.16017316017316016,158.0
P4,frac_Immune,random,-0.28860028860028863,158.0
P4,score_Estrogen_response,random,0.34318859309455435,158.0
P4,score_Proliferation,random,-0.012497519302876075,158.0
P4,score_T_cell_activity,random,0.0028338197628755557,158.0
P4,score_Myeloid_inflammation,random,-0.004572285638585135,158.0
P4,tumour_immune_contact,random,-0.7821067821067821,158.0
P4,frac_Tumour,random,0.21212121212121213,159.0
P4,frac_Immune,random,-0.2741702741702742,159.0
P4,score_Estrogen_response,random,0.3627226290865178,159.0
P4,score_Proliferation,random,-0.0005776650452045025,159.0
P4,score_T_cell_activity,random,-0.00901484132727027,159.0
P4,score_Myeloid_inflammation,random,-0.013185834351209711,159.0
P4,tumour_immune_contact,random,-0.7705627705627706,159.0
P4,frac_Tumour,random,0.1673881673881674,160.0
P4,frac_Immune,random,-0.28715728715728717,160.0
P4,score_Estrogen_response,random,0.34942188874390306,160.0
P4,score_Proliferation,random,-0.02126655628591277,160.0
P4,score_T_cell_activity,random,-0.006457229645437945,160.0
P4,score_Myeloid_inflammation,random,-0.007275897245711746,160.0
P4,tumour_immune_contact,random,-0.7821067821067821,160.0
P4,frac_Tumour,random,0.17893217893217897,161.0
P4,frac_Immune,random,-0.2972582972582973,161.0
P4,score_Estrogen_response,random,0.35312492149280206,161.0
P4,score_Proliferation,random,-0.0033377650690981546,161.0
P4,score_T_cell_activity,random,0.0033367271372321894,161.0
P4,score_Myeloid_inflammation,random,0.0006120696772702813,161.0
P4,tumour_immune_contact,random,-0.7864357864357864,161.0
P4,frac_Tumour,random,0.17604617604617603,162.0
P4,frac_Immune,random,-0.2958152958152958,162.0
P4,score_Estrogen_response,random,0.3539328909277706,162.0
P4,score_Proliferation,random,-0.002157380923799186,162.0
P4,score_T_cell_activity,random,0.00235012905293429,162.0
P4,score_Myeloid_inflammation,random,-0.011767825512976074,162.0
P4,tumour_immune_contact,random,-0.7849927849927849,162.0
P4,frac_Tumour,random,0.18037518037518038,163.0
P4,frac_Immune,random,-0.27705627705627706,163.0
P4,score_Estrogen_response,random,0.36212047610915443,163.0
P4,score_Proliferation,random,-0.001304916969681424,163.0
P4,score_T_cell_activity,random,0.004756426992561626,163.0
P4,score_Myeloid_inflammation,random,-0.0026724375053517116,163.0
P4,tumour_immune_contact,random,-0.7691197691197691,163.0
P4,frac_Tumour,random,0.1673881673881674,164.0
P4,frac_Immune,random,-0.29004329004329005,164.0
P4,score_Estrogen_response,random,0.33839097150526853,164.0
P4,score_Proliferation,random,-0.0292125889192338,164.0
P4,score_T_cell_activity,random,-0.0028739856830261225,164.0
P4,score_Myeloid_inflammation,random,0.010911167561793216,164.0
P4,tumour_immune_contact,random,-0.7806637806637806,164.0
P4,frac_Tumour,random,0.1904761904761905,165.0
P4,frac_Immune,random,-0.2712842712842713,165.0
P4,score_Estrogen_response,random,0.3644087157345521,165.0
P4,score_Proliferation,random,-0.016675322773155962,165.0
P4,score_T_cell_activity,random,-0.005814442934005381,165.0
P4,score_Myeloid_inflammation,random,-0.00024152626001023442,165.0
P4,tumour_immune_contact,random,-0.7590187590187589,165.0
P4,frac_Tumour,random,0.1673881673881674,166.0
P4,frac_Immune,random,-0.3189033189033189,166.0
P4,score_Estrogen_response,random,0.35010172921456423,166.0
P4,score_Proliferation,random,-0.009641410623235104,166.0
P4,score_T_cell_activity,random,0.002925657288036121,166.0
P4,score_Myeloid_inflammation,random,0.007431888728105497,166.0
P4,tumour_immune_contact,random,-0.7994227994227994,166.0
P4,frac_Tumour,random,0.18614718614718614,167.0
P4,frac_Immune,random,-0.3189033189033189,167.0
P4,score_Estrogen_response,random,0.36045883441239995,167.0
P4,score_Proliferation,random,0.010857664669753868,167.0
P4,score_T_cell_activity,random,0.00610823177908326,167.0
P4,score_Myeloid_inflammation,random,0.0021853129467217652,167.0
P4,tumour_immune_contact,random,-0.8008658008658008,167.0
P4,frac_Tumour,random,0.15873015873015875,168.0
P4,frac_Immune,random,-0.2972582972582973,168.0
P4,score_Estrogen_response,random,0.3554716058654668,168.0
P4,score_Proliferation,random,-0.010049855710242063,168.0
P4,score_T_cell_activity,random,-0.00824254987842458,168.0
P4,score_Myeloid_inflammation,random,0.0023037895916900517,168.0
P4,tumour_immune_contact,random,-0.7922077922077921,168.0
P4,frac_Tumour,random,0.19624819624819625,169.0
P4,frac_Immune,random,-0.2943722943722944,169.0
P4,score_Estrogen_response,random,0.35703268468207955,169.0
P4,score_Proliferation,random,-0.018751227293952028,169.0
P4,score_T_cell_activity,random,0.000780718089277227,169.0
P4,score_Myeloid_inflammation,random,-0.014414438444460033,169.0
P4,tumour_immune_contact,random,-0.7893217893217893,169.0
P4,frac_Tumour,random,0.1500721500721501,170.0
P4,frac_Immune,random,-0.3088023088023088,170.0
P4,score_Estrogen_response,random,0.3334839213134224,170.0
P4,score_Proliferation,random,-0.02800994032945837,170.0
P4,score_T_cell_activity,random,0.0025358607056092377,170.0
P4,score_Myeloid_inflammation,random,-0.028590291133565458,170.0
P4,tumour_immune_contact,random,-0.7806637806637806,170.0
P4,frac_Tumour,random,0.17171717171717174,171.0
P4,frac_Immune,random,-0.2958152958152958,171.0
P4,score_Estrogen_response,random,0.3531790046925371,171.0
P4,score_Proliferation,random,-0.010897969860166945,171.0
P4,score_T_cell_activity,random,0.005853294173865781,171.0
P4,score_Myeloid_inflammation,random,0.003482865486943272,171.0
P4,tumour_immune_contact,random,-0.7792207792207791,171.0
P4,frac_Tumour,random,0.15151515151515152,172.0
P4,frac_Immune,random,-0.28715728715728717,172.0
P4,score_Estrogen_response,random,0.32435418609356026,172.0
P4,score_Proliferation,random,-0.03565225469448805,172.0
P4,score_T_cell_activity,random,0.004149227915950613,172.0
P4,score_Myeloid_inflammation,random,0.00703905874337387,172.0
P4,tumour_immune_contact,random,-0.7748917748917749,172.0
P4,frac_Tumour,random,0.18903318903318903,173.0
P4,frac_Immune,random,-0.3073593073593074,173.0
P4,score_Estrogen_response,random,0.3793805988270157,173.0
P4,score_Proliferation,random,-0.01234014162531778,173.0
P4,score_T_cell_activity,random,-0.007873381238515713,173.0
P4,score_Myeloid_inflammation,random,0.005900712538814745,173.0
P4,tumour_immune_contact,random,-0.7792207792207791,173.0
P4,frac_Tumour,random,0.18181818181818185,174.0
P4,frac_Immune,random,-0.29148629148629146,174.0
P4,score_Estrogen_response,random,0.3323045249711299,174.0
P4,score_Proliferation,random,-0.007474813410926275,174.0
P4,score_T_cell_activity,random,0.0022814056525053295,174.0
P4,score_Myeloid_inflammation,random,-0.0014559089612307952,174.0
P4,tumour_immune_contact,random,-0.7849927849927849,174.0
P4,frac_Tumour,random,0.18326118326118326,175.0
P4,frac_Immune,random,-0.2958152958152958,175.0
P4,score_Estrogen_response,random,0.3084687157456597,175.0
P4,score_Proliferation,random,-0.0007821766362786351,175.0
P4,score_T_cell_activity,random,0.0033244839655022966,175.0
P4,score_Myeloid_inflammation,random,-0.0023475979855870147,175.0
P4,tumour_immune_contact,random,-0.7777777777777777,175.0
P4,frac_Tumour,random,0.15873015873015875,176.0
P4,frac_Immune,random,-0.27705627705627706,176.0
P4,score_Estrogen_response,random,0.30412280974063444,176.0
P4,score_Proliferation,random,-0.01818000201653585,176.0
P4,score_T_cell_activity,random,0.00574226888797772,176.0
P4,score_Myeloid_inflammation,random,0.01064106781574023,176.0
P4,tumour_immune_contact,random,-0.7647907647907648,176.0
P4,frac_Tumour,random,0.19480519480519484,177.0
P4,frac_Immune,random,-0.2972582972582973,177.0
P4,score_Estrogen_response,random,0.3300084196791692,177.0
P4,score_Proliferation,random,-0.016066465796683294,177.0
P4,score_T_cell_activity,random,0.0004941376659727984,177.0
P4,score_Myeloid_inflammation,random,0.0007405154115209395,177.0
P4,tumour_immune_contact,random,-0.7864357864357864,177.0
P4,frac_Tumour,random,0.17171717171717174,178.0
P4,frac_Immune,random,-0.3246753246753247,178.0
P4,score_Estrogen_response,random,0.36186271717508517,178.0
P4,score_Proliferation,random,-0.018340830689797943,178.0
P4,score_T_cell_activity,random,-0.00197896666860529,178.0
P4,score_Myeloid_inflammation,random,-0.0021970594829418787,178.0
P4,tumour_immune_contact,random,-0.7864357864357864,178.0
P4,frac_Tumour,random,0.1645021645021645,179.0
P4,frac_Immune,random,-0.30303030303030304,179.0
P4,score_Estrogen_response,random,0.3079027891648704,179.0
P4,score_Proliferation,random,-0.018155927192329113,179.0
P4,score_T_cell_activity,random,0.004147493593037336,179.0
P4,score_Myeloid_inflammation,random,0.01759513683601277,179.0
P4,tumour_immune_contact,random,-0.7806637806637806,179.0
P4,frac_Tumour,random,0.19913419913419914,180.0
P4,frac_Immune,random,-0.3015873015873016,180.0
P4,score_Estrogen_response,random,0.34213129200537046,180.0
P4,score_Proliferation,random,-0.0056187755716451725,180.0
P4,score_T_cell_activity,random,-0.001238374074245961,180.0
P4,score_Myeloid_inflammation,random,-0.007779903021125394,180.0
P4,tumour_immune_contact,random,-0.7922077922077921,180.0
P4,frac_Tumour,random,0.17171717171717174,181.0
P4,frac_Immune,random,-0.27849927849927847,181.0
P4,score_Estrogen_response,random,0.3519620860680526,181.0
P4,score_Proliferation,random,-0.009976656916168355,181.0
P4,score_T_cell_activity,random,-0.0033081421874794144,181.0
P4,score_Myeloid_inflammation,random,0.010139442429736273,181.0
P4,tumour_immune_contact,random,-0.7734487734487734,181.0
P4,frac_Tumour,random,0.18614718614718614,182.0
P4,frac_Immune,random,-0.30014430014430016,182.0
P4,score_Estrogen_response,random,0.3453959086669459,182.0
P4,score_Proliferation,random,-0.002268736502703336,182.0
P4,score_T_cell_activity,random,0.0005294158610582196,182.0
P4,score_Myeloid_inflammation,random,-0.030224718548844034,182.0
P4,tumour_immune_contact,random,-0.7893217893217893,182.0
P4,frac_Tumour,random,0.18614718614718614,183.0
P4,frac_Immune,random,-0.29148629148629146,183.0
P4,score_Estrogen_response,random,0.33169124045169157,183.0
P4,score_Proliferation,random,-0.006298050138903743,183.0
P4,score_T_cell_activity,random,-0.006339328203281719,183.0
P4,score_Myeloid_inflammation,random,0.0001833973377936074,183.0
P4,tumour_immune_contact,random,-0.7720057720057719,183.0
P4,frac_Tumour,random,0.17893217893217897,184.0
P4,frac_Immune,random,-0.2987012987012987,184.0
P4,score_Estrogen_response,random,0.3254151300159109,184.0
P4,score_Proliferation,random,-0.02143335837604012,184.0
P4,score_T_cell_activity,random,0.0024781577604231653,184.0
P4,score_Myeloid_inflammation,random,-0.007834367677031502,184.0
P4,tumour_immune_contact,random,-0.7936507936507936,184.0
P4,frac_Tumour,random,0.2049062049062049,185.0
P4,frac_Immune,random,-0.3059163059163059,185.0
P4,score_Estrogen_response,random,0.3460626036732004,185.0
P4,score_Proliferation,random,-0.018772456201982007,185.0
P4,score_T_cell_activity,random,0.0009847130598816492,185.0
P4,score_Myeloid_inflammation,random,-0.015399272014426747,185.0
P4,tumour_immune_contact,random,-0.8066378066378066,185.0
P4,frac_Tumour,random,0.17460317460317462,186.0
P4,frac_Immune,random,-0.28715728715728717,186.0
P4,score_Estrogen_response,random,0.3656487439241435,186.0
P4,score_Proliferation,random,-0.01724422814174998,186.0
P4,score_T_cell_activity,random,0.004298758065002571,186.0
P4,score_Myeloid_inflammation,random,-0.005213346405296585,186.0
P4,tumour_immune_contact,random,-0.7777777777777777,186.0
P4,frac_Tumour,random,0.17604617604617603,187.0
P4,frac_Immune,random,-0.3059163059163059,187.0
P4,score_Estrogen_response,random,0.3431770259308555,187.0
P4,score_Proliferation,random,-0.008886734093825947,187.0
P4,score_T_cell_activity,random,-0.004260863495603307,187.0
P4,score_Myeloid_inflammation,random,0.0051043408064409615,187.0
P4,tumour_immune_contact,random,-0.7936507936507936,187.0
P4,frac_Tumour,random,0.2265512265512266,188.0
P4,frac_Immune,random,-0.2943722943722944,188.0
P4,score_Estrogen_response,random,0.36667997496104665,188.0
P4,score_Proliferation,random,-0.007666102001347122,188.0
P4,score_T_cell_activity,random,0.008119604379627833,188.0
P4,score_Myeloid_inflammation,random,-0.021200009053696192,188.0
P4,tumour_immune_contact,random,-0.7676767676767676,188.0
P4,frac_Tumour,random,0.1774891774891775,189.0
P4,frac_Immune,random,-0.31024531024531027,189.0
P4,score_Estrogen_response,random,0.32046237420736556,189.0
P4,score_Proliferation,random,-0.010447396625980291,189.0
P4,score_T_cell_activity,random,-0.006616303954216114,189.0
P4,score_Myeloid_inflammation,random,-0.003688383309976225,189.0
P4,tumour_immune_contact,random,-0.7849927849927849,189.0
P4,frac_Tumour,random,0.1673881673881674,190.0
P4,frac_Immune,random,-0.30447330447330445,190.0
P4,score_Estrogen_response,random,0.35700858384213124,190.0
P4,score_Proliferation,random,-0.024772729682120433,190.0
P4,score_T_cell_activity,random,-0.002584193843001745,190.0
P4,score_Myeloid_inflammation,random,-0.005838647739152391,190.0
P4,tumour_immune_contact,random,-0.7936507936507936,190.0
P4,frac_Tumour,random,0.18470418470418473,191.0
P4,frac_Immune,random,-0.2972582972582973,191.0
P4,score_Estrogen_response,random,0.3262992433922118,191.0
P4,score_Proliferation,random,-0.022556946524854866,191.0
P4,score_T_cell_activity,random,-0.0034020439321729504,191.0
P4,score_Myeloid_inflammation,random,0.015608148361044412,191.0
P4,tumour_immune_contact,random,-0.7864357864357864,191.0
P4,frac_Tumour,random,0.15728715728715728,192.0
P4,frac_Immune,random,-0.2958152958152958,192.0
P4,score_Estrogen_response,random,0.34253525952582387,192.0
P4,score_Proliferation,random,-0.016537181867502505,192.0
P4,score_T_cell_activity,random,-0.00039021893015960614,192.0
P4,score_Myeloid_inflammation,random,0.02437963577118353,192.0
P4,tumour_immune_contact,random,-0.7662337662337662,192.0
P4,frac_Tumour,random,0.1774891774891775,193.0
P4,frac_Immune,random,-0.30014430014430016,193.0
P4,score_Estrogen_response,random,0.36570151636403175,193.0
P4,score_Proliferation,random,-0.017474505083608625,193.0
P4,score_T_cell_activity,random,-2.7314995494537786e-05,193.0
P4,score_Myeloid_inflammation,random,-0.005613547281021272,193.0
P4,tumour_immune_contact,random,-0.7893217893217893,193.0
P4,frac_Tumour,random,0.17171717171717174,194.0
P4,frac_Immune,random,-0.2987012987012987,194.0
P4,score_Estrogen_response,random,0.3535684148186556,194.0
P4,score_Proliferation,random,-0.006555754864422479,194.0
P4,score_T_cell_activity,random,0.0010912778259879912,194.0
P4,score_Myeloid_inflammation,random,-0.008864785654382066,194.0
P4,tumour_immune_contact,random,-0.7720057720057719,194.0
P4,frac_Tumour,random,0.18903318903318903,195.0
P4,frac_Immune,random,-0.29292929292929293,195.0
P4,score_Estrogen_response,random,0.3366844020269126,195.0
P4,score_Proliferation,random,-0.015468258637637839,195.0
P4,score_T_cell_activity,random,0.0029793712684285786,195.0
P4,score_Myeloid_inflammation,random,-0.0024157050236905814,195.0
P4,tumour_immune_contact,random,-0.7720057720057719,195.0
P4,frac_Tumour,random,0.1673881673881674,196.0
P4,frac_Immune,random,-0.3088023088023088,196.0
P4,score_Estrogen_response,random,0.33137139404600385,196.0
P4,score_Proliferation,random,-0.013872754263695625,196.0
P4,score_T_cell_activity,random,0.005855643676902562,196.0
P4,score_Myeloid_inflammation,random,-0.0019284931243503042,196.0
P4,tumour_immune_contact,random,-0.7936507936507936,196.0
P4,frac_Tumour,random,0.18181818181818185,197.0
P4,frac_Immune,random,-0.27705627705627706,197.0
P4,score_Estrogen_response,random,0.32360056732099746,197.0
P4,score_Proliferation,random,-0.013890174911535028,197.0
P4,score_T_cell_activity,random,0.005991450993528783,197.0
P4,score_Myeloid_inflammation,random,-0.007642618795598088,197.0
P4,tumour_immune_contact,random,-0.7936507936507936,197.0
P4,frac_Tumour,random,0.2005772005772006,198.0
P4,frac_Immune,random,-0.32323232323232326,198.0
P4,score_Estrogen_response,random,0.378963615510515,198.0
P4,score_Proliferation,random,-0.023052359398046767,198.0
P4,score_T_cell_activity,random,0.0012282560535955749,198.0
P4,score_Myeloid_inflammation,random,-0.01355233300700193,198.0
P4,tumour_immune_contact,random,-0.7936507936507936,198.0
P4,frac_Tumour,random,0.17604617604617603,199.0
P4,frac_Immune,random,-0.31313131313131315,199.0
P4,score_Estrogen_response,random,0.3761020615502604,199.0
P4,score_Proliferation,random,-0.013949324340546517,199.0
P4,score_T_cell_activity,random,-0.0010168693816280834,199.0
P4,score_Myeloid_inflammation,random,-0.002902883069820686,199.0
P4,tumour_immune_contact,random,-0.7864357864357864,199.0
P4,frac_Tumour,contiguous,0.26695526695526695,0.0
P4,frac_Immune,contiguous,-0.4083694083694084,0.0
P4,score_Estrogen_response,contiguous,0.34782905793781466,0.0
P4,score_Proliferation,contiguous,-0.0024551996928672817,0.0
P4,score_T_cell_activity,contiguous,-0.0001351896735136977,0.0
P4,score_Myeloid_inflammation,contiguous,0.044171539603802025,0.0
P4,tumour_immune_contact,contiguous,-0.8297258297258296,0.0
P4,frac_Tumour,contiguous,-0.014430014430014432,1.0
P4,frac_Immune,contiguous,-0.10822510822510822,1.0
P4,score_Estrogen_response,contiguous,0.32849854308642096,1.0
P4,score_Proliferation,contiguous,-0.06285875148637016,1.0
P4,score_T_cell_activity,contiguous,0.017782865685451777,1.0
P4,score_Myeloid_inflammation,contiguous,0.06923456237725609,1.0
P4,tumour_immune_contact,contiguous,-0.32611832611832603,1.0
P4,frac_Tumour,contiguous,-0.09668109668109667,2.0
P4,frac_Immune,contiguous,-0.10678210678210681,2.0
P4,score_Estrogen_response,contiguous,0.25143909604411585,2.0
P4,score_Proliferation,contiguous,-0.0612347908312908,2.0
P4,score_T_cell_activity,contiguous,0.02069986716000377,2.0
P4,score_Myeloid_inflammation,contiguous,0.07168352929308164,2.0
P4,tumour_immune_contact,contiguous,-0.32034632034632027,2.0
P4,frac_Tumour,contiguous,-0.09523809523809523,3.0
P4,frac_Immune,contiguous,-0.07503607503607507,3.0
P4,score_Estrogen_response,contiguous,0.19846063830769556,3.0
P4,score_Proliferation,contiguous,-0.056303801787782666,3.0
P4,score_T_cell_activity,contiguous,0.026681268689157104,3.0
P4,score_Myeloid_inflammation,contiguous,0.08174722090445449,3.0
P4,tumour_immune_contact,contiguous,-0.29004329004329,3.0
P4,frac_Tumour,contiguous,0.20779220779220778,4.0
P4,frac_Immune,contiguous,-0.35064935064935066,4.0
P4,score_Estrogen_response,contiguous,0.47194671984980824,4.0
P4,score_Proliferation,contiguous,0.00940044389948967,4.0
P4,score_T_cell_activity,contiguous,-0.012760592131857287,4.0
P4,score_Myeloid_inflammation,contiguous,-0.04675435385145642,4.0
P4,tumour_immune_contact,contiguous,-0.7243867243867244,4.0
P4,frac_Tumour,contiguous,0.4112554112554113,5.0
P4,frac_Immune,contiguous,-0.4098124098124098,5.0
P4,score_Estrogen_response,contiguous,0.4469098538169099,5.0
P4,score_Proliferation,contiguous,0.04138206996351899,5.0
P4,score_T_cell_activity,contiguous,-0.01907551154672968,5.0
P4,score_Myeloid_inflammation,contiguous,-0.10023615165254737,5.0
P4,tumour_immune_contact,contiguous,-0.8326118326118326,5.0
P4,frac_Tumour,contiguous,0.3362193362193362,6.0
P4,frac_Immune,contiguous,-0.4098124098124098,6.0
P4,score_Estrogen_response,contiguous,0.33114794119175833,6.0
P4,score_Proliferation,contiguous,0.01439725356843068,6.0
P4,score_T_cell_activity,contiguous,-0.012504671640902734,6.0
P4,score_Myeloid_inflammation,contiguous,-0.07256689394919207,6.0
P4,tumour_immune_contact,contiguous,-0.8354978354978354,6.0
P4,frac_Tumour,contiguous,0.06782106782106784,7.0
P4,frac_Immune,contiguous,-0.2380952380952381,7.0
P4,score_Estrogen_response,contiguous,0.4338823382064338,7.0
P4,score_Proliferation,contiguous,-0.050533990567351035,7.0
P4,score_T_cell_activity,contiguous,0.0040702480944019995,7.0
P4,score_Myeloid_inflammation,contiguous,0.016815022787910583,7.0
P4,tumour_immune_contact,contiguous,-0.4819624819624819,7.0
P4,frac_Tumour,contiguous,-0.04473304473304472,9.0
P4,frac_Immune,contiguous,-0.20057720057720058,9.0
P4,score_Estrogen_response,contiguous,0.3360349336988955,9.0
P4,score_Proliferation,contiguous,-0.042716145998538055,9.0
P4,score_T_cell_activity,contiguous,0.006301839940337099,9.0
P4,score_Myeloid_inflammation,contiguous,0.028809058459652967,9.0
P4,tumour_immune_contact,contiguous,-0.4343434343434343,9.0
P4,frac_Tumour,contiguous,0.4502164502164503,10.0
P4,frac_Immune,contiguous,-0.4098124098124098,10.0
P4,score_Estrogen_response,contiguous,0.5460972059692647,10.0
P4,score_Proliferation,contiguous,0.04062777787227254,10.0
P4,score_T_cell_activity,contiguous,-0.021394021257538327,10.0
P4,score_Myeloid_inflammation,contiguous,-0.12507522609743452,10.0
P4,tumour_immune_contact,contiguous,-0.8326118326118326,10.0
P4,frac_Tumour,contiguous,-0.033189033189033185,11.0
P4,frac_Immune,contiguous,0.047619047619047616,11.0
P4,score_Estrogen_response,contiguous,0.17405382051500318,11.0
P4,score_Proliferation,contiguous,-0.06099504894216756,11.0
P4,score_T_cell_activity,contiguous,0.03542613722925877,11.0
P4,score_Myeloid_inflammation,contiguous,0.131134169745405,11.0
P4,tumour_immune_contact,contiguous,-0.16017316017316008,11.0
P4,frac_Tumour,contiguous,0.3607503607503608,12.0
P4,frac_Immune,contiguous,-0.4098124098124098,12.0
P4,score_Estrogen_response,contiguous,0.4250552940641885,12.0
P4,score_Proliferation,contiguous,0.027254254741550205,12.0
P4,score_T_cell_activity,contiguous,-0.014013631869992603,12.0
P4,score_Myeloid_inflammation,contiguous,-0.05945166904622326,12.0
P4,tumour_immune_contact,contiguous,-0.8354978354978354,12.0
P4,frac_Tumour,contiguous,0.39249639249639257,13.0
P4,frac_Immune,contiguous,-0.3708513708513709,13.0
P4,score_Estrogen_response,contiguous,0.6202175878437912,13.0
P4,score_Proliferation,contiguous,0.0031454911850766227,13.0
P4,score_T_cell_activity,contiguous,-0.01935712123200935,13.0
P4,score_Myeloid_inflammation,contiguous,-0.08424204900305787,13.0
P4,tumour_immune_contact,contiguous,-0.7243867243867244,13.0
P4,frac_Tumour,contiguous,0.2943722943722944,14.0
P4,frac_Immune,contiguous,-0.41125541125541126,14.0
P4,score_Estrogen_response,contiguous,0.5090179806737375,14.0
P4,score_Proliferation,contiguous,0.029952523759881562,14.0
P4,score_T_cell_activity,contiguous,-0.015866844401327435,14.0
P4,score_Myeloid_inflammation,contiguous,-0.08087520288713927,14.0
P4,tumour_immune_contact,contiguous,-0.8383838383838383,14.0
P4,frac_Tumour,contiguous,0.36363636363636365,15.0
P4,frac_Immune,contiguous,-0.37373737373737376,15.0
P4,score_Estrogen_response,contiguous,0.6017674619567401,15.0
P4,score_Proliferation,contiguous,0.015683221280345782,15.0
P4,score_T_cell_activity,contiguous,-0.016290118341988825,15.0
P4,score_Myeloid_inflammation,contiguous,-0.09225438557595386,15.0
P4,tumour_immune_contact,contiguous,-0.7316017316017316,15.0
P4,frac_Tumour,contiguous,0.18181818181818185,16.0
P4,frac_Immune,contiguous,-0.4069264069264069,16.0
P4,score_Estrogen_response,contiguous,0.15984717864928344,16.0
P4,score_Proliferation,contiguous,-0.01802820999266687,16.0
P4,score_T_cell_activity,contiguous,0.009983041501691292,16.0
P4,score_Myeloid_inflammation,contiguous,0.07145758841674948,16.0
P4,tumour_immune_contact,contiguous,-0.8210678210678211,16.0
P4,frac_Tumour,contiguous,0.49350649350649356,17.0
P4,frac_Immune,contiguous,-0.4098124098124098,17.0
P4,score_Estrogen_response,contiguous,0.6954415354328781,17.0
P4,score_Proliferation,contiguous,0.0347949271151891,17.0
P4,score_T_cell_activity,contiguous,-0.021271836359808657,17.0
P4,score_Myeloid_inflammation,contiguous,-0.13606004106721337,17.0
P4,tumour_immune_contact,contiguous,-0.8354978354978354,17.0
P4,frac_Tumour,contiguous,0.03607503607503609,18.0
P4,frac_Immune,contiguous,-0.215007215007215,18.0
P4,score_Estrogen_response,contiguous,0.3652451883594284,18.0
P4,score_Proliferation,contiguous,-0.048898902309508274,18.0
P4,score_T_cell_activity,contiguous,0.00542856439716454,18.0
P4,score_Myeloid_inflammation,contiguous,0.005551618615247979,18.0
P4,tumour_immune_contact,contiguous,-0.4733044733044733,18.0
P4,frac_Tumour,contiguous,0.06926406926406928,19.0
P4,frac_Immune,contiguous,-0.4083694083694084,19.0
P4,score_Estrogen_response,contiguous,-0.01619039856722229,19.0
P4,score_Proliferation,contiguous,-0.020284850100956358,19.0
P4,score_T_cell_activity,contiguous,0.006298480947443291,19.0
P4,score_Myeloid_inflammation,contiguous,0.055975238728728775,19.0
P4,tumour_immune_contact,contiguous,-0.8268398268398268,19.0
P4,frac_Tumour,contiguous,-0.06493506493506493,20.0
P4,frac_Immune,contiguous,0.05627705627705626,20.0
P4,score_Estrogen_response,contiguous,0.15971628488221312,20.0
P4,score_Proliferation,contiguous,-0.06297058352937886,20.0
P4,score_T_cell_activity,contiguous,0.037447700162639166,20.0
P4,score_Myeloid_inflammation,contiguous,0.11857650504017953,20.0
P4,tumour_immune_contact,contiguous,-0.14862914862914856,20.0
P4,frac_Tumour,contiguous,0.38816738816738816,21.0
P4,frac_Immune,contiguous,-0.41125541125541126,21.0
P4,score_Estrogen_response,contiguous,0.4556898372668204,21.0
P4,score_Proliferation,contiguous,0.04365809459039709,21.0
P4,score_T_cell_activity,contiguous,-0.0188468077260043,21.0
P4,score_Myeloid_inflammation,contiguous,-0.09306971860997408,21.0
P4,tumour_immune_contact,contiguous,-0.8383838383838383,21.0
P4,frac_Tumour,contiguous,0.08658008658008659,22.0
P4,frac_Immune,contiguous,-0.4083694083694084,22.0
P4,score_Estrogen_response,contiguous,0.020890879152525063,22.0
P4,score_Proliferation,contiguous,-0.023978011781564706,22.0
P4,score_T_cell_activity,contiguous,0.005511904053682505,22.0
P4,score_Myeloid_inflammation,contiguous,0.04545294811626247,22.0
P4,tumour_immune_contact,contiguous,-0.8268398268398268,22.0
P4,frac_Tumour,contiguous,-0.04906204906204906,23.0
P4,frac_Immune,contiguous,-0.18614718614718614,23.0
P4,score_Estrogen_response,contiguous,0.3292457059308423,23.0
P4,score_Proliferation,contiguous,-0.05896189731232263,23.0
P4,score_T_cell_activity,contiguous,0.00718363862485243,23.0
P4,score_Myeloid_inflammation,contiguous,0.03978951165335264,23.0
P4,tumour_immune_contact,contiguous,-0.40692640692640686,23.0
P4,frac_Tumour,contiguous,0.22510822510822512,24.0
P4,frac_Immune,contiguous,-0.35353535353535354,24.0
P4,score_Estrogen_response,contiguous,0.4710367106127972,24.0
P4,score_Proliferation,contiguous,0.008347632489695757,24.0
P4,score_T_cell_activity,contiguous,-0.012967736491501269,24.0
P4,score_Myeloid_inflammation,contiguous,-0.05108953514335942,24.0
P4,tumour_immune_contact,contiguous,-0.7301587301587301,24.0
P4,frac_Tumour,contiguous,0.2525252525252525,25.0
P4,frac_Immune,contiguous,-0.33044733044733043,25.0
P4,score_Estrogen_response,contiguous,0.5384178786457382,25.0
P4,score_Proliferation,contiguous,-0.002906566908507412,25.0
P4,score_T_cell_activity,contiguous,-0.010131660525508544,25.0
P4,score_Myeloid_inflammation,contiguous,-0.0507409279914679,25.0
P4,tumour_immune_contact,contiguous,-0.6479076479076479,25.0
P4,frac_Tumour,contiguous,-0.08225108225108224,26.0
P4,frac_Immune,contiguous,0.02020202020202022,26.0
P4,score_Estrogen_response,contiguous,0.15806451579867192,26.0
P4,score_Proliferation,contiguous,-0.05872046784357263,26.0
P4,score_T_cell_activity,contiguous,0.03464124797054816,26.0
P4,score_Myeloid_inflammation,contiguous,0.11707020073505567,26.0
P4,tumour_immune_contact,contiguous,-0.1673881673881673,26.0
P4,frac_Tumour,contiguous,0.2005772005772006,27.0
P4,frac_Immune,contiguous,-0.4069264069264069,27.0
P4,score_Estrogen_response,contiguous,0.15985970272916517,27.0
P4,score_Proliferation,contiguous,-0.02382943865462537,27.0
P4,score_T_cell_activity,contiguous,0.010437876975543752,27.0
P4,score_Myeloid_inflammation,contiguous,0.058918761089080986,27.0
P4,tumour_immune_contact,contiguous,-0.8210678210678211,27.0
P4,frac_Tumour,contiguous,-0.10533910533910533,28.0
P4,frac_Immune,contiguous,-0.06493506493506496,28.0
P4,score_Estrogen_response,contiguous,0.21073677889967868,28.0
P4,score_Proliferation,contiguous,-0.05425243358375738,28.0
P4,score_T_cell_activity,contiguous,0.022022342343857,28.0
P4,score_Myeloid_inflammation,contiguous,0.0832859541504446,28.0
P4,tumour_immune_contact,contiguous,-0.2857142857142857,28.0
P4,frac_Tumour,contiguous,0.31313131313131315,29.0
P4,frac_Immune,contiguous,-0.4098124098124098,29.0
P4,score_Estrogen_response,contiguous,0.5044175203135537,29.0
P4,score_Proliferation,contiguous,0.03212137549697247,29.0
P4,score_T_cell_activity,contiguous,-0.021678226467062,29.0
P4,score_Myeloid_inflammation,contiguous,-0.11713294509758068,29.0
P4,tumour_immune_contact,contiguous,-0.8354978354978354,29.0
P4,frac_Tumour,contiguous,0.4025974025974026,30.0
P4,frac_Immune,contiguous,-0.3852813852813853,30.0
P4,score_Estrogen_response,contiguous,0.6566425777943704,30.0
P4,score_Proliferation,contiguous,0.014566703641801581,30.0
P4,score_T_cell_activity,contiguous,-0.018094917110998227,30.0
P4,score_Myeloid_inflammation,contiguous,-0.12353537256033628,30.0
P4,tumour_immune_contact,contiguous,-0.7748917748917749,30.0
P4,frac_Tumour,contiguous,-0.03030303030303029,31.0
P4,frac_Immune,contiguous,-0.051948051948051965,31.0
P4,score_Estrogen_response,contiguous,0.265096426968018,31.0
P4,score_Proliferation,contiguous,-0.0617593446690935,31.0
P4,score_T_cell_activity,contiguous,0.02160081040963212,31.0
P4,score_Myeloid_inflammation,contiguous,0.09638220036161119,31.0
P4,tumour_immune_contact,contiguous,-0.25829725829725825,31.0
P4,frac_Tumour,contiguous,0.08658008658008659,32.0
P4,frac_Immune,contiguous,-0.4083694083694084,32.0
P4,score_Estrogen_response,contiguous,0.017938992480884375,32.0
P4,score_Proliferation,contiguous,-0.024809092150806573,32.0
P4,score_T_cell_activity,contiguous,0.004544506231468913,32.0
P4,score_Myeloid_inflammation,contiguous,0.04841214294181701,32.0
P4,tumour_immune_contact,contiguous,-0.8268398268398268,32.0
P4,frac_Tumour,contiguous,0.2987012987012987,33.0
P4,frac_Immune,contiguous,-0.4098124098124098,33.0
P4,score_Estrogen_response,contiguous,0.5488166146939039,33.0
P4,score_Proliferation,contiguous,0.02376540313172303,33.0
P4,score_T_cell_activity,contiguous,-0.022095171880915792,33.0
P4,score_Myeloid_inflammation,contiguous,-0.10202591964945656,33.0
P4,tumour_immune_contact,contiguous,-0.8354978354978354,33.0
P4,frac_Tumour,contiguous,-0.07936507936507936,34.0
P4,frac_Immune,contiguous,0.0,34.0
P4,score_Estrogen_response,contiguous,0.17518895926805417,34.0
P4,score_Proliferation,contiguous,-0.06389475810236613,34.0
P4,score_T_cell_activity,contiguous,0.030743280151202628,34.0
P4,score_Myeloid_inflammation,contiguous,0.1009641034695132,34.0
P4,tumour_immune_contact,contiguous,-0.20634920634920628,34.0
P4,frac_Tumour,contiguous,0.23520923520923523,35.0
P4,frac_Immune,contiguous,-0.4098124098124098,35.0
P4,score_Estrogen_response,contiguous,0.1955890145307484,35.0
P4,score_Proliferation,contiguous,0.012444262986909739,35.0
P4,score_T_cell_activity,contiguous,-0.004433871485063175,35.0
P4,score_Myeloid_inflammation,contiguous,-0.0025883522538503005,35.0
P4,tumour_immune_contact,contiguous,-0.8326118326118326,35.0
P4,frac_Tumour,contiguous,-0.06926406926406925,36.0
P4,frac_Immune,contiguous,0.0505050505050505,36.0
P4,score_Estrogen_response,contiguous,0.15193409235368294,36.0
P4,score_Proliferation,contiguous,-0.06456472361180302,36.0
P4,score_T_cell_activity,contiguous,0.03869612540387584,36.0
P4,score_Myeloid_inflammation,contiguous,0.11596762030918484,36.0
P4,tumour_immune_contact,contiguous,-0.14141414141414133,36.0
P4,frac_Tumour,contiguous,0.3405483405483406,37.0
P4,frac_Immune,contiguous,-0.4098124098124098,37.0
P4,score_Estrogen_response,contiguous,0.332791248572497,37.0
P4,score_Proliferation,contiguous,0.02441328885702457,37.0
P4,score_T_cell_activity,contiguous,-0.010409491177103082,37.0
P4,score_Myeloid_inflammation,contiguous,-0.04033517692879803,37.0
P4,tumour_immune_contact,contiguous,-0.8354978354978354,37.0
P4,frac_Tumour,contiguous,0.1919191919191919,38.0
P4,frac_Immune,contiguous,-0.4069264069264069,38.0
P4,score_Estrogen_response,contiguous,0.17836587938736848,38.0
P4,score_Proliferation,contiguous,-0.020713258916363674,38.0
P4,score_T_cell_activity,contiguous,0.010068112362590623,38.0
P4,score_Myeloid_inflammation,contiguous,0.06106100536250637,38.0
P4,tumour_immune_contact,contiguous,-0.8210678210678211,38.0
P4,frac_Tumour,contiguous,-0.09956709956709955,39.0
P4,frac_Immune,contiguous,-0.049062049062049085,39.0
P4,score_Estrogen_response,contiguous,0.21917870193510053,39.0
P4,score_Proliferation,contiguous,-0.05216398236917317,39.0
P4,score_T_cell_activity,contiguous,0.023413931620931795,39.0
P4,score_Myeloid_inflammation,contiguous,0.08419374409521149,39.0
P4,tumour_immune_contact,contiguous,-0.26695526695526695,39.0
P4,frac_Tumour,contiguous,0.3318903318903319,40.0
P4,frac_Immune,contiguous,-0.4098124098124098,40.0
P4,score_Estrogen_response,contiguous,0.31976427531394236,40.0
P4,score_Proliferation,contiguous,0.02652124716543247,40.0
P4,score_T_cell_activity,contiguous,-0.009861919184765682,40.0
P4,score_Myeloid_inflammation,contiguous,-0.041244786740780484,40.0
P4,tumour_immune_contact,contiguous,-0.8354978354978354,40.0
P4,frac_Tumour,contiguous,-0.04906204906204906,41.0
P4,frac_Immune,contiguous,-0.15295815295815296,41.0
P4,score_Estrogen_response,contiguous,0.32307818581472497,41.0
P4,score_Proliferation,contiguous,-0.060825931530223386,41.0
P4,score_T_cell_activity,contiguous,0.010736950644032682,41.0
P4,score_Myeloid_inflammation,contiguous,0.04513538681797521,41.0
P4,tumour_immune_contact,contiguous,-0.36507936507936506,41.0
P4,frac_Tumour,contiguous,0.3939393939393939,42.0
P4,frac_Immune,contiguous,-0.3823953823953824,42.0
P4,score_Estrogen_response,contiguous,0.6485092839567944,42.0
P4,score_Proliferation,contiguous,0.017838626600314517,42.0
P4,score_T_cell_activity,contiguous,-0.017446586793596706,42.0
P4,score_Myeloid_inflammation,contiguous,-0.11420526893000377,42.0
P4,tumour_immune_contact,contiguous,-0.7705627705627706,42.0
P4,frac_Tumour,contiguous,0.24963924963924963,43.0
P4,frac_Immune,contiguous,-0.3722943722943723,43.0
P4,score_Estrogen_response,contiguous,0.5775969529616107,43.0
P4,score_Proliferation,contiguous,-0.015708170147513936,43.0
P4,score_T_cell_activity,contiguous,-0.011405281237074804,43.0
P4,score_Myeloid_inflammation,contiguous,-0.08406273673851457,43.0
P4,tumour_immune_contact,contiguous,-0.7359307359307359,43.0
P4,frac_Tumour,contiguous,0.17460317460317462,44.0
P4,frac_Immune,contiguous,-0.17893217893217894,44.0
P4,score_Estrogen_response,contiguous,0.4440051891666144,44.0
P4,score_Proliferation,contiguous,-0.04032702942842143,44.0
P4,score_T_cell_activity,contiguous,0.011458523213362154,44.0
P4,score_Myeloid_inflammation,contiguous,0.04439212753267074,44.0
P4,tumour_immune_contact,contiguous,-0.46753246753246747,44.0
P4,frac_Tumour,contiguous,0.4025974025974026,45.0
P4,frac_Immune,contiguous,-0.4098124098124098,45.0
P4,score_Estrogen_response,contiguous,0.5131497956878169,45.0
P4,score_Proliferation,contiguous,0.02867327509542511,45.0
P4,score_T_cell_activity,contiguous,-0.018238157775184637,45.0
P4,score_Myeloid_inflammation,contiguous,-0.09851195304505589,45.0
P4,tumour_immune_contact,contiguous,-0.8354978354978354,45.0
P4,frac_Tumour,contiguous,0.1904761904761905,46.0
P4,frac_Immune,contiguous,-0.4069264069264069,46.0
P4,score_Estrogen_response,contiguous,0.17468175907618716,46.0
P4,score_Proliferation,contiguous,-0.018403545648715353,46.0
P4,score_T_cell_activity,contiguous,0.009844009134672803,46.0
P4,score_Myeloid_inflammation,contiguous,0.06921008807773607,46.0
P4,tumour_immune_contact,contiguous,-0.8210678210678211,46.0
P4,frac_Tumour,contiguous,0.4069264069264069,47.0
P4,frac_Immune,contiguous,-0.3852813852813853,47.0
P4,score_Estrogen_response,contiguous,0.6622626161702072,47.0
P4,score_Proliferation,contiguous,0.015596832017104868,47.0
P4,score_T_cell_activity,contiguous,-0.018464310108863426,47.0
P4,score_Myeloid_inflammation,contiguous,-0.12345197233998365,47.0
P4,tumour_immune_contact,contiguous,-0.7763347763347763,47.0
P4,frac_Tumour,contiguous,-0.05339105339105338,48.0
P4,frac_Immune,contiguous,0.05339105339105338,48.0
P4,score_Estrogen_response,contiguous,0.15684540420812781,48.0
P4,score_Proliferation,contiguous,-0.06585024688281406,48.0
P4,score_T_cell_activity,contiguous,0.033823938071296265,48.0
P4,score_Myeloid_inflammation,contiguous,0.12840943551986947,48.0
P4,tumour_immune_contact,contiguous,-0.15440115440115432,48.0
P4,frac_Tumour,contiguous,0.023088023088023102,49.0
P4,frac_Immune,contiguous,-0.08225108225108224,49.0
P4,score_Estrogen_response,contiguous,0.3130081844015943,49.0
P4,score_Proliferation,contiguous,-0.05186093045274158,49.0
P4,score_T_cell_activity,contiguous,0.019422400582852994,49.0
P4,score_Myeloid_inflammation,contiguous,0.08424891956302616,49.0
P4,tumour_immune_contact,contiguous,-0.32178932178932174,49.0
P4,frac_Tumour,contiguous,0.38528138528138534,50.0
P4,frac_Immune,contiguous,-0.41125541125541126,50.0
P4,score_Estrogen_response,contiguous,0.41225217094272937,50.0
P4,score_Proliferation,contiguous,0.03223456182571712,50.0
P4,score_T_cell_activity,contiguous,-0.014285999549247157,50.0
P4,score_Myeloid_inflammation,contiguous,-0.07840774253840095,50.0
P4,tumour_immune_contact,contiguous,-0.8383838383838383,50.0
P4,frac_Tumour,contiguous,0.13275613275613277,51.0
P4,frac_Immune,contiguous,-0.14430014430014432,51.0
P4,score_Estrogen_response,contiguous,0.4087632668204869,51.0
P4,score_Proliferation,contiguous,-0.04334101635365334,51.0
P4,score_T_cell_activity,contiguous,0.0166179870205695,51.0
P4,score_Myeloid_inflammation,contiguous,0.06024845774835182,51.0
P4,tumour_immune_contact,contiguous,-0.42279942279942273,51.0
P4,frac_Tumour,contiguous,0.3997113997113998,52.0
P4,frac_Immune,contiguous,-0.4098124098124098,52.0
P4,score_Estrogen_response,contiguous,0.5227830778374997,52.0
P4,score_Proliferation,contiguous,0.031894590674799765,52.0
P4,score_T_cell_activity,contiguous,-0.01694065889273372,52.0
P4,score_Myeloid_inflammation,contiguous,-0.09556582484237364,52.0
P4,tumour_immune_contact,contiguous,-0.8354978354978354,52.0
P4,frac_Tumour,contiguous,0.37518037518037517,53.0
P4,frac_Immune,contiguous,-0.3694083694083694,53.0
P4,score_Estrogen_response,contiguous,0.5415203802279737,53.0
P4,score_Proliferation,contiguous,0.011026865351242036,53.0
P4,score_T_cell_activity,contiguous,-0.017011335392917642,53.0
P4,score_Myeloid_inflammation,contiguous,-0.08629484981586136,53.0
P4,tumour_immune_contact,contiguous,-0.7229437229437229,53.0
P4,frac_Tumour,contiguous,0.2727272727272727,54.0
P4,frac_Immune,contiguous,-0.4083694083694084,54.0
P4,score_Estrogen_response,contiguous,0.31750107228327645,54.0
P4,score_Proliferation,contiguous,-0.003349298444374529,54.0
P4,score_T_cell_activity,contiguous,0.00010621395796532812,54.0
P4,score_Myeloid_inflammation,contiguous,0.04455860112629117,54.0
P4,tumour_immune_contact,contiguous,-0.8268398268398268,54.0
P4,frac_Tumour,contiguous,0.39682539682539686,55.0
P4,frac_Immune,contiguous,-0.4098124098124098,55.0
P4,score_Estrogen_response,contiguous,0.4902487294584557,55.0
P4,score_Proliferation,contiguous,0.03448785401302258,55.0
P4,score_T_cell_activity,contiguous,-0.019272676513494135,55.0
P4,score_Myeloid_inflammation,contiguous,-0.09547519307278665,55.0
P4,tumour_immune_contact,contiguous,-0.8354978354978354,55.0
P4,frac_Tumour,contiguous,-0.07503607503607503,56.0
P4,frac_Immune,contiguous,-0.19191919191919193,56.0
P4,score_Estrogen_response,contiguous,0.33272988770249684,56.0
P4,score_Proliferation,contiguous,-0.05555554265707961,56.0
P4,score_T_cell_activity,contiguous,0.009968362279956358,56.0
P4,score_Myeloid_inflammation,contiguous,0.04490944566067843,56.0
P4,tumour_immune_contact,contiguous,-0.42568542568542567,56.0
P4,frac_Tumour,contiguous,0.4877344877344878,57.0
P4,frac_Immune,contiguous,-0.4054834054834055,57.0
P4,score_Estrogen_response,contiguous,0.584666909317086,57.0
P4,score_Proliferation,contiguous,0.04693558875419744,57.0
P4,score_T_cell_activity,contiguous,-0.024127626190541204,57.0
P4,score_Myeloid_inflammation,contiguous,-0.13080837126654604,57.0
P4,tumour_immune_contact,contiguous,-0.8181818181818181,57.0
P4,frac_Tumour,contiguous,0.3492063492063492,58.0
P4,frac_Immune,contiguous,-0.3795093795093795,58.0
P4,score_Estrogen_response,contiguous,0.6137810073391534,58.0
P4,score_Proliferation,contiguous,0.010515429247682747,58.0
P4,score_T_cell_activity,contiguous,-0.015853061228637225,58.0
P4,score_Myeloid_inflammation,contiguous,-0.10497014051710374,58.0
P4,tumour_immune_contact,contiguous,-0.7532467532467532,58.0
P4,frac_Tumour,contiguous,-0.06493506493506493,59.0
P4,frac_Immune,contiguous,0.054834054834054846,59.0
P4,score_Estrogen_response,contiguous,0.1544315291469438,59.0
P4,score_Proliferation,contiguous,-0.06339505266608954,59.0
P4,score_T_cell_activity,contiguous,0.03362062797401026,59.0
P4,score_Myeloid_inflammation,contiguous,0.11832366009476514,59.0
P4,tumour_immune_contact,contiguous,-0.15728715728715725,59.0
P4,frac_Tumour,contiguous,0.24675324675324675,60.0
P4,frac_Immune,contiguous,-0.4098124098124098,60.0
P4,score_Estrogen_response,contiguous,0.19423550064567718,60.0
P4,score_Proliferation,contiguous,0.010234234630688155,60.0
P4,score_T_cell_activity,contiguous,-0.004693370268437954,60.0
P4,score_Myeloid_inflammation,contiguous,0.008288849112777413,60.0
P4,tumour_immune_contact,contiguous,-0.8354978354978354,60.0
P4,frac_Tumour,contiguous,-0.038961038961038946,61.0
P4,frac_Immune,contiguous,-0.16594516594516595,61.0
P4,score_Estrogen_response,contiguous,0.31386054757898274,61.0
P4,score_Proliferation,contiguous,-0.060686357177715866,61.0
P4,score_T_cell_activity,contiguous,0.019330638597378314,61.0
P4,score_Myeloid_inflammation,contiguous,0.058568864005356304,61.0
P4,tumour_immune_contact,contiguous,-0.391053391053391,61.0
P4,frac_Tumour,contiguous,0.42712842712842713,62.0
P4,frac_Immune,contiguous,-0.4083694083694084,62.0
P4,score_Estrogen_response,contiguous,0.5230103606352963,62.0
P4,score_Proliferation,contiguous,0.05502060827571167,62.0
P4,score_T_cell_activity,contiguous,-0.02529527265355948,62.0
P4,score_Myeloid_inflammation,contiguous,-0.12480697951495659,62.0
P4,tumour_immune_contact,contiguous,-0.8268398268398268,62.0
P4,frac_Tumour,contiguous,0.38816738816738816,63.0
P4,frac_Immune,contiguous,-0.4098124098124098,63.0
P4,score_Estrogen_response,contiguous,0.4895422410438222,63.0
P4,score_Proliferation,contiguous,0.04804020176761216,63.0
P4,score_T_cell_activity,contiguous,-0.026096607328729343,63.0
P4,score_Myeloid_inflammation,contiguous,-0.12333420661570557,63.0
P4,tumour_immune_contact,contiguous,-0.8326118326118326,63.0
P4,frac_Tumour,contiguous,0.26262626262626265,64.0
P4,frac_Immune,contiguous,-0.4083694083694084,64.0
P4,score_Estrogen_response,contiguous,0.34169211489652074,64.0
P4,score_Proliferation,contiguous,-0.0023117632321219836,64.0
P4,score_T_cell_activity,contiguous,-8.094764964312233e-05,64.0
P4,score_Myeloid_inflammation,contiguous,0.04452941662044293,64.0
P4,tumour_immune_contact,contiguous,-0.8297258297258296,64.0
P4,frac_Tumour,contiguous,0.33910533910533913,65.0
P4,frac_Immune,contiguous,-0.4054834054834055,65.0
P4,score_Estrogen_response,contiguous,0.5396998143113919,65.0
P4,score_Proliferation,contiguous,0.03274473461698749,65.0
P4,score_T_cell_activity,contiguous,-0.023505676237275782,65.0
P4,score_Myeloid_inflammation,contiguous,-0.10797875210532198,65.0
P4,tumour_immune_contact,contiguous,-0.8181818181818181,65.0
P4,frac_Tumour,contiguous,0.23232323232323235,66.0
P4,frac_Immune,contiguous,-0.3722943722943723,66.0
P4,score_Estrogen_response,contiguous,0.5643314741865051,66.0
P4,score_Proliferation,contiguous,-0.014594400727753087,66.0
P4,score_T_cell_activity,contiguous,-0.01163135742359798,66.0
P4,score_Myeloid_inflammation,contiguous,-0.08110679107506505,66.0
P4,tumour_immune_contact,contiguous,-0.7287157287157287,66.0
P4,frac_Tumour,contiguous,-0.08513708513708512,67.0
P4,frac_Immune,contiguous,-0.11832611832611833,67.0
P4,score_Estrogen_response,contiguous,0.26474607185796206,67.0
P4,score_Proliferation,contiguous,-0.06230729546656614,67.0
P4,score_T_cell_activity,contiguous,0.017805151770951603,67.0
P4,score_Myeloid_inflammation,contiguous,0.06770083499776608,67.0
P4,tumour_immune_contact,contiguous,-0.3275613275613275,67.0
P4,frac_Tumour,contiguous,0.17893217893217897,68.0
P4,frac_Immune,contiguous,-0.4098124098124098,68.0
P4,score_Estrogen_response,contiguous,0.11598610649114861,68.0
P4,score_Proliferation,contiguous,0.004905944471528316,68.0
P4,score_T_cell_activity,contiguous,0.0012873127930169892,68.0
P4,score_Myeloid_inflammation,contiguous,0.022107753149311973,68.0
P4,tumour_immune_contact,contiguous,-0.8326118326118326,68.0
P4,frac_Tumour,contiguous,0.17604617604617603,69.0
P4,frac_Immune,contiguous,-0.29292929292929293,69.0
P4,score_Estrogen_response,contiguous,0.4886255832591104,69.0
P4,score_Proliferation,contiguous,-0.029681298997057782,69.0
P4,score_T_cell_activity,contiguous,-4.7510401771278746e-05,69.0
P4,score_Myeloid_inflammation,contiguous,-0.008517949493487807,69.0
P4,tumour_immune_contact,contiguous,-0.5714285714285714,69.0
P4,frac_Tumour,contiguous,0.3405483405483406,70.0
P4,frac_Immune,contiguous,-0.4098124098124098,70.0
P4,score_Estrogen_response,contiguous,0.332791248572497,70.0
P4,score_Proliferation,contiguous,0.02441328885702457,70.0
P4,score_T_cell_activity,contiguous,-0.010409491177103082,70.0
P4,score_Myeloid_inflammation,contiguous,-0.04033517692879803,70.0
P4,tumour_immune_contact,contiguous,-0.8354978354978354,70.0
P4,frac_Tumour,contiguous,0.05916305916305917,71.0
P4,frac_Immune,contiguous,-0.4083694083694084,71.0
P4,score_Estrogen_response,contiguous,-0.022850612005206127,71.0
P4,score_Proliferation,contiguous,-0.015647263604786615,71.0
P4,score_T_cell_activity,contiguous,0.006731191057029843,71.0
P4,score_Myeloid_inflammation,contiguous,0.058284274945931185,71.0
P4,tumour_immune_contact,contiguous,-0.8268398268398268,71.0
P4,frac_Tumour,contiguous,-0.09812409812409811,72.0
P4,frac_Immune,contiguous,-0.06060606060606061,72.0
P4,score_Estrogen_response,contiguous,0.18878695601171647,72.0
P4,score_Proliferation,contiguous,-0.05644317713310069,72.0
P4,score_T_cell_activity,contiguous,0.026993266686849624,72.0
P4,score_Myeloid_inflammation,contiguous,0.08143374310289217,72.0
P4,tumour_immune_contact,contiguous,-0.26695526695526695,72.0
P4,frac_Tumour,contiguous,-0.0808080808080808,73.0
P4,frac_Immune,contiguous,0.027417027417027395,73.0
P4,score_Estrogen_response,contiguous,0.1560983233936138,73.0
P4,score_Proliferation,contiguous,-0.0564261429133888,73.0
P4,score_T_cell_activity,contiguous,0.03615170812834211,73.0
P4,score_Myeloid_inflammation,contiguous,0.11732095220905384,73.0
P4,tumour_immune_contact,contiguous,-0.17027417027417024,73.0
P4,frac_Tumour,contiguous,0.33477633477633484,74.0
P4,frac_Immune,contiguous,-0.4083694083694084,74.0
P4,score_Estrogen_response,contiguous,0.37304647026738175,74.0
P4,score_Proliferation,contiguous,0.0057900297152515025,74.0
P4,score_T_cell_activity,contiguous,-0.008022311721873893,74.0
P4,score_Myeloid_inflammation,contiguous,-0.0683365775296437,74.0
P4,tumour_immune_contact,contiguous,-0.8268398268398268,74.0
P4,frac_Tumour,contiguous,0.4761904761904763,75.0
P4,frac_Immune,contiguous,-0.4054834054834055,75.0
P4,score_Estrogen_response,contiguous,0.6855789418975632,75.0
P4,score_Proliferation,contiguous,0.015239681611857247,75.0
P4,score_T_cell_activity,contiguous,-0.018132091320323913,75.0
P4,score_Myeloid_inflammation,contiguous,-0.12409445865762814,75.0
P4,tumour_immune_contact,contiguous,-0.8239538239538239,75.0
P4,frac_Tumour,contiguous,0.2611832611832612,76.0
P4,frac_Immune,contiguous,-0.4083694083694084,76.0
P4,score_Estrogen_response,contiguous,0.34247821808884754,76.0
P4,score_Proliferation,contiguous,-0.0022083516808407066,76.0
P4,score_T_cell_activity,contiguous,-7.199356222797751e-05,76.0
P4,score_Myeloid_inflammation,contiguous,0.04474096061143638,76.0
P4,tumour_immune_contact,contiguous,-0.8297258297258296,76.0
P4,frac_Tumour,contiguous,0.29581529581529586,77.0
P4,frac_Immune,contiguous,-0.4069264069264069,77.0
P4,score_Estrogen_response,contiguous,0.3561468321936384,77.0
P4,score_Proliferation,contiguous,-0.006394314627408455,77.0
P4,score_T_cell_activity,contiguous,-0.002922299484273137,77.0
P4,score_Myeloid_inflammation,contiguous,-0.029591573122994704,77.0
P4,tumour_immune_contact,contiguous,-0.8210678210678211,77.0
P4,frac_Tumour,contiguous,0.2741702741702742,78.0
P4,frac_Immune,contiguous,-0.37662337662337664,78.0
P4,score_Estrogen_response,contiguous,0.5873720242691677,78.0
P4,score_Proliferation,contiguous,-0.012343558754141662,78.0
P4,score_T_cell_activity,contiguous,-0.012502145553265584,78.0
P4,score_Myeloid_inflammation,contiguous,-0.0904522052052267,78.0
P4,tumour_immune_contact,contiguous,-0.7388167388167388,78.0
P4,frac_Tumour,contiguous,0.23520923520923523,79.0
P4,frac_Immune,contiguous,-0.4069264069264069,79.0
P4,score_Estrogen_response,contiguous,0.26092432142534216,79.0
P4,score_Proliferation,contiguous,-0.009053509296457868,79.0
P4,score_T_cell_activity,contiguous,0.004165391673194526,79.0
P4,score_Myeloid_inflammation,contiguous,0.043605134421631546,79.0
P4,tumour_immune_contact,contiguous,-0.8239538239538239,79.0
P4,frac_Tumour,contiguous,0.34632034632034636,80.0
P4,frac_Immune,contiguous,-0.4098124098124098,80.0
P4,score_Estrogen_response,contiguous,0.35034775018639897,80.0
P4,score_Proliferation,contiguous,0.024017314061730168,80.0
P4,score_T_cell_activity,contiguous,-0.012796408240633389,80.0
P4,score_Myeloid_inflammation,contiguous,-0.04957238309498489,80.0
P4,tumour_immune_contact,contiguous,-0.8354978354978354,80.0
P4,frac_Tumour,contiguous,0.30447330447330445,81.0
P4,frac_Immune,contiguous,-0.41125541125541126,81.0
P4,score_Estrogen_response,contiguous,0.5045638939829625,81.0
P4,score_Proliferation,contiguous,0.03525185890577909,81.0
P4,score_T_cell_activity,contiguous,-0.02150641563656324,81.0
P4,score_Myeloid_inflammation,contiguous,-0.11431938158328586,81.0
P4,tumour_immune_contact,contiguous,-0.8383838383838383,81.0
P4,frac_Tumour,contiguous,0.00865800865800867,82.0
P4,frac_Immune,contiguous,-0.20202020202020202,82.0
P4,score_Estrogen_response,contiguous,0.3848862785843313,82.0
P4,score_Proliferation,contiguous,-0.05680043424826851,82.0
P4,score_T_cell_activity,contiguous,0.011113532970819165,82.0
P4,score_Myeloid_inflammation,contiguous,0.03281232012627428,82.0
P4,tumour_immune_contact,contiguous,-0.4271284271284271,82.0
P4,frac_Tumour,contiguous,0.2655122655122655,83.0
P4,frac_Immune,contiguous,-0.4083694083694084,83.0
P4,score_Estrogen_response,contiguous,0.29465468129370176,83.0
P4,score_Proliferation,contiguous,-0.0024302556773487262,83.0
P4,score_T_cell_activity,contiguous,0.001543370695022231,83.0
P4,score_Myeloid_inflammation,contiguous,0.04513615970718134,83.0
P4,tumour_immune_contact,contiguous,-0.8268398268398268,83.0
P4,frac_Tumour,contiguous,0.2727272727272727,84.0
P4,frac_Immune,contiguous,-0.4083694083694084,84.0
P4,score_Estrogen_response,contiguous,0.31750107228327645,84.0
P4,score_Proliferation,contiguous,-0.00334929844437453,84.0
P4,score_T_cell_activity,contiguous,0.00010621395796532812,84.0
P4,score_Myeloid_inflammation,contiguous,0.04455860112629117,84.0
P4,tumour_immune_contact,contiguous,-0.8268398268398268,84.0
P4,frac_Tumour,contiguous,0.3116883116883117,85.0
P4,frac_Immune,contiguous,-0.4069264069264069,85.0
P4,score_Estrogen_response,contiguous,0.5260490519708163,85.0
P4,score_Proliferation,contiguous,0.02659682631631612,85.0
P4,score_T_cell_activity,contiguous,-0.023430881506514054,85.0
P4,score_Myeloid_inflammation,contiguous,-0.10094266143784797,85.0
P4,tumour_immune_contact,contiguous,-0.8210678210678211,85.0
P4,frac_Tumour,contiguous,0.15728715728715728,86.0
P4,frac_Immune,contiguous,-0.29292929292929293,86.0
P4,score_Estrogen_response,contiguous,0.47606466243970674,86.0
P4,score_Proliferation,contiguous,-0.03329068368918192,86.0
P4,score_T_cell_activity,contiguous,-0.007606193725879421,86.0
P4,score_Myeloid_inflammation,contiguous,-0.023275720493189697,86.0
P4,tumour_immune_contact,contiguous,-0.5569985569985569,86.0
P4,frac_Tumour,contiguous,0.4329004329004329,87.0
P4,frac_Immune,contiguous,-0.4083694083694084,87.0
P4,score_Estrogen_response,contiguous,0.48173010076198447,87.0
P4,score_Proliferation,contiguous,0.041488276778583265,87.0
P4,score_T_cell_activity,contiguous,-0.025646613711351244,87.0
P4,score_Myeloid_inflammation,contiguous,-0.11650917145882597,87.0
P4,tumour_immune_contact,contiguous,-0.8268398268398268,87.0
P4,frac_Tumour,contiguous,0.08513708513708515,88.0
P4,frac_Immune,contiguous,-0.4083694083694084,88.0
P4,score_Estrogen_response,contiguous,0.007363079123375207,88.0
P4,score_Proliferation,contiguous,-0.021825863338667307,88.0
P4,score_T_cell_activity,contiguous,0.006136594803115605,88.0
P4,score_Myeloid_inflammation,contiguous,0.05337699121064609,88.0
P4,tumour_immune_contact,contiguous,-0.8268398268398268,88.0
P4,frac_Tumour,contiguous,0.42712842712842713,89.0
P4,frac_Immune,contiguous,-0.4098124098124098,89.0
P4,score_Estrogen_response,contiguous,0.5867653579071586,89.0
P4,score_Proliferation,contiguous,0.02961157093265462,89.0
P4,score_T_cell_activity,contiguous,-0.018454134823959762,89.0
P4,score_Myeloid_inflammation,contiguous,-0.1186729122975787,89.0
P4,tumour_immune_contact,contiguous,-0.8354978354978354,89.0
P4,frac_Tumour,contiguous,0.17316017316017315,90.0
P4,frac_Immune,contiguous,-0.26551226551226553,90.0
P4,score_Estrogen_response,contiguous,0.48995465750507966,90.0
P4,score_Proliferation,contiguous,-0.028481039702526505,90.0
P4,score_T_cell_activity,contiguous,0.0008631169176663326,90.0
P4,score_Myeloid_inflammation,contiguous,-0.00039183416308508773,90.0
P4,tumour_immune_contact,contiguous,-0.5339105339105339,90.0
P4,frac_Tumour,contiguous,0.5050505050505051,92.0
P4,frac_Immune,contiguous,-0.4098124098124098,92.0
P4,score_Estrogen_response,contiguous,0.6630831561165519,92.0
P4,score_Proliferation,contiguous,0.05468105057064062,92.0
P4,score_T_cell_activity,contiguous,-0.021718020577218552,92.0
P4,score_Myeloid_inflammation,contiguous,-0.1400966320666507,92.0
P4,tumour_immune_contact,contiguous,-0.8326118326118326,92.0
P4,frac_Tumour,contiguous,0.024531024531024542,93.0
P4,frac_Immune,contiguous,-0.22943722943722944,93.0
P4,score_Estrogen_response,contiguous,0.36757056268869936,93.0
P4,score_Proliferation,contiguous,-0.04608843834694461,93.0
P4,score_T_cell_activity,contiguous,0.005635011065180033,93.0
P4,score_Myeloid_inflammation,contiguous,0.00426091589240981,93.0
P4,tumour_immune_contact,contiguous,-0.48340548340548334,93.0
P4,frac_Tumour,contiguous,0.23232323232323235,94.0
P4,frac_Immune,contiguous,-0.4069264069264069,94.0
P4,score_Estrogen_response,contiguous,0.2037743185056648,94.0
P4,score_Proliferation,contiguous,-0.014858745534947388,94.0
P4,score_T_cell_activity,contiguous,0.006374082060597014,94.0
P4,score_Myeloid_inflammation,contiguous,0.024838301494911445,94.0
P4,tumour_immune_contact,contiguous,-0.8210678210678211,94.0
P4,frac_Tumour,contiguous,0.08658008658008659,95.0
P4,frac_Immune,contiguous,-0.4083694083694084,95.0
P4,score_Estrogen_response,contiguous,0.017938992480884375,95.0
P4,score_Proliferation,contiguous,-0.024809092150806573,95.0
P4,score_T_cell_activity,contiguous,0.004544506231468913,95.0
P4,score_Myeloid_inflammation,contiguous,0.04841214294181701,95.0
P4,tumour_immune_contact,contiguous,-0.8268398268398268,95.0
P4,frac_Tumour,contiguous,0.43145743145743154,96.0
P4,frac_Immune,contiguous,-0.4098124098124098,96.0
P4,score_Estrogen_response,contiguous,0.5561209705140074,96.0
P4,score_Proliferation,contiguous,0.03250573490857504,96.0
P4,score_T_cell_activity,contiguous,-0.020679957950396226,96.0
P4,score_Myeloid_inflammation,contiguous,-0.12712502491708189,96.0
P4,tumour_immune_contact,contiguous,-0.8354978354978354,96.0
P4,frac_Tumour,contiguous,0.2611832611832612,97.0
P4,frac_Immune,contiguous,-0.4083694083694084,97.0
P4,score_Estrogen_response,contiguous,0.34247821808884754,97.0
P4,score_Proliferation,contiguous,-0.002208351680840708,97.0
P4,score_T_cell_activity,contiguous,-7.199356222797881e-05,97.0
P4,score_Myeloid_inflammation,contiguous,0.04474096061143638,97.0
P4,tumour_immune_contact,contiguous,-0.8297258297258296,97.0
P4,frac_Tumour,contiguous,0.07070707070707072,98.0
P4,frac_Immune,contiguous,-0.12265512265512268,98.0
P4,score_Estrogen_response,contiguous,0.36194476743742465,98.0
P4,score_Proliferation,contiguous,-0.045546459860820405,98.0
P4,score_T_cell_activity,contiguous,0.015166294611348533,98.0
P4,score_Myeloid_inflammation,contiguous,0.07202018216264647,98.0
P4,tumour_immune_contact,contiguous,-0.38239538239538234,98.0
P4,frac_Tumour,contiguous,0.16883116883116886,99.0
P4,frac_Immune,contiguous,-0.32323232323232326,99.0
P4,score_Estrogen_response,contiguous,0.5105585045034138,99.0
P4,score_Proliferation,contiguous,-0.030480477659874886,99.0
P4,score_T_cell_activity,contiguous,-0.0032708596955395783,99.0
P4,score_Myeloid_inflammation,contiguous,-0.05219319067958351,99.0
P4,tumour_immune_contact,contiguous,-0.6392496392496392,99.0
P5,frac_Tumour,full,-0.2965811965811966,
P5,frac_Immune,full,-0.3162393162393162,
P5,score_Estrogen_response,full,-0.21921439644620733,
P5,score_Proliferation,full,-0.00048507945080626105,
P5,score_T_cell_activity,full,0.003453394462194512,
P5,score_Myeloid_inflammation,full,0.0061084376172020425,
P5,tumour_immune_contact,full,,
P5,frac_Tumour,random,-0.2965811965811966,0.0
P5,frac_Immune,random,-0.3162393162393162,0.0
P5,score_Estrogen_response,random,-0.19598562428187666,0.0
P5,score_Proliferation,random,-0.0005980792442221022,0.0
P5,score_T_cell_activity,random,0.005364543788113825,0.0
P5,score_Myeloid_inflammation,random,0.00034575133989422826,0.0
P5,tumour_immune_contact,random,,0.0
P5,frac_Tumour,random,-0.2965811965811966,1.0
P5,frac_Immune,random,-0.3162393162393162,1.0
P5,score_Estrogen_response,random,-0.24272857018977673,1.0
P5,score_Proliferation,random,-0.0030980515158377346,1.0
P5,score_T_cell_activity,random,0.0042796836221999255,1.0
P5,score_Myeloid_inflammation,random,0.007516938078050125,1.0
P5,tumour_immune_contact,random,,1.0
P5,frac_Tumour,random,-0.2965811965811966,2.0
P5,frac_Immune,random,-0.3162393162393162,2.0
P5,score_Estrogen_response,random,-0.22040400139527616,2.0
P5,score_Proliferation,random,0.000877090600988455,2.0
P5,score_T_cell_activity,random,0.0031146798530535145,2.0
P5,score_Myeloid_inflammation,random,0.01407431533960667,2.0
P5,tumour_immune_contact,random,,2.0
P5,frac_Tumour,random,-0.2965811965811966,3.0
P5,frac_Immune,random,-0.3162393162393162,3.0
P5,score_Estrogen_response,random,-0.23045488098750266,3.0
P5,score_Proliferation,random,-0.002107380028259242,3.0
P5,score_T_cell_activity,random,0.005876987717973542,3.0
P5,score_Myeloid_inflammation,random,0.002036647694840447,3.0
P5,tumour_immune_contact,random,,3.0
P5,frac_Tumour,random,-0.2965811965811966,4.0
P5,frac_Immune,random,-0.3162393162393162,4.0
P5,score_Estrogen_response,random,-0.23640596523488633,4.0
P5,score_Proliferation,random,-0.0025609353970815173,4.0
P5,score_T_cell_activity,random,0.0015779230924073792,4.0
P5,score_Myeloid_inflammation,random,0.003744187366589675,4.0
P5,tumour_immune_contact,random,,4.0
P5,frac_Tumour,random,-0.2965811965811966,5.0
P5,frac_Immune,random,-0.3162393162393162,5.0
P5,score_Estrogen_response,random,-0.20943213399569255,5.0
P5,score_Proliferation,random,0.0009837421016164764,5.0
P5,score_T_cell_activity,random,0.004258531844310271,5.0
P5,score_Myeloid_inflammation,random,0.001220169172474131,5.0
P5,tumour_immune_contact,random,,5.0
P5,frac_Tumour,random,-0.2965811965811966,6.0
P5,frac_Immune,random,-0.3162393162393162,6.0
P5,score_Estrogen_response,random,-0.23049247831863945,6.0
P5,score_Proliferation,random,-0.0017669256117760221,6.0
P5,score_T_cell_activity,random,0.006022505052952345,6.0
P5,score_Myeloid_inflammation,random,0.003161729258156577,6.0
P5,tumour_immune_contact,random,,6.0
P5,frac_Tumour,random,-0.2965811965811966,7.0
P5,frac_Immune,random,-0.3162393162393162,7.0
P5,score_Estrogen_response,random,-0.20497865231789375,7.0
P5,score_Proliferation,random,0.001866197160874451,7.0
P5,score_T_cell_activity,random,0.0037128266297174655,7.0
P5,score_Myeloid_inflammation,random,0.009182223415297962,7.0
P5,tumour_immune_contact,random,,7.0
P5,frac_Tumour,random,-0.2965811965811966,8.0
P5,frac_Immune,random,-0.3162393162393162,8.0
P5,score_Estrogen_response,random,-0.22365180916075894,8.0
P5,score_Proliferation,random,-0.007437406812048727,8.0
P5,score_T_cell_activity,random,0.004285190166571202,8.0
P5,score_Myeloid_inflammation,random,0.0005405431688446703,8.0
P5,tumour_immune_contact,random,,8.0
P5,frac_Tumour,random,-0.2965811965811966,9.0
P5,frac_Immune,random,-0.3162393162393162,9.0
P5,score_Estrogen_response,random,-0.23094713651824944,9.0
P5,score_Proliferation,random,-0.005845622950842029,9.0
P5,score_T_cell_activity,random,0.0038686941606027115,9.0
P5,score_Myeloid_inflammation,random,0.0013313407426360372,9.0
P5,tumour_immune_contact,random,,9.0
P5,frac_Tumour,random,-0.2965811965811966,10.0
P5,frac_Immune,random,-0.3162393162393162,10.0
P5,score_Estrogen_response,random,-0.21806023038254613,10.0
P5,score_Proliferation,random,0.00014337446727824034,10.0
P5,score_T_cell_activity,random,0.002521539397049494,10.0
P5,score_Myeloid_inflammation,random,0.016681135737901653,10.0
P5,tumour_immune_contact,random,,10.0
P5,frac_Tumour,random,-0.2965811965811966,11.0
P5,frac_Immune,random,-0.3162393162393162,11.0
P5,score_Estrogen_response,random,-0.22389452179064329,11.0
P5,score_Proliferation,random,-0.0007138777634954547,11.0
P5,score_T_cell_activity,random,0.0029492586380396135,11.0
P5,score_Myeloid_inflammation,random,-0.0005482755037252056,11.0
P5,tumour_immune_contact,random,,11.0
P5,frac_Tumour,random,-0.2965811965811966,12.0
P5,frac_Immune,random,-0.3162393162393162,12.0
P5,score_Estrogen_response,random,-0.21874596657027684,12.0
P5,score_Proliferation,random,0.0018149574905223706,12.0
P5,score_T_cell_activity,random,0.0036828210645251805,12.0
P5,score_Myeloid_inflammation,random,-0.0014848744560647903,12.0
P5,tumour_immune_contact,random,,12.0
P5,frac_Tumour,random,-0.2965811965811966,13.0
P5,frac_Immune,random,-0.3162393162393162,13.0
P5,score_Estrogen_response,random,-0.22618050403779388,13.0
P5,score_Proliferation,random,-0.0019406203050362676,13.0
P5,score_T_cell_activity,random,0.003343683703876289,13.0
P5,score_Myeloid_inflammation,random,-0.0022018402865800913,13.0
P5,tumour_immune_contact,random,,13.0
P5,frac_Tumour,random,-0.2965811965811966,14.0
P5,frac_Immune,random,-0.3162393162393162,14.0
P5,score_Estrogen_response,random,-0.22337125677314762,14.0
P5,score_Proliferation,random,-0.0026472164070070617,14.0
P5,score_T_cell_activity,random,0.0029931110575667813,14.0
P5,score_Myeloid_inflammation,random,0.005957830381336044,14.0
P5,tumour_immune_contact,random,,14.0
P5,frac_Tumour,random,-0.2965811965811966,15.0
P5,frac_Immune,random,-0.3162393162393162,15.0
P5,score_Estrogen_response,random,-0.23871371900487975,15.0
P5,score_Proliferation,random,-0.004140359748462668,15.0
P5,score_T_cell_activity,random,0.0043471499372411656,15.0
P5,score_Myeloid_inflammation,random,0.008970424434738774,15.0
P5,tumour_immune_contact,random,,15.0
P5,frac_Tumour,random,-0.2965811965811966,16.0
P5,frac_Immune,random,-0.3162393162393162,16.0
P5,score_Estrogen_response,random,-0.21756680946848167,16.0
P5,score_Proliferation,random,-0.00038001601436506247,16.0
P5,score_T_cell_activity,random,0.004540380415345869,16.0
P5,score_Myeloid_inflammation,random,0.0025911583783045865,16.0
P5,tumour_immune_contact,random,,16.0
P5,frac_Tumour,random,-0.2965811965811966,17.0
P5,frac_Immune,random,-0.3162393162393162,17.0
P5,score_Estrogen_response,random,-0.2209403222374084,17.0
P5,score_Proliferation,random,-0.0023116939736129508,17.0
P5,score_T_cell_activity,random,0.004211634339770021,17.0
P5,score_Myeloid_inflammation,random,0.0020557120042365967,17.0
P5,tumour_immune_contact,random,,17.0
P5,frac_Tumour,random,-0.2965811965811966,18.0
P5,frac_Immune,random,-0.3162393162393162,18.0
P5,score_Estrogen_response,random,-0.2278256676103791,18.0
P5,score_Proliferation,random,-0.0033988838153940657,18.0
P5,score_T_cell_activity,random,0.003812383964462498,18.0
P5,score_Myeloid_inflammation,random,-0.00037641790478816647,18.0
P5,tumour_immune_contact,random,,18.0
P5,frac_Tumour,random,-0.2965811965811966,19.0
P5,frac_Immune,random,-0.3162393162393162,19.0
P5,score_Estrogen_response,random,-0.22265341449422849,19.0
P5,score_Proliferation,random,1.536454967582734e-05,19.0
P5,score_T_cell_activity,random,0.00529917915974587,19.0
P5,score_Myeloid_inflammation,random,0.006793644594574496,19.0
P5,tumour_immune_contact,random,,19.0
P5,frac_Tumour,random,-0.2965811965811966,20.0
P5,frac_Immune,random,-0.3162393162393162,20.0
P5,score_Estrogen_response,random,-0.21570157331215195,20.0
P5,score_Proliferation,random,0.0006063504726573378,20.0
P5,score_T_cell_activity,random,0.007321766567705704,20.0
P5,score_Myeloid_inflammation,random,0.00794846602353795,20.0
P5,tumour_immune_contact,random,,20.0
P5,frac_Tumour,random,-0.2965811965811966,21.0
P5,frac_Immune,random,-0.3162393162393162,21.0
P5,score_Estrogen_response,random,-0.22378060327399063,21.0
P5,score_Proliferation,random,-0.001865205056745158,21.0
P5,score_T_cell_activity,random,0.005110484653252822,21.0
P5,score_Myeloid_inflammation,random,-0.00017707949689906846,21.0
P5,tumour_immune_contact,random,,21.0
P5,frac_Tumour,random,-0.2965811965811966,22.0
P5,frac_Immune,random,-0.3162393162393162,22.0
P5,score_Estrogen_response,random,-0.196805830491458,22.0
P5,score_Proliferation,random,0.00035747984969824033,22.0
P5,score_T_cell_activity,random,0.0012003530457488495,22.0
P5,score_Myeloid_inflammation,random,-0.00046540103193424263,22.0
P5,tumour_immune_contact,random,,22.0
P5,frac_Tumour,random,-0.2965811965811966,23.0
P5,frac_Immune,random,-0.3162393162393162,23.0
P5,score_Estrogen_response,random,-0.20331947569184983,23.0
P5,score_Proliferation,random,-0.0010212480479049805,23.0
P5,score_T_cell_activity,random,0.0015473093267179964,23.0
P5,score_Myeloid_inflammation,random,0.0032170571171765425,23.0
P5,tumour_immune_contact,random,,23.0
P5,frac_Tumour,random,-0.2965811965811966,24.0
P5,frac_Immune,random,-0.3162393162393162,24.0
P5,score_Estrogen_response,random,-0.2115154155840508,24.0
P5,score_Proliferation,random,-0.0008086102946764646,24.0
P5,score_T_cell_activity,random,0.002398696724641697,24.0
P5,score_Myeloid_inflammation,random,-0.00080542230625403,24.0
P5,tumour_immune_contact,random,,24.0
P5,frac_Tumour,random,-0.2965811965811966,25.0
P5,frac_Immune,random,-0.3162393162393162,25.0
P5,score_Estrogen_response,random,-0.21985454365269952,25.0
P5,score_Proliferation,random,-0.006712407587060099,25.0
P5,score_T_cell_activity,random,0.0012929508542742821,25.0
P5,score_Myeloid_inflammation,random,0.013454581665032907,25.0
P5,tumour_immune_contact,random,,25.0
P5,frac_Tumour,random,-0.2965811965811966,26.0
P5,frac_Immune,random,-0.3162393162393162,26.0
P5,score_Estrogen_response,random,-0.2209767437101905,26.0
P5,score_Proliferation,random,-0.0025883682837460256,26.0
P5,score_T_cell_activity,random,0.00040168221988569255,26.0
P5,score_Myeloid_inflammation,random,0.0039644561875491,26.0
P5,tumour_immune_contact,random,,26.0
P5,frac_Tumour,random,-0.2965811965811966,27.0
P5,frac_Immune,random,-0.3162393162393162,27.0
P5,score_Estrogen_response,random,-0.23637290820839707,27.0
P5,score_Proliferation,random,0.0001008459628722906,27.0
P5,score_T_cell_activity,random,0.0020523752042031366,27.0
P5,score_Myeloid_inflammation,random,0.011117931528309626,27.0
P5,tumour_immune_contact,random,,27.0
P5,frac_Tumour,random,-0.2965811965811966,28.0
P5,frac_Immune,random,-0.3162393162393162,28.0
P5,score_Estrogen_response,random,-0.207108405365089,28.0
P5,score_Proliferation,random,-0.0017346024327431504,28.0
P5,score_T_cell_activity,random,0.002924456175372132,28.0
P5,score_Myeloid_inflammation,random,0.005211498019460315,28.0
P5,tumour_immune_contact,random,,28.0
P5,frac_Tumour,random,-0.2965811965811966,29.0
P5,frac_Immune,random,-0.3162393162393162,29.0
P5,score_Estrogen_response,random,-0.22555263861682928,29.0
P5,score_Proliferation,random,-0.00040351057368916187,29.0
P5,score_T_cell_activity,random,0.007328222424148495,29.0
P5,score_Myeloid_inflammation,random,0.016311655140719628,29.0
P5,tumour_immune_contact,random,,29.0
P5,frac_Tumour,random,-0.2965811965811966,30.0
P5,frac_Immune,random,-0.3162393162393162,30.0
P5,score_Estrogen_response,random,-0.2227553813816811,30.0
P5,score_Proliferation,random,-0.00035237512042068887,30.0
P5,score_T_cell_activity,random,0.004298765639226321,30.0
P5,score_Myeloid_inflammation,random,0.002353478223753359,30.0
P5,tumour_immune_contact,random,,30.0
P5,frac_Tumour,random,-0.2965811965811966,31.0
P5,frac_Immune,random,-0.3162393162393162,31.0
P5,score_Estrogen_response,random,-0.1942702874410594,31.0
P5,score_Proliferation,random,-0.0009702645881174451,31.0
P5,score_T_cell_activity,random,0.0012139105282617775,31.0
P5,score_Myeloid_inflammation,random,-0.00014645519953230212,31.0
P5,tumour_immune_contact,random,,31.0
P5,frac_Tumour,random,-0.2965811965811966,32.0
P5,frac_Immune,random,-0.3162393162393162,32.0
P5,score_Estrogen_response,random,-0.22513927460753597,32.0
P5,score_Proliferation,random,0.004431059341399073,32.0
P5,score_T_cell_activity,random,0.0039021023130145173,32.0
P5,score_Myeloid_inflammation,random,0.004667332110097225,32.0
P5,tumour_immune_contact,random,,32.0
P5,frac_Tumour,random,-0.2965811965811966,33.0
P5,frac_Immune,random,-0.3162393162393162,33.0
P5,score_Estrogen_response,random,-0.19826092019420521,33.0
P5,score_Proliferation,random,0.00016848352458062555,33.0
P5,score_T_cell_activity,random,0.0052801119396829205,33.0
P5,score_Myeloid_inflammation,random,-0.001445443358903733,33.0
P5,tumour_immune_contact,random,,33.0
P5,frac_Tumour,random,-0.2965811965811966,34.0
P5,frac_Immune,random,-0.3162393162393162,34.0
P5,score_Estrogen_response,random,-0.2282412774988411,34.0
P5,score_Proliferation,random,0.0019481974270203588,34.0
P5,score_T_cell_activity,random,0.0030289319726476646,34.0
P5,score_Myeloid_inflammation,random,0.010195881758757862,34.0
P5,tumour_immune_contact,random,,34.0
P5,frac_Tumour,random,-0.2965811965811966,35.0
P5,frac_Immune,random,-0.3162393162393162,35.0
P5,score_Estrogen_response,random,-0.23096225275779786,35.0
P5,score_Proliferation,random,-0.003047354684870207,35.0
P5,score_T_cell_activity,random,0.0024865274297545784,35.0
P5,score_Myeloid_inflammation,random,0.0069321786888652545,35.0
P5,tumour_immune_contact,random,,35.0
P5,frac_Tumour,random,-0.2965811965811966,36.0
P5,frac_Immune,random,-0.3162393162393162,36.0
P5,score_Estrogen_response,random,-0.19936447402299723,36.0
P5,score_Proliferation,random,0.0006189004550554488,36.0
P5,score_T_cell_activity,random,0.0017187064541710746,36.0
P5,score_Myeloid_inflammation,random,-0.006293611627503378,36.0
P5,tumour_immune_contact,random,,36.0
P5,frac_Tumour,random,-0.2965811965811966,37.0
P5,frac_Immune,random,-0.3162393162393162,37.0
P5,score_Estrogen_response,random,-0.219903650840167,37.0
P5,score_Proliferation,random,0.0017600400727240308,37.0
P5,score_T_cell_activity,random,0.006481815211453669,37.0
P5,score_Myeloid_inflammation,random,0.008865875642087975,37.0
P5,tumour_immune_contact,random,,37.0
P5,frac_Tumour,random,-0.2965811965811966,38.0
P5,frac_Immune,random,-0.3162393162393162,38.0
P5,score_Estrogen_response,random,-0.20599151716317848,38.0
P5,score_Proliferation,random,-0.00018731040840098663,38.0
P5,score_T_cell_activity,random,0.002921297439958295,38.0
P5,score_Myeloid_inflammation,random,0.002829504555108016,38.0
P5,tumour_immune_contact,random,,38.0
P5,frac_Tumour,random,-0.2965811965811966,39.0
P5,frac_Immune,random,-0.3162393162393162,39.0
P5,score_Estrogen_response,random,-0.21476596225336114,39.0
P5,score_Proliferation,random,-0.0013491599113439612,39.0
P5,score_T_cell_activity,random,0.004676250819263294,39.0
P5,score_Myeloid_inflammation,random,-0.000343501255382346,39.0
P5,tumour_immune_contact,random,,39.0
P5,frac_Tumour,random,-0.2965811965811966,40.0
P5,frac_Immune,random,-0.3162393162393162,40.0
P5,score_Estrogen_response,random,-0.2331235274440699,40.0
P5,score_Proliferation,random,-0.0007833702879152041,40.0
P5,score_T_cell_activity,random,0.003748413466116641,40.0
P5,score_Myeloid_inflammation,random,0.007416129233831168,40.0
P5,tumour_immune_contact,random,,40.0
P5,frac_Tumour,random,-0.2965811965811966,41.0
P5,frac_Immune,random,-0.3162393162393162,41.0
P5,score_Estrogen_response,random,-0.22201838468309015,41.0
P5,score_Proliferation,random,0.003002310164154886,41.0
P5,score_T_cell_activity,random,0.0061280879715569,41.0
P5,score_Myeloid_inflammation,random,0.007244488851880326,41.0
P5,tumour_immune_contact,random,,41.0
P5,frac_Tumour,random,-0.2965811965811966,42.0
P5,frac_Immune,random,-0.3162393162393162,42.0
P5,score_Estrogen_response,random,-0.20409692153234138,42.0
P5,score_Proliferation,random,0.004468737195855135,42.0
P5,score_T_cell_activity,random,0.001404646304529957,42.0
P5,score_Myeloid_inflammation,random,0.006491676749279558,42.0
P5,tumour_immune_contact,random,,42.0
P5,frac_Tumour,random,-0.2965811965811966,43.0
P5,frac_Immune,random,-0.3162393162393162,43.0
P5,score_Estrogen_response,random,-0.21230262424065133,43.0
P5,score_Proliferation,random,0.0008119463717675983,43.0
P5,score_T_cell_activity,random,0.004605082004158586,43.0
P5,score_Myeloid_inflammation,random,0.006772622050723611,43.0
P5,tumour_immune_contact,random,,43.0
P5,frac_Tumour,random,-0.2965811965811966,44.0
P5,frac_Immune,random,-0.3162393162393162,44.0
P5,score_Estrogen_response,random,-0.23982016706010478,44.0
P5,score_Proliferation,random,0.0023898587571078195,44.0
P5,score_T_cell_activity,random,0.004175210958736235,44.0
P5,score_Myeloid_inflammation,random,0.010602225518004275,44.0
P5,tumour_immune_contact,random,,44.0
P5,frac_Tumour,random,-0.2965811965811966,45.0
P5,frac_Immune,random,-0.3162393162393162,45.0
P5,score_Estrogen_response,random,-0.21988241478286846,45.0
P5,score_Proliferation,random,6.532765622283519e-05,45.0
P5,score_T_cell_activity,random,0.0008426680471822412,45.0
P5,score_Myeloid_inflammation,random,0.0016848741369523581,45.0
P5,tumour_immune_contact,random,,45.0
P5,frac_Tumour,random,-0.2965811965811966,46.0
P5,frac_Immune,random,-0.3162393162393162,46.0
P5,score_Estrogen_response,random,-0.22434272043716402,46.0
P5,score_Proliferation,random,0.0010902678627958495,46.0
P5,score_T_cell_activity,random,0.00400691451815798,46.0
P5,score_Myeloid_inflammation,random,-0.0008372425895219927,46.0
P5,tumour_immune_contact,random,,46.0
P5,frac_Tumour,random,-0.2965811965811966,47.0
P5,frac_Immune,random,-0.3162393162393162,47.0
P5,score_Estrogen_response,random,-0.21859276912788678,47.0
P5,score_Proliferation,random,0.0005869287694187531,47.0
P5,score_T_cell_activity,random,0.0034805758050364313,47.0
P5,score_Myeloid_inflammation,random,0.005932315609443326,47.0
P5,tumour_immune_contact,random,,47.0
P5,frac_Tumour,random,-0.2965811965811966,48.0
P5,frac_Immune,random,-0.3162393162393162,48.0
P5,score_Estrogen_response,random,-0.23783365234789589,48.0
P5,score_Proliferation,random,-0.003933616622286567,48.0
P5,score_T_cell_activity,random,0.00320368015399346,48.0
P5,score_Myeloid_inflammation,random,0.0003440327878214333,48.0
P5,tumour_immune_contact,random,,48.0
P5,frac_Tumour,random,-0.2965811965811966,49.0
P5,frac_Immune,random,-0.3162393162393162,49.0
P5,score_Estrogen_response,random,-0.24970533698264746,49.0
P5,score_Proliferation,random,0.0022521512819540313,49.0
P5,score_T_cell_activity,random,0.0049246881965898034,49.0
P5,score_Myeloid_inflammation,random,0.014869074420906497,49.0
P5,tumour_immune_contact,random,,49.0
P5,frac_Tumour,random,-0.2965811965811966,50.0
P5,frac_Immune,random,-0.3162393162393162,50.0
P5,score_Estrogen_response,random,-0.21921116422347092,50.0
P5,score_Proliferation,random,-0.000822730917057883,50.0
P5,score_T_cell_activity,random,0.004212106892118427,50.0
P5,score_Myeloid_inflammation,random,0.008872379298224563,50.0
P5,tumour_immune_contact,random,,50.0
P5,frac_Tumour,random,-0.2965811965811966,51.0
P5,frac_Immune,random,-0.3162393162393162,51.0
P5,score_Estrogen_response,random,-0.20251981839289934,51.0
P5,score_Proliferation,random,-0.001327251255195117,51.0
P5,score_T_cell_activity,random,0.0013588788385065194,51.0
P5,score_Myeloid_inflammation,random,0.0017997033496099596,51.0
P5,tumour_immune_contact,random,,51.0
P5,frac_Tumour,random,-0.2965811965811966,52.0
P5,frac_Immune,random,-0.3162393162393162,52.0
P5,score_Estrogen_response,random,-0.20609205603548347,52.0
P5,score_Proliferation,random,-7.691941838085768e-05,52.0
P5,score_T_cell_activity,random,0.002571249023869506,52.0
P5,score_Myeloid_inflammation,random,0.007873112817873017,52.0
P5,tumour_immune_contact,random,,52.0
P5,frac_Tumour,random,-0.2965811965811966,53.0
P5,frac_Immune,random,-0.3162393162393162,53.0
P5,score_Estrogen_response,random,-0.21994175782455266,53.0
P5,score_Proliferation,random,0.0037186288148470617,53.0
P5,score_T_cell_activity,random,0.004790594659911262,53.0
P5,score_Myeloid_inflammation,random,0.0018749463656212184,53.0
P5,tumour_immune_contact,random,,53.0
P5,frac_Tumour,random,-0.2965811965811966,54.0
P5,frac_Immune,random,-0.3162393162393162,54.0
P5,score_Estrogen_response,random,-0.21825491799729868,54.0
P5,score_Proliferation,random,-0.0013735202255248376,54.0
P5,score_T_cell_activity,random,0.0048376776528833935,54.0
P5,score_Myeloid_inflammation,random,0.000770261367454012,54.0
P5,tumour_immune_contact,random,,54.0
P5,frac_Tumour,random,-0.2965811965811966,55.0
P5,frac_Immune,random,-0.3162393162393162,55.0
P5,score_Estrogen_response,random,-0.22010930871142248,55.0
P5,score_Proliferation,random,-0.005233283668780014,55.0
P5,score_T_cell_activity,random,0.004148150874203087,55.0
P5,score_Myeloid_inflammation,random,0.01218204185940442,55.0
P5,tumour_immune_contact,random,,55.0
P5,frac_Tumour,random,-0.2965811965811966,56.0
P5,frac_Immune,random,-0.3162393162393162,56.0
P5,score_Estrogen_response,random,-0.2377330887590426,56.0
P5,score_Proliferation,random,0.0027355996930169147,56.0
P5,score_T_cell_activity,random,0.005377468372613955,56.0
P5,score_Myeloid_inflammation,random,0.012479168673963682,56.0
P5,tumour_immune_contact,random,,56.0
P5,frac_Tumour,random,-0.2965811965811966,57.0
P5,frac_Immune,random,-0.3162393162393162,57.0
P5,score_Estrogen_response,random,-0.21485062943167715,57.0
P5,score_Proliferation,random,-0.0012848804072535334,57.0
P5,score_T_cell_activity,random,0.006674263337534716,57.0
P5,score_Myeloid_inflammation,random,0.0030590259192393157,57.0
P5,tumour_immune_contact,random,,57.0
P5,frac_Tumour,random,-0.2965811965811966,58.0
P5,frac_Immune,random,-0.3162393162393162,58.0
P5,score_Estrogen_response,random,-0.22061479521820193,58.0
P5,score_Proliferation,random,0.0019715081329297894,58.0
P5,score_T_cell_activity,random,0.0025297672775056635,58.0
P5,score_Myeloid_inflammation,random,0.002047467071447091,58.0
P5,tumour_immune_contact,random,,58.0
P5,frac_Tumour,random,-0.2965811965811966,59.0
P5,frac_Immune,random,-0.3162393162393162,59.0
P5,score_Estrogen_response,random,-0.21138820934938468,59.0
P5,score_Proliferation,random,-0.0014099155687031261,59.0
P5,score_T_cell_activity,random,0.0030965718537653954,59.0
P5,score_Myeloid_inflammation,random,0.001131186239206901,59.0
P5,tumour_immune_contact,random,,59.0
P5,frac_Tumour,random,-0.2965811965811966,60.0
P5,frac_Immune,random,-0.3162393162393162,60.0
P5,score_Estrogen_response,random,-0.19901676676724206,60.0
P5,score_Proliferation,random,0.0003520642318862407,60.0
P5,score_T_cell_activity,random,0.0018871141078465343,60.0
P5,score_Myeloid_inflammation,random,0.00048032595755257215,60.0
P5,tumour_immune_contact,random,,60.0
P5,frac_Tumour,random,-0.2965811965811966,61.0
P5,frac_Immune,random,-0.3162393162393162,61.0
P5,score_Estrogen_response,random,-0.22400423871872066,61.0
P5,score_Proliferation,random,-0.002111948636100855,61.0
P5,score_T_cell_activity,random,0.005071268240406983,61.0
P5,score_Myeloid_inflammation,random,-0.002662423136372212,61.0
P5,tumour_immune_contact,random,,61.0
P5,frac_Tumour,random,-0.2965811965811966,62.0
P5,frac_Immune,random,-0.3162393162393162,62.0
P5,score_Estrogen_response,random,-0.22296635734815035,62.0
P5,score_Proliferation,random,-0.00016043431940642892,62.0
P5,score_T_cell_activity,random,0.00025182238012297483,62.0
P5,score_Myeloid_inflammation,random,0.011484264835382563,62.0
P5,tumour_immune_contact,random,,62.0
P5,frac_Tumour,random,-0.2965811965811966,63.0
P5,frac_Immune,random,-0.3162393162393162,63.0
P5,score_Estrogen_response,random,-0.21400931606736162,63.0
P5,score_Proliferation,random,-0.001232782218772409,63.0
P5,score_T_cell_activity,random,0.002248567173623631,63.0
P5,score_Myeloid_inflammation,random,0.005957800406773942,63.0
P5,tumour_immune_contact,random,,63.0
P5,frac_Tumour,random,-0.2965811965811966,64.0
P5,frac_Immune,random,-0.3162393162393162,64.0
P5,score_Estrogen_response,random,-0.2226320736661444,64.0
P5,score_Proliferation,random,-0.0014479762280723472,64.0
P5,score_T_cell_activity,random,0.006241205507465916,64.0
P5,score_Myeloid_inflammation,random,-0.009437990675235639,64.0
P5,tumour_immune_contact,random,,64.0
P5,frac_Tumour,random,-0.2965811965811966,65.0
P5,frac_Immune,random,-0.3162393162393162,65.0
P5,score_Estrogen_response,random,-0.22645564528251028,65.0
P5,score_Proliferation,random,0.0013345163233456207,65.0
P5,score_T_cell_activity,random,0.0027441217347767277,65.0
P5,score_Myeloid_inflammation,random,-0.0007568718873723265,65.0
P5,tumour_immune_contact,random,,65.0
P5,frac_Tumour,random,-0.2965811965811966,66.0
P5,frac_Immune,random,-0.3162393162393162,66.0
P5,score_Estrogen_response,random,-0.24192357820894272,66.0
P5,score_Proliferation,random,-0.00011646446735930245,66.0
P5,score_T_cell_activity,random,0.00522521903501277,66.0
P5,score_Myeloid_inflammation,random,0.01315372956153369,66.0
P5,tumour_immune_contact,random,,66.0
P5,frac_Tumour,random,-0.2965811965811966,67.0
P5,frac_Immune,random,-0.3162393162393162,67.0
P5,score_Estrogen_response,random,-0.1986007334111774,67.0
P5,score_Proliferation,random,-0.0038383484780143955,67.0
P5,score_T_cell_activity,random,0.0011802287393146093,67.0
P5,score_Myeloid_inflammation,random,0.014069083252136388,67.0
P5,tumour_immune_contact,random,,67.0
P5,frac_Tumour,random,-0.2965811965811966,68.0
P5,frac_Immune,random,-0.3162393162393162,68.0
P5,score_Estrogen_response,random,-0.1996674512185212,68.0
P5,score_Proliferation,random,0.000270460525878413,68.0
P5,score_T_cell_activity,random,0.004568216900336437,68.0
P5,score_Myeloid_inflammation,random,0.0033429060883776833,68.0
P5,tumour_immune_contact,random,,68.0
P5,frac_Tumour,random,-0.2965811965811966,69.0
P5,frac_Immune,random,-0.3162393162393162,69.0
P5,score_Estrogen_response,random,-0.2187001887786374,69.0
P5,score_Proliferation,random,0.00019135902768669527,69.0
P5,score_T_cell_activity,random,0.0019451384676827327,69.0
P5,score_Myeloid_inflammation,random,0.008312266274784132,69.0
P5,tumour_immune_contact,random,,69.0
P5,frac_Tumour,random,-0.2965811965811966,70.0
P5,frac_Immune,random,-0.3162393162393162,70.0
P5,score_Estrogen_response,random,-0.2279977140601407,70.0
P5,score_Proliferation,random,-0.0020967613814096685,70.0
P5,score_T_cell_activity,random,0.009295511465874155,70.0
P5,score_Myeloid_inflammation,random,0.00865466999561345,70.0
P5,tumour_immune_contact,random,,70.0
P5,frac_Tumour,random,-0.2965811965811966,71.0
P5,frac_Immune,random,-0.3162393162393162,71.0
P5,score_Estrogen_response,random,-0.22118110509594197,71.0
P5,score_Proliferation,random,-0.0023380176861319806,71.0
P5,score_T_cell_activity,random,0.002791535799048225,71.0
P5,score_Myeloid_inflammation,random,-0.004987054472585924,71.0
P5,tumour_immune_contact,random,,71.0
P5,frac_Tumour,random,-0.2965811965811966,72.0
P5,frac_Immune,random,-0.3162393162393162,72.0
P5,score_Estrogen_response,random,-0.23478267356596544,72.0
P5,score_Proliferation,random,-0.0015534987069017571,72.0
P5,score_T_cell_activity,random,0.0018198035368552571,72.0
P5,score_Myeloid_inflammation,random,0.007070772946342647,72.0
P5,tumour_immune_contact,random,,72.0
P5,frac_Tumour,random,-0.2965811965811966,73.0
P5,frac_Immune,random,-0.3162393162393162,73.0
P5,score_Estrogen_response,random,-0.21133311994742754,73.0
P5,score_Proliferation,random,-0.003516656386571151,73.0
P5,score_T_cell_activity,random,0.0030335448166583672,73.0
P5,score_Myeloid_inflammation,random,0.0060160323582782935,73.0
P5,tumour_immune_contact,random,,73.0
P5,frac_Tumour,random,-0.2965811965811966,74.0
P5,frac_Immune,random,-0.3162393162393162,74.0
P5,score_Estrogen_response,random,-0.22360465974388766,74.0
P5,score_Proliferation,random,-0.0025292302340036883,74.0
P5,score_T_cell_activity,random,0.005881610593089351,74.0
P5,score_Myeloid_inflammation,random,0.0032226027670951294,74.0
P5,tumour_immune_contact,random,,74.0
P5,frac_Tumour,random,-0.2965811965811966,75.0
P5,frac_Immune,random,-0.3162393162393162,75.0
P5,score_Estrogen_response,random,-0.2141366849390854,75.0
P5,score_Proliferation,random,0.0010026164605967535,75.0
P5,score_T_cell_activity,random,0.0009971564819330498,75.0
P5,score_Myeloid_inflammation,random,0.0076189325453557355,75.0
P5,tumour_immune_contact,random,,75.0
P5,frac_Tumour,random,-0.2965811965811966,76.0
P5,frac_Immune,random,-0.3162393162393162,76.0
P5,score_Estrogen_response,random,-0.21345381169104516,76.0
P5,score_Proliferation,random,-0.002681806516218509,76.0
P5,score_T_cell_activity,random,0.0058007363858046355,76.0
P5,score_Myeloid_inflammation,random,0.013513610653340509,76.0
P5,tumour_immune_contact,random,,76.0
P5,frac_Tumour,random,-0.2965811965811966,77.0
P5,frac_Immune,random,-0.3162393162393162,77.0
P5,score_Estrogen_response,random,-0.22975166495618538,77.0
P5,score_Proliferation,random,-0.004557409998587633,77.0
P5,score_T_cell_activity,random,0.0015890490004140088,77.0
P5,score_Myeloid_inflammation,random,0.0027114620720130717,77.0
P5,tumour_immune_contact,random,,77.0
P5,frac_Tumour,random,-0.2965811965811966,78.0
P5,frac_Immune,random,-0.3162393162393162,78.0
P5,score_Estrogen_response,random,-0.22041524482827834,78.0
P5,score_Proliferation,random,-0.002684389582206682,78.0
P5,score_T_cell_activity,random,0.0038722234665498436,78.0
P5,score_Myeloid_inflammation,random,0.0006140123638243705,78.0
P5,tumour_immune_contact,random,,78.0
P5,frac_Tumour,random,-0.2965811965811966,79.0
P5,frac_Immune,random,-0.3162393162393162,79.0
P5,score_Estrogen_response,random,-0.2123045756496299,79.0
P5,score_Proliferation,random,-0.0008274402746607404,79.0
P5,score_T_cell_activity,random,0.0004325274260974679,79.0
P5,score_Myeloid_inflammation,random,-0.0016717921686105947,79.0
P5,tumour_immune_contact,random,,79.0
P5,frac_Tumour,random,-0.2965811965811966,80.0
P5,frac_Immune,random,-0.3162393162393162,80.0
P5,score_Estrogen_response,random,-0.21133949231589177,80.0
P5,score_Proliferation,random,-0.0007607886591544598,80.0
P5,score_T_cell_activity,random,0.004674491415743815,80.0
P5,score_Myeloid_inflammation,random,-0.004320803691663673,80.0
P5,tumour_immune_contact,random,,80.0
P5,frac_Tumour,random,-0.2965811965811966,81.0
P5,frac_Immune,random,-0.3162393162393162,81.0
P5,score_Estrogen_response,random,-0.22125727011302598,81.0
P5,score_Proliferation,random,0.002681795514767869,81.0
P5,score_T_cell_activity,random,0.004358750024819986,81.0
P5,score_Myeloid_inflammation,random,0.0008346480656610056,81.0
P5,tumour_immune_contact,random,,81.0
P5,frac_Tumour,random,-0.2965811965811966,82.0
P5,frac_Immune,random,-0.3162393162393162,82.0
P5,score_Estrogen_response,random,-0.20812252324404584,82.0
P5,score_Proliferation,random,-0.0005207725614089381,82.0
P5,score_T_cell_activity,random,0.0048203272538986635,82.0
P5,score_Myeloid_inflammation,random,0.010711597892876953,82.0
P5,tumour_immune_contact,random,,82.0
P5,frac_Tumour,random,-0.2965811965811966,83.0
P5,frac_Immune,random,-0.3162393162393162,83.0
P5,score_Estrogen_response,random,-0.2065860167355521,83.0
P5,score_Proliferation,random,0.0018591494697647658,83.0
P5,score_T_cell_activity,random,0.004311637641018272,83.0
P5,score_Myeloid_inflammation,random,0.0026761554811957204,83.0
P5,tumour_immune_contact,random,,83.0
P5,frac_Tumour,random,-0.2965811965811966,84.0
P5,frac_Immune,random,-0.3162393162393162,84.0
P5,score_Estrogen_response,random,-0.19819202343747006,84.0
P5,score_Proliferation,random,0.00040535761471761564,84.0
P5,score_T_cell_activity,random,0.004625666500903942,84.0
P5,score_Myeloid_inflammation,random,-0.0016841283497590494,84.0
P5,tumour_immune_contact,random,,84.0
P5,frac_Tumour,random,-0.2965811965811966,85.0
P5,frac_Immune,random,-0.3162393162393162,85.0
P5,score_Estrogen_response,random,-0.21282931783428122,85.0
P5,score_Proliferation,random,0.0041468029903366285,85.0
P5,score_T_cell_activity,random,0.00611806973860814,85.0
P5,score_Myeloid_inflammation,random,0.014958867109157479,85.0
P5,tumour_immune_contact,random,,85.0
P5,frac_Tumour,random,-0.2965811965811966,86.0
P5,frac_Immune,random,-0.3162393162393162,86.0
P5,score_Estrogen_response,random,-0.22086491763247446,86.0
P5,score_Proliferation,random,0.00587073216550657,86.0
P5,score_T_cell_activity,random,0.0029492207790711667,86.0
P5,score_Myeloid_inflammation,random,0.003743870156637922,86.0
P5,tumour_immune_contact,random,,86.0
P5,frac_Tumour,random,-0.2965811965811966,87.0
P5,frac_Immune,random,-0.3162393162393162,87.0
P5,score_Estrogen_response,random,-0.22407262883187923,87.0
P5,score_Proliferation,random,0.002066094248501798,87.0
P5,score_T_cell_activity,random,0.0039480004877786015,87.0
P5,score_Myeloid_inflammation,random,0.0028072637668419198,87.0
P5,tumour_immune_contact,random,,87.0
P5,frac_Tumour,random,-0.2965811965811966,88.0
P5,frac_Immune,random,-0.3162393162393162,88.0
P5,score_Estrogen_response,random,-0.22740856101966744,88.0
P5,score_Proliferation,random,0.003997628985765448,88.0
P5,score_T_cell_activity,random,0.0005993441132059124,88.0
P5,score_Myeloid_inflammation,random,0.005542107220729346,88.0
P5,tumour_immune_contact,random,,88.0
P5,frac_Tumour,random,-0.2965811965811966,89.0
P5,frac_Immune,random,-0.3162393162393162,89.0
P5,score_Estrogen_response,random,-0.23935826963254608,89.0
P5,score_Proliferation,random,-0.0004903982595881339,89.0
P5,score_T_cell_activity,random,0.005390397244165426,89.0
P5,score_Myeloid_inflammation,random,-0.004752451613999443,89.0
P5,tumour_immune_contact,random,,89.0
P5,frac_Tumour,random,-0.2965811965811966,90.0
P5,frac_Immune,random,-0.3162393162393162,90.0
P5,score_Estrogen_response,random,-0.22348261629898197,90.0
P5,score_Proliferation,random,-0.0035995165449057417,90.0
P5,score_T_cell_activity,random,0.0024115968480748675,90.0
P5,score_Myeloid_inflammation,random,0.014483743833244606,90.0
P5,tumour_immune_contact,random,,90.0
P5,frac_Tumour,random,-0.2965811965811966,91.0
P5,frac_Immune,random,-0.3162393162393162,91.0
P5,score_Estrogen_response,random,-0.2252043978834395,91.0
P5,score_Proliferation,random,-0.000722427845091243,91.0
P5,score_T_cell_activity,random,-0.001231590571158971,91.0
P5,score_Myeloid_inflammation,random,0.0020518181700514924,91.0
P5,tumour_immune_contact,random,,91.0
P5,frac_Tumour,random,-0.2965811965811966,92.0
P5,frac_Immune,random,-0.3162393162393162,92.0
P5,score_Estrogen_response,random,-0.2211881764617305,92.0
P5,score_Proliferation,random,7.020705902534893e-05,92.0
P5,score_T_cell_activity,random,0.005595665018307177,92.0
P5,score_Myeloid_inflammation,random,0.009801939178008843,92.0
P5,tumour_immune_contact,random,,92.0
P5,frac_Tumour,random,-0.2965811965811966,93.0
P5,frac_Immune,random,-0.3162393162393162,93.0
P5,score_Estrogen_response,random,-0.1998790616233524,93.0
P5,score_Proliferation,random,0.0002904261228815874,93.0
P5,score_T_cell_activity,random,0.004458630679747317,93.0
P5,score_Myeloid_inflammation,random,5.988878596431286e-05,93.0
P5,tumour_immune_contact,random,,93.0
P5,frac_Tumour,random,-0.2965811965811966,94.0
P5,frac_Immune,random,-0.3162393162393162,94.0
P5,score_Estrogen_response,random,-0.21495616707216908,94.0
P5,score_Proliferation,random,-0.0020107800080414262,94.0
P5,score_T_cell_activity,random,0.0025555276258718593,94.0
P5,score_Myeloid_inflammation,random,0.004922040002930059,94.0
P5,tumour_immune_contact,random,,94.0
P5,frac_Tumour,random,-0.2965811965811966,95.0
P5,frac_Immune,random,-0.3162393162393162,95.0
P5,score_Estrogen_response,random,-0.22256434992084395,95.0
P5,score_Proliferation,random,-0.004081157470434436,95.0
P5,score_T_cell_activity,random,0.004451841253908273,95.0
P5,score_Myeloid_inflammation,random,0.015472375695474327,95.0
P5,tumour_immune_contact,random,,95.0
P5,frac_Tumour,random,-0.2965811965811966,96.0
P5,frac_Immune,random,-0.3162393162393162,96.0
P5,score_Estrogen_response,random,-0.23616322581503996,96.0
P5,score_Proliferation,random,2.9326971370330617e-05,96.0
P5,score_T_cell_activity,random,0.004679380647273484,96.0
P5,score_Myeloid_inflammation,random,0.013673895817537408,96.0
P5,tumour_immune_contact,random,,96.0
P5,frac_Tumour,random,-0.2965811965811966,97.0
P5,frac_Immune,random,-0.3162393162393162,97.0
P5,score_Estrogen_response,random,-0.19479982020055409,97.0
P5,score_Proliferation,random,-0.002374689214069918,97.0
P5,score_T_cell_activity,random,0.007029657082883721,97.0
P5,score_Myeloid_inflammation,random,0.006027006498138895,97.0
P5,tumour_immune_contact,random,,97.0
P5,frac_Tumour,random,-0.2965811965811966,98.0
P5,frac_Immune,random,-0.3162393162393162,98.0
P5,score_Estrogen_response,random,-0.22623056492402582,98.0
P5,score_Proliferation,random,-0.00010952358401669204,98.0
P5,score_T_cell_activity,random,0.003235508910950771,98.0
P5,score_Myeloid_inflammation,random,0.010641513444274879,98.0
P5,tumour_immune_contact,random,,98.0
P5,frac_Tumour,random,-0.2965811965811966,99.0
P5,frac_Immune,random,-0.3162393162393162,99.0
P5,score_Estrogen_response,random,-0.1957436208556168,99.0
P5,score_Proliferation,random,-0.004505700426641325,99.0
P5,score_T_cell_activity,random,0.004804078104828837,99.0
P5,score_Myeloid_inflammation,random,-8.187045360042388e-05,99.0
P5,tumour_immune_contact,random,,99.0
P5,frac_Tumour,random,-0.2965811965811966,100.0
P5,frac_Immune,random,-0.3162393162393162,100.0
P5,score_Estrogen_response,random,-0.23331283427108335,100.0
P5,score_Proliferation,random,-0.0023960863384638936,100.0
P5,score_T_cell_activity,random,0.0034989153436106495,100.0
P5,score_Myeloid_inflammation,random,0.008207251527419902,100.0
P5,tumour_immune_contact,random,,100.0
P5,frac_Tumour,random,-0.2965811965811966,101.0
P5,frac_Immune,random,-0.3162393162393162,101.0
P5,score_Estrogen_response,random,-0.2153590699075828,101.0
P5,score_Proliferation,random,-0.005006097960622689,101.0
P5,score_T_cell_activity,random,0.008754724378191848,101.0
P5,score_Myeloid_inflammation,random,0.002210831149303538,101.0
P5,tumour_immune_contact,random,,101.0
P5,frac_Tumour,random,-0.2965811965811966,102.0
P5,frac_Immune,random,-0.3162393162393162,102.0
P5,score_Estrogen_response,random,-0.2063602897987043,102.0
P5,score_Proliferation,random,0.0022166786646288907,102.0
P5,score_T_cell_activity,random,0.0026626352867169935,102.0
P5,score_Myeloid_inflammation,random,-0.003829141250410791,102.0
P5,tumour_immune_contact,random,,102.0
P5,frac_Tumour,random,-0.2965811965811966,103.0
P5,frac_Immune,random,-0.3162393162393162,103.0
P5,score_Estrogen_response,random,-0.228505460991409,103.0
P5,score_Proliferation,random,0.0018229844971165996,103.0
P5,score_T_cell_activity,random,0.0011943556977812725,103.0
P5,score_Myeloid_inflammation,random,0.00882271500976857,103.0
P5,tumour_immune_contact,random,,103.0
P5,frac_Tumour,random,-0.2965811965811966,104.0
P5,frac_Immune,random,-0.3162393162393162,104.0
P5,score_Estrogen_response,random,-0.21570503114673506,104.0
P5,score_Proliferation,random,-0.002343130525729033,104.0
P5,score_T_cell_activity,random,0.005180819947291643,104.0
P5,score_Myeloid_inflammation,random,0.01037100369308347,104.0
P5,tumour_immune_contact,random,,104.0
P5,frac_Tumour,random,-0.2965811965811966,105.0
P5,frac_Immune,random,-0.3162393162393162,105.0
P5,score_Estrogen_response,random,-0.21662904250952292,105.0
P5,score_Proliferation,random,0.001992053724986756,105.0
P5,score_T_cell_activity,random,0.004257303057369004,105.0
P5,score_Myeloid_inflammation,random,0.005081689420152845,105.0
P5,tumour_immune_contact,random,,105.0
P5,frac_Tumour,random,-0.2965811965811966,106.0
P5,frac_Immune,random,-0.3162393162393162,106.0
P5,score_Estrogen_response,random,-0.2327215438101733,106.0
P5,score_Proliferation,random,0.0011940662719045144,106.0
P5,score_T_cell_activity,random,0.0036565188897640963,106.0
P5,score_Myeloid_inflammation,random,0.014499614050003936,106.0
P5,tumour_immune_contact,random,,106.0
P5,frac_Tumour,random,-0.2965811965811966,107.0
P5,frac_Immune,random,-0.3162393162393162,107.0
P5,score_Estrogen_response,random,-0.22431173833903484,107.0
P5,score_Proliferation,random,-0.0022103006769821658,107.0
P5,score_T_cell_activity,random,0.005489249889735143,107.0
P5,score_Myeloid_inflammation,random,-0.00231542789426541,107.0
P5,tumour_immune_contact,random,,107.0
P5,frac_Tumour,random,-0.2965811965811966,108.0
P5,frac_Immune,random,-0.3162393162393162,108.0
P5,score_Estrogen_response,random,-0.2032651767452619,108.0
P5,score_Proliferation,random,-0.0004824800014463131,108.0
P5,score_T_cell_activity,random,0.00525305807250857,108.0
P5,score_Myeloid_inflammation,random,0.004128603028436826,108.0
P5,tumour_immune_contact,random,,108.0
P5,frac_Tumour,random,-0.2965811965811966,109.0
P5,frac_Immune,random,-0.3162393162393162,109.0
P5,score_Estrogen_response,random,-0.20631820558917957,109.0
P5,score_Proliferation,random,0.003605112451707952,109.0
P5,score_T_cell_activity,random,0.00462957130836965,109.0
P5,score_Myeloid_inflammation,random,0.007739216753949232,109.0
P5,tumour_immune_contact,random,,109.0
P5,frac_Tumour,random,-0.2965811965811966,110.0
P5,frac_Immune,random,-0.3162393162393162,110.0
P5,score_Estrogen_response,random,-0.2086981030621643,110.0
P5,score_Proliferation,random,-0.0021402001033477298,110.0
P5,score_T_cell_activity,random,-0.0003024770143704538,110.0
P5,score_Myeloid_inflammation,random,0.005679121695935807,110.0
P5,tumour_immune_contact,random,,110.0
P5,frac_Tumour,random,-0.2965811965811966,111.0
P5,frac_Immune,random,-0.3162393162393162,111.0
P5,score_Estrogen_response,random,-0.1949199808311028,111.0
P5,score_Proliferation,random,-0.0020264800826172444,111.0
P5,score_T_cell_activity,random,0.006326693263488618,111.0
P5,score_Myeloid_inflammation,random,0.003446043089245272,111.0
P5,tumour_immune_contact,random,,111.0
P5,frac_Tumour,random,-0.2965811965811966,112.0
P5,frac_Immune,random,-0.3162393162393162,112.0
P5,score_Estrogen_response,random,-0.20707003653089145,112.0
P5,score_Proliferation,random,-0.00322528914205447,112.0
P5,score_T_cell_activity,random,0.001409264317265263,112.0
P5,score_Myeloid_inflammation,random,0.0013618889571117851,112.0
P5,tumour_immune_contact,random,,112.0
P5,frac_Tumour,random,-0.2965811965811966,113.0
P5,frac_Immune,random,-0.3162393162393162,113.0
P5,score_Estrogen_response,random,-0.21069398406817014,113.0
P5,score_Proliferation,random,0.0027551130319776744,113.0
P5,score_T_cell_activity,random,0.004900739586047637,113.0
P5,score_Myeloid_inflammation,random,0.005619191623967266,113.0
P5,tumour_immune_contact,random,,113.0
P5,frac_Tumour,random,-0.2965811965811966,114.0
P5,frac_Immune,random,-0.3162393162393162,114.0
P5,score_Estrogen_response,random,-0.21003294544151507,114.0
P5,score_Proliferation,random,0.0014766773367232526,114.0
P5,score_T_cell_activity,random,0.005167472448240319,114.0
P5,score_Myeloid_inflammation,random,0.008831855316690822,114.0
P5,tumour_immune_contact,random,,114.0
P5,frac_Tumour,random,-0.2965811965811966,115.0
P5,frac_Immune,random,-0.3162393162393162,115.0
P5,score_Estrogen_response,random,-0.2127918523248849,115.0
P5,score_Proliferation,random,0.0025878630776862465,115.0
P5,score_T_cell_activity,random,0.005044428719754232,115.0
P5,score_Myeloid_inflammation,random,-0.0029587758518974548,115.0
P5,tumour_immune_contact,random,,115.0
P5,frac_Tumour,random,-0.2965811965811966,116.0
P5,frac_Immune,random,-0.3162393162393162,116.0
P5,score_Estrogen_response,random,-0.21870697997334754,116.0
P5,score_Proliferation,random,0.0013413160187869164,116.0
P5,score_T_cell_activity,random,0.003586932697119536,116.0
P5,score_Myeloid_inflammation,random,0.002228621045118489,116.0
P5,tumour_immune_contact,random,,116.0
P5,frac_Tumour,random,-0.2965811965811966,117.0
P5,frac_Immune,random,-0.3162393162393162,117.0
P5,score_Estrogen_response,random,-0.19838043282283452,117.0
P5,score_Proliferation,random,-0.0035922366594043145,117.0
P5,score_T_cell_activity,random,0.0060803143339619005,117.0
P5,score_Myeloid_inflammation,random,0.0026968808691345937,117.0
P5,tumour_immune_contact,random,,117.0
P5,frac_Tumour,random,-0.2965811965811966,118.0
P5,frac_Immune,random,-0.3162393162393162,118.0
P5,score_Estrogen_response,random,-0.22559862061319325,118.0
P5,score_Proliferation,random,0.0011554468487079384,118.0
P5,score_T_cell_activity,random,0.003949805373004359,118.0
P5,score_Myeloid_inflammation,random,0.012123706074231477,118.0
P5,tumour_immune_contact,random,,118.0
P5,frac_Tumour,random,-0.2965811965811966,119.0
P5,frac_Immune,random,-0.3162393162393162,119.0
P5,score_Estrogen_response,random,-0.21718939217872207,119.0
P5,score_Proliferation,random,0.0033178356000300334,119.0
P5,score_T_cell_activity,random,0.0009092550103141377,119.0
P5,score_Myeloid_inflammation,random,0.002449012823303646,119.0
P5,tumour_immune_contact,random,,119.0
P5,frac_Tumour,random,-0.2965811965811966,120.0
P5,frac_Immune,random,-0.3162393162393162,120.0
P5,score_Estrogen_response,random,-0.20869174682225666,120.0
P5,score_Proliferation,random,-0.0013893050826083208,120.0
P5,score_T_cell_activity,random,0.0042327033921184705,120.0
P5,score_Myeloid_inflammation,random,0.009737972259037136,120.0
P5,tumour_immune_contact,random,,120.0
P5,frac_Tumour,random,-0.2965811965811966,121.0
P5,frac_Immune,random,-0.3162393162393162,121.0
P5,score_Estrogen_response,random,-0.22159673913512667,121.0
P5,score_Proliferation,random,0.004089827012181817,121.0
P5,score_T_cell_activity,random,0.002511030854730525,121.0
P5,score_Myeloid_inflammation,random,0.0017776161547262796,121.0
P5,tumour_immune_contact,random,,121.0
P5,frac_Tumour,random,-0.2965811965811966,122.0
P5,frac_Immune,random,-0.3162393162393162,122.0
P5,score_Estrogen_response,random,-0.21463602929186099,122.0
P5,score_Proliferation,random,0.000901927150409211,122.0
P5,score_T_cell_activity,random,0.004298712789367066,122.0
P5,score_Myeloid_inflammation,random,0.009085974997993653,122.0
P5,tumour_immune_contact,random,,122.0
P5,frac_Tumour,random,-0.2965811965811966,123.0
P5,frac_Immune,random,-0.3162393162393162,123.0
P5,score_Estrogen_response,random,-0.2272699409617041,123.0
P5,score_Proliferation,random,0.0016301464115280697,123.0
P5,score_T_cell_activity,random,0.002786913518892055,123.0
P5,score_Myeloid_inflammation,random,0.00581385679792364,123.0
P5,tumour_immune_contact,random,,123.0
P5,frac_Tumour,random,-0.2965811965811966,124.0
P5,frac_Immune,random,-0.3162393162393162,124.0
P5,score_Estrogen_response,random,-0.21219979996625243,124.0
P5,score_Proliferation,random,0.0019446207539770824,124.0
P5,score_T_cell_activity,random,0.004937081341118555,124.0
P5,score_Myeloid_inflammation,random,0.0071364415146064,124.0
P5,tumour_immune_contact,random,,124.0
P5,frac_Tumour,random,-0.2965811965811966,125.0
P5,frac_Immune,random,-0.3162393162393162,125.0
P5,score_Estrogen_response,random,-0.2162292788411873,125.0
P5,score_Proliferation,random,0.0013981476470255694,125.0
P5,score_T_cell_activity,random,0.001766770877661528,125.0
P5,score_Myeloid_inflammation,random,0.007346655116510971,125.0
P5,tumour_immune_contact,random,,125.0
P5,frac_Tumour,random,-0.2965811965811966,126.0
P5,frac_Immune,random,-0.3162393162393162,126.0
P5,score_Estrogen_response,random,-0.21759085983077625,126.0
P5,score_Proliferation,random,-0.004092424162764123,126.0
P5,score_T_cell_activity,random,0.002785035775122139,126.0
P5,score_Myeloid_inflammation,random,0.004057218892525655,126.0
P5,tumour_immune_contact,random,,126.0
P5,frac_Tumour,random,-0.2965811965811966,127.0
P5,frac_Immune,random,-0.3162393162393162,127.0
P5,score_Estrogen_response,random,-0.20765314186683798,127.0
P5,score_Proliferation,random,0.002337692695481889,127.0
P5,score_T_cell_activity,random,0.004332094109839523,127.0
P5,score_Myeloid_inflammation,random,0.004789267701059381,127.0
P5,tumour_immune_contact,random,,127.0
P5,frac_Tumour,random,-0.2965811965811966,128.0
P5,frac_Immune,random,-0.3162393162393162,128.0
P5,score_Estrogen_response,random,-0.20792270471219704,128.0
P5,score_Proliferation,random,-0.0019784539024824887,128.0
P5,score_T_cell_activity,random,-0.0003837169693406157,128.0
P5,score_Myeloid_inflammation,random,0.001011595441114975,128.0
P5,tumour_immune_contact,random,,128.0
P5,frac_Tumour,random,-0.2965811965811966,129.0
P5,frac_Immune,random,-0.3162393162393162,129.0
P5,score_Estrogen_response,random,-0.20473038886210426,129.0
P5,score_Proliferation,random,0.002052139759055535,129.0
P5,score_T_cell_activity,random,0.003064375524914842,129.0
P5,score_Myeloid_inflammation,random,0.0005467527346450509,129.0
P5,tumour_immune_contact,random,,129.0
P5,frac_Tumour,random,-0.2965811965811966,130.0
P5,frac_Immune,random,-0.3162393162393162,130.0
P5,score_Estrogen_response,random,-0.24416071223810976,130.0
P5,score_Proliferation,random,-0.0028072547881049133,130.0
P5,score_T_cell_activity,random,0.002115688742259968,130.0
P5,score_Myeloid_inflammation,random,0.005521436287807416,130.0
P5,tumour_immune_contact,random,,130.0
P5,frac_Tumour,random,-0.2965811965811966,131.0
P5,frac_Immune,random,-0.3162393162393162,131.0
P5,score_Estrogen_response,random,-0.2248598286259273,131.0
P5,score_Proliferation,random,-0.0030076853956125587,131.0
P5,score_T_cell_activity,random,0.004476892320043341,131.0
P5,score_Myeloid_inflammation,random,0.010917728966215793,131.0
P5,tumour_immune_contact,random,,131.0
P5,frac_Tumour,random,-0.2965811965811966,132.0
P5,frac_Immune,random,-0.3162393162393162,132.0
P5,score_Estrogen_response,random,-0.20205443130385364,132.0
P5,score_Proliferation,random,-1.6976430446962072e-05,132.0
P5,score_T_cell_activity,random,0.004200769858482557,132.0
P5,score_Myeloid_inflammation,random,0.00454418003389382,132.0
P5,tumour_immune_contact,random,,132.0
P5,frac_Tumour,random,-0.2965811965811966,133.0
P5,frac_Immune,random,-0.3162393162393162,133.0
P5,score_Estrogen_response,random,-0.22993529838658694,133.0
P5,score_Proliferation,random,-0.0007285340990149619,133.0
P5,score_T_cell_activity,random,0.002558145646627812,133.0
P5,score_Myeloid_inflammation,random,0.01632658780868126,133.0
P5,tumour_immune_contact,random,,133.0
P5,frac_Tumour,random,-0.2965811965811966,134.0
P5,frac_Immune,random,-0.3162393162393162,134.0
P5,score_Estrogen_response,random,-0.2245653865556943,134.0
P5,score_Proliferation,random,-0.0017074761393754967,134.0
P5,score_T_cell_activity,random,0.003057888495412647,134.0
P5,score_Myeloid_inflammation,random,0.006856309850962955,134.0
P5,tumour_immune_contact,random,,134.0
P5,frac_Tumour,random,-0.2965811965811966,135.0
P5,frac_Immune,random,-0.3162393162393162,135.0
P5,score_Estrogen_response,random,-0.20353637611508107,135.0
P5,score_Proliferation,random,-0.002339418688775648,135.0
P5,score_T_cell_activity,random,0.004413099117088861,135.0
P5,score_Myeloid_inflammation,random,-0.00041888737008892864,135.0
P5,tumour_immune_contact,random,,135.0
P5,frac_Tumour,random,-0.2965811965811966,136.0
P5,frac_Immune,random,-0.3162393162393162,136.0
P5,score_Estrogen_response,random,-0.21483195894812712,136.0
P5,score_Proliferation,random,-0.0007701100708465852,136.0
P5,score_T_cell_activity,random,0.0035077794947855163,136.0
P5,score_Myeloid_inflammation,random,0.007566928008343914,136.0
P5,tumour_immune_contact,random,,136.0
P5,frac_Tumour,random,-0.2965811965811966,137.0
P5,frac_Immune,random,-0.3162393162393162,137.0
P5,score_Estrogen_response,random,-0.19882684049448424,137.0
P5,score_Proliferation,random,-0.002918329352846895,137.0
P5,score_T_cell_activity,random,0.0047534499186735885,137.0
P5,score_Myeloid_inflammation,random,0.010294245252874024,137.0
P5,tumour_immune_contact,random,,137.0
P5,frac_Tumour,random,-0.2965811965811966,138.0
P5,frac_Immune,random,-0.3162393162393162,138.0
P5,score_Estrogen_response,random,-0.24119603406358703,138.0
P5,score_Proliferation,random,0.00028483944784104165,138.0
P5,score_T_cell_activity,random,0.004327542595238427,138.0
P5,score_Myeloid_inflammation,random,0.0028050542570595225,138.0
P5,tumour_immune_contact,random,,138.0
P5,frac_Tumour,random,-0.2965811965811966,139.0
P5,frac_Immune,random,-0.3162393162393162,139.0
P5,score_Estrogen_response,random,-0.2504588952959185,139.0
P5,score_Proliferation,random,-0.0015147582464621117,139.0
P5,score_T_cell_activity,random,0.0027185418255988012,139.0
P5,score_Myeloid_inflammation,random,0.021883428899748772,139.0
P5,tumour_immune_contact,random,,139.0
P5,frac_Tumour,random,-0.2965811965811966,140.0
P5,frac_Immune,random,-0.3162393162393162,140.0
P5,score_Estrogen_response,random,-0.22064382174516495,140.0
P5,score_Proliferation,random,-0.0018468638988862552,140.0
P5,score_T_cell_activity,random,0.0015831491514488505,140.0
P5,score_Myeloid_inflammation,random,0.012374759245657133,140.0
P5,tumour_immune_contact,random,,140.0
P5,frac_Tumour,random,-0.2965811965811966,141.0
P5,frac_Immune,random,-0.3162393162393162,141.0
P5,score_Estrogen_response,random,-0.21965396568163126,141.0
P5,score_Proliferation,random,-0.001258955814457618,141.0
P5,score_T_cell_activity,random,0.0038451712068329506,141.0
P5,score_Myeloid_inflammation,random,0.001666593562795771,141.0
P5,tumour_immune_contact,random,,141.0
P5,frac_Tumour,random,-0.2965811965811966,142.0
P5,frac_Immune,random,-0.3162393162393162,142.0
P5,score_Estrogen_response,random,-0.19323304268741698,142.0
P5,score_Proliferation,random,0.004380474878986877,142.0
P5,score_T_cell_activity,random,0.0039125720948575225,142.0
P5,score_Myeloid_inflammation,random,0.0037628465183011765,142.0
P5,tumour_immune_contact,random,,142.0
P5,frac_Tumour,random,-0.2965811965811966,143.0
P5,frac_Immune,random,-0.3162393162393162,143.0
P5,score_Estrogen_response,random,-0.189175904221778,143.0
P5,score_Proliferation,random,0.00019471253173725112,143.0
P5,score_T_cell_activity,random,0.003650066336267694,143.0
P5,score_Myeloid_inflammation,random,0.0066639263000155035,143.0
P5,tumour_immune_contact,random,,143.0
P5,frac_Tumour,random,-0.2965811965811966,144.0
P5,frac_Immune,random,-0.3162393162393162,144.0
P5,score_Estrogen_response,random,-0.2153166585962899,144.0
P5,score_Proliferation,random,0.002900596202289358,144.0
P5,score_T_cell_activity,random,0.0008076994328756956,144.0
P5,score_Myeloid_inflammation,random,0.00040618669302701187,144.0
P5,tumour_immune_contact,random,,144.0
P5,frac_Tumour,random,-0.2965811965811966,145.0
P5,frac_Immune,random,-0.3162393162393162,145.0
P5,score_Estrogen_response,random,-0.20164958748720208,145.0
P5,score_Proliferation,random,-0.0004259176239377969,145.0
P5,score_T_cell_activity,random,0.0010819614409041875,145.0
P5,score_Myeloid_inflammation,random,0.0053966829571054946,145.0
P5,tumour_immune_contact,random,,145.0
P5,frac_Tumour,random,-0.2965811965811966,146.0
P5,frac_Immune,random,-0.3162393162393162,146.0
P5,score_Estrogen_response,random,-0.1905470669815355,146.0
P5,score_Proliferation,random,0.004026945517920228,146.0
P5,score_T_cell_activity,random,0.0029783775057887754,146.0
P5,score_Myeloid_inflammation,random,0.010222142522686186,146.0
P5,tumour_immune_contact,random,,146.0
P5,frac_Tumour,random,-0.2965811965811966,147.0
P5,frac_Immune,random,-0.3162393162393162,147.0
P5,score_Estrogen_response,random,-0.22219173476723963,147.0
P5,score_Proliferation,random,-0.0048400365294542025,147.0
P5,score_T_cell_activity,random,0.004701084756919122,147.0
P5,score_Myeloid_inflammation,random,-0.0018079623748086283,147.0
P5,tumour_immune_contact,random,,147.0
P5,frac_Tumour,random,-0.2965811965811966,148.0
P5,frac_Immune,random,-0.3162393162393162,148.0
P5,score_Estrogen_response,random,-0.23328681841631527,148.0
P5,score_Proliferation,random,-0.0001520892898188497,148.0
P5,score_T_cell_activity,random,0.002895642770729173,148.0
P5,score_Myeloid_inflammation,random,0.0036075777349608455,148.0
P5,tumour_immune_contact,random,,148.0
P5,frac_Tumour,random,-0.2965811965811966,149.0
P5,frac_Immune,random,-0.3162393162393162,149.0
P5,score_Estrogen_response,random,-0.21346038750403984,149.0
P5,score_Proliferation,random,-0.0025695227773584097,149.0
P5,score_T_cell_activity,random,0.0020238514687600634,149.0
P5,score_Myeloid_inflammation,random,0.004820653187341556,149.0
P5,tumour_immune_contact,random,,149.0
P5,frac_Tumour,random,-0.2965811965811966,150.0
P5,frac_Immune,random,-0.3162393162393162,150.0
P5,score_Estrogen_response,random,-0.21506909897412613,150.0
P5,score_Proliferation,random,0.0007224284002882635,150.0
P5,score_T_cell_activity,random,0.005916961526734876,150.0
P5,score_Myeloid_inflammation,random,0.0032555076660650524,150.0
P5,tumour_immune_contact,random,,150.0
P5,frac_Tumour,random,-0.2965811965811966,151.0
P5,frac_Immune,random,-0.3162393162393162,151.0
P5,score_Estrogen_response,random,-0.23482446211291275,151.0
P5,score_Proliferation,random,-0.0006544331016335291,151.0
P5,score_T_cell_activity,random,0.004186928404362453,151.0
P5,score_Myeloid_inflammation,random,0.009998722837764904,151.0
P5,tumour_immune_contact,random,,151.0
P5,frac_Tumour,random,-0.2965811965811966,152.0
P5,frac_Immune,random,-0.3162393162393162,152.0
P5,score_Estrogen_response,random,-0.20833460487283562,152.0
P5,score_Proliferation,random,-0.0009672948628519787,152.0
P5,score_T_cell_activity,random,0.0010208890279134113,152.0
P5,score_Myeloid_inflammation,random,0.004463386068414816,152.0
P5,tumour_immune_contact,random,,152.0
P5,frac_Tumour,random,-0.2965811965811966,153.0
P5,frac_Immune,random,-0.3162393162393162,153.0
P5,score_Estrogen_response,random,-0.22475909898880703,153.0
P5,score_Proliferation,random,-0.0026907182525206207,153.0
P5,score_T_cell_activity,random,0.005507323090167467,153.0
P5,score_Myeloid_inflammation,random,0.018523485105020086,153.0
P5,tumour_immune_contact,random,,153.0
P5,frac_Tumour,random,-0.2965811965811966,154.0
P5,frac_Immune,random,-0.3162393162393162,154.0
P5,score_Estrogen_response,random,-0.23723016136724173,154.0
P5,score_Proliferation,random,-0.002359369148924256,154.0
P5,score_T_cell_activity,random,0.005227854129459785,154.0
P5,score_Myeloid_inflammation,random,0.002754711670268934,154.0
P5,tumour_immune_contact,random,,154.0
P5,frac_Tumour,random,-0.2965811965811966,155.0
P5,frac_Immune,random,-0.3162393162393162,155.0
P5,score_Estrogen_response,random,-0.2281598072533949,155.0
P5,score_Proliferation,random,-0.002852101169080817,155.0
P5,score_T_cell_activity,random,0.004664489586400851,155.0
P5,score_Myeloid_inflammation,random,0.011263102869994143,155.0
P5,tumour_immune_contact,random,,155.0
P5,frac_Tumour,random,-0.2965811965811966,156.0
P5,frac_Immune,random,-0.3162393162393162,156.0
P5,score_Estrogen_response,random,-0.23064508555651797,156.0
P5,score_Proliferation,random,-0.0006870700112578442,156.0
P5,score_T_cell_activity,random,0.004434974419629131,156.0
P5,score_Myeloid_inflammation,random,0.0028131397699124525,156.0
P5,tumour_immune_contact,random,,156.0
P5,frac_Tumour,random,-0.2965811965811966,157.0
P5,frac_Immune,random,-0.3162393162393162,157.0
P5,score_Estrogen_response,random,-0.2192754103885336,157.0
P5,score_Proliferation,random,0.0013040865280108272,157.0
P5,score_T_cell_activity,random,0.003380821197121232,157.0
P5,score_Myeloid_inflammation,random,0.00774662065166437,157.0
P5,tumour_immune_contact,random,,157.0
P5,frac_Tumour,random,-0.2965811965811966,158.0
P5,frac_Immune,random,-0.3162393162393162,158.0
P5,score_Estrogen_response,random,-0.23015535094352418,158.0
P5,score_Proliferation,random,0.0023733312707112145,158.0
P5,score_T_cell_activity,random,0.0054977467366433205,158.0
P5,score_Myeloid_inflammation,random,0.014477504997754957,158.0
P5,tumour_immune_contact,random,,158.0
P5,frac_Tumour,random,-0.2965811965811966,159.0
P5,frac_Immune,random,-0.3162393162393162,159.0
P5,score_Estrogen_response,random,-0.21864585099943012,159.0
P5,score_Proliferation,random,-0.002834831443533645,159.0
P5,score_T_cell_activity,random,0.004282341539214479,159.0
P5,score_Myeloid_inflammation,random,0.00644737492288945,159.0
P5,tumour_immune_contact,random,,159.0
P5,frac_Tumour,random,-0.2965811965811966,160.0
P5,frac_Immune,random,-0.3162393162393162,160.0
P5,score_Estrogen_response,random,-0.23281818026081008,160.0
P5,score_Proliferation,random,-0.0031519961081077214,160.0
P5,score_T_cell_activity,random,0.005909982054729407,160.0
P5,score_Myeloid_inflammation,random,0.003938202924441999,160.0
P5,tumour_immune_contact,random,,160.0
P5,frac_Tumour,random,-0.2965811965811966,161.0
P5,frac_Immune,random,-0.3162393162393162,161.0
P5,score_Estrogen_response,random,-0.21023226746466334,161.0
P5,score_Proliferation,random,-0.0005631067999497807,161.0
P5,score_T_cell_activity,random,0.001046886901909809,161.0
P5,score_Myeloid_inflammation,random,0.00828428257943059,161.0
P5,tumour_immune_contact,random,,161.0
P5,frac_Tumour,random,-0.2965811965811966,162.0
P5,frac_Immune,random,-0.3162393162393162,162.0
P5,score_Estrogen_response,random,-0.20724135616526784,162.0
P5,score_Proliferation,random,0.00034452845529527303,162.0
P5,score_T_cell_activity,random,0.00838529615123727,162.0
P5,score_Myeloid_inflammation,random,0.0023720360518383467,162.0
P5,tumour_immune_contact,random,,162.0
P5,frac_Tumour,random,-0.2965811965811966,163.0
P5,frac_Immune,random,-0.3162393162393162,163.0
P5,score_Estrogen_response,random,-0.23481224559062847,163.0
P5,score_Proliferation,random,-0.00236737673147918,163.0
P5,score_T_cell_activity,random,0.0022370425824086554,163.0
P5,score_Myeloid_inflammation,random,0.007624241384783418,163.0
P5,tumour_immune_contact,random,,163.0
P5,frac_Tumour,random,-0.2965811965811966,164.0
P5,frac_Immune,random,-0.3162393162393162,164.0
P5,score_Estrogen_response,random,-0.23638274865550474,164.0
P5,score_Proliferation,random,0.005183307200984295,164.0
P5,score_T_cell_activity,random,0.002699745608259131,164.0
P5,score_Myeloid_inflammation,random,0.004316256298202646,164.0
P5,tumour_immune_contact,random,,164.0
P5,frac_Tumour,random,-0.2965811965811966,165.0
P5,frac_Immune,random,-0.3162393162393162,165.0
P5,score_Estrogen_response,random,-0.22397042923082328,165.0
P5,score_Proliferation,random,-0.0019492445863639896,165.0
P5,score_T_cell_activity,random,0.005447586086944298,165.0
P5,score_Myeloid_inflammation,random,0.009759113462757138,165.0
P5,tumour_immune_contact,random,,165.0
P5,frac_Tumour,random,-0.2965811965811966,166.0
P5,frac_Immune,random,-0.3162393162393162,166.0
P5,score_Estrogen_response,random,-0.2067003008808635,166.0
P5,score_Proliferation,random,0.002088766386484963,166.0
P5,score_T_cell_activity,random,0.001248723089796865,166.0
P5,score_Myeloid_inflammation,random,0.0015875243120780148,166.0
P5,tumour_immune_contact,random,,166.0
P5,frac_Tumour,random,-0.2965811965811966,167.0
P5,frac_Immune,random,-0.3162393162393162,167.0
P5,score_Estrogen_response,random,-0.23396416162077982,167.0
P5,score_Proliferation,random,-0.0034758436966845887,167.0
P5,score_T_cell_activity,random,0.00656058865863713,167.0
P5,score_Myeloid_inflammation,random,0.004032587435171628,167.0
P5,tumour_immune_contact,random,,167.0
P5,frac_Tumour,random,-0.2965811965811966,168.0
P5,frac_Immune,random,-0.3162393162393162,168.0
P5,score_Estrogen_response,random,-0.2076811406248798,168.0
P5,score_Proliferation,random,0.002656624777511902,168.0
P5,score_T_cell_activity,random,0.00472560380938386,168.0
P5,score_Myeloid_inflammation,random,0.009247985434135148,168.0
P5,tumour_immune_contact,random,,168.0
P5,frac_Tumour,random,-0.2965811965811966,169.0
P5,frac_Immune,random,-0.3162393162393162,169.0
P5,score_Estrogen_response,random,-0.21529839983784604,169.0
P5,score_Proliferation,random,-0.0039508646512561064,169.0
P5,score_T_cell_activity,random,0.0009624193741045791,169.0
P5,score_Myeloid_inflammation,random,0.007070175908861539,169.0
P5,tumour_immune_contact,random,,169.0
P5,frac_Tumour,random,-0.2965811965811966,170.0
P5,frac_Immune,random,-0.3162393162393162,170.0
P5,score_Estrogen_response,random,-0.2565382855837607,170.0
P5,score_Proliferation,random,0.001400773810938507,170.0
P5,score_T_cell_activity,random,0.0061694491528377915,170.0
P5,score_Myeloid_inflammation,random,0.012711582483002127,170.0
P5,tumour_immune_contact,random,,170.0
P5,frac_Tumour,random,-0.2965811965811966,171.0
P5,frac_Immune,random,-0.3162393162393162,171.0
P5,score_Estrogen_response,random,-0.22890166521969668,171.0
P5,score_Proliferation,random,-0.0014392089670007989,171.0
P5,score_T_cell_activity,random,0.0030615873955593493,171.0
P5,score_Myeloid_inflammation,random,0.005502024172475931,171.0
P5,tumour_immune_contact,random,,171.0
P5,frac_Tumour,random,-0.2965811965811966,172.0
P5,frac_Immune,random,-0.3162393162393162,172.0
P5,score_Estrogen_response,random,-0.21816203747755702,172.0
P5,score_Proliferation,random,-0.0009983262145809376,172.0
P5,score_T_cell_activity,random,0.003550211818537481,172.0
P5,score_Myeloid_inflammation,random,0.02226866702049581,172.0
P5,tumour_immune_contact,random,,172.0
P5,frac_Tumour,random,-0.2965811965811966,173.0
P5,frac_Immune,random,-0.3162393162393162,173.0
P5,score_Estrogen_response,random,-0.21591335477358392,173.0
P5,score_Proliferation,random,-0.002428470204346493,173.0
P5,score_T_cell_activity,random,0.00483303129265451,173.0
P5,score_Myeloid_inflammation,random,0.00516501555144021,173.0
P5,tumour_immune_contact,random,,173.0
P5,frac_Tumour,random,-0.2965811965811966,174.0
P5,frac_Immune,random,-0.3162393162393162,174.0
P5,score_Estrogen_response,random,-0.22871373348333263,174.0
P5,score_Proliferation,random,-0.00031960149196469953,174.0
P5,score_T_cell_activity,random,0.0048045100155718985,174.0
P5,score_Myeloid_inflammation,random,0.013255013979010976,174.0
P5,tumour_immune_contact,random,,174.0
P5,frac_Tumour,random,-0.2965811965811966,175.0
P5,frac_Immune,random,-0.3162393162393162,175.0
P5,score_Estrogen_response,random,-0.2330374341583234,175.0
P5,score_Proliferation,random,0.0013427731624875692,175.0
P5,score_T_cell_activity,random,0.0048992937363790305,175.0
P5,score_Myeloid_inflammation,random,0.011201688591232481,175.0
P5,tumour_immune_contact,random,,175.0
P5,frac_Tumour,random,-0.2965811965811966,176.0
P5,frac_Immune,random,-0.3162393162393162,176.0
P5,score_Estrogen_response,random,-0.21633304481380544,176.0
P5,score_Proliferation,random,-0.0008838929956221948,176.0
P5,score_T_cell_activity,random,0.004114966158717446,176.0
P5,score_Myeloid_inflammation,random,0.008592725730399226,176.0
P5,tumour_immune_contact,random,,176.0
P5,frac_Tumour,random,-0.2965811965811966,177.0
P5,frac_Immune,random,-0.3162393162393162,177.0
P5,score_Estrogen_response,random,-0.22691974193746062,177.0
P5,score_Proliferation,random,-0.00011746863898118775,177.0
P5,score_T_cell_activity,random,0.008058754784157473,177.0
P5,score_Myeloid_inflammation,random,0.013036257686196626,177.0
P5,tumour_immune_contact,random,,177.0
P5,frac_Tumour,random,-0.2965811965811966,178.0
P5,frac_Immune,random,-0.3162393162393162,178.0
P5,score_Estrogen_response,random,-0.18282060121655874,178.0
P5,score_Proliferation,random,-0.0028236627909524453,178.0
P5,score_T_cell_activity,random,0.0016634806843564723,178.0
P5,score_Myeloid_inflammation,random,-0.0043229386416393165,178.0
P5,tumour_immune_contact,random,,178.0
P5,frac_Tumour,random,-0.2965811965811966,179.0
P5,frac_Immune,random,-0.3162393162393162,179.0
P5,score_Estrogen_response,random,-0.23337077650863908,179.0
P5,score_Proliferation,random,0.00032077538453189973,179.0
P5,score_T_cell_activity,random,0.004258259492110663,179.0
P5,score_Myeloid_inflammation,random,0.009501847234838573,179.0
P5,tumour_immune_contact,random,,179.0
P5,frac_Tumour,random,-0.2965811965811966,180.0
P5,frac_Immune,random,-0.3162393162393162,180.0
P5,score_Estrogen_response,random,-0.2240410769986071,180.0
P5,score_Proliferation,random,-0.00226968595086536,180.0
P5,score_T_cell_activity,random,0.00626526381860771,180.0
P5,score_Myeloid_inflammation,random,0.016319973583769555,180.0
P5,tumour_immune_contact,random,,180.0
P5,frac_Tumour,random,-0.2965811965811966,181.0
P5,frac_Immune,random,-0.3162393162393162,181.0
P5,score_Estrogen_response,random,-0.2214402147833795,181.0
P5,score_Proliferation,random,-0.0023978455982079606,181.0
P5,score_T_cell_activity,random,0.005169843601908778,181.0
P5,score_Myeloid_inflammation,random,0.004107162333622429,181.0
P5,tumour_immune_contact,random,,181.0
P5,frac_Tumour,random,-0.2965811965811966,182.0
P5,frac_Immune,random,-0.3162393162393162,182.0
P5,score_Estrogen_response,random,-0.2032192625401894,182.0
P5,score_Proliferation,random,-0.0015135562167994075,182.0
P5,score_T_cell_activity,random,0.003115085768427943,182.0
P5,score_Myeloid_inflammation,random,0.004392316900622093,182.0
P5,tumour_immune_contact,random,,182.0
P5,frac_Tumour,random,-0.2965811965811966,183.0
P5,frac_Immune,random,-0.3162393162393162,183.0
P5,score_Estrogen_response,random,-0.19357976484835282,183.0
P5,score_Proliferation,random,0.0043865242444682834,183.0
P5,score_T_cell_activity,random,0.0029101794591996064,183.0
P5,score_Myeloid_inflammation,random,0.0037691434199225464,183.0
P5,tumour_immune_contact,random,,183.0
P5,frac_Tumour,random,-0.2965811965811966,184.0
P5,frac_Immune,random,-0.3162393162393162,184.0
P5,score_Estrogen_response,random,-0.23243141701151782,184.0
P5,score_Proliferation,random,-0.00456786276691586,184.0
P5,score_T_cell_activity,random,0.0028546982263228157,184.0
P5,score_Myeloid_inflammation,random,0.008907209170074117,184.0
P5,tumour_immune_contact,random,,184.0
P5,frac_Tumour,random,-0.2965811965811966,185.0
P5,frac_Immune,random,-0.3162393162393162,185.0
P5,score_Estrogen_response,random,-0.20752958930992044,185.0
P5,score_Proliferation,random,-0.0036226850569205243,185.0
P5,score_T_cell_activity,random,0.00470847475773249,185.0
P5,score_Myeloid_inflammation,random,0.0024047740388807907,185.0
P5,tumour_immune_contact,random,,185.0
P5,frac_Tumour,random,-0.2965811965811966,186.0
P5,frac_Immune,random,-0.3162393162393162,186.0
P5,score_Estrogen_response,random,-0.23876321630164965,186.0
P5,score_Proliferation,random,-0.004110538609784947,186.0
P5,score_T_cell_activity,random,0.0030080587667617362,186.0
P5,score_Myeloid_inflammation,random,0.004671143934404416,186.0
P5,tumour_immune_contact,random,,186.0
P5,frac_Tumour,random,-0.2965811965811966,187.0
P5,frac_Immune,random,-0.3162393162393162,187.0
P5,score_Estrogen_response,random,-0.20574802058834296,187.0
P5,score_Proliferation,random,-1.693758198372669e-06,187.0
P5,score_T_cell_activity,random,0.0042219013046335295,187.0
P5,score_Myeloid_inflammation,random,-0.0014256525347270089,187.0
P5,tumour_immune_contact,random,,187.0
P5,frac_Tumour,random,-0.2965811965811966,188.0
P5,frac_Immune,random,-0.3162393162393162,188.0
P5,score_Estrogen_response,random,-0.21356019679704785,188.0
P5,score_Proliferation,random,-0.004515175409855183,188.0
P5,score_T_cell_activity,random,0.005191948086719567,188.0
P5,score_Myeloid_inflammation,random,0.0033566353622867156,188.0
P5,tumour_immune_contact,random,,188.0
P5,frac_Tumour,random,-0.2965811965811966,189.0
P5,frac_Immune,random,-0.3162393162393162,189.0
P5,score_Estrogen_response,random,-0.2332891724240389,189.0
P5,score_Proliferation,random,0.0029490682184358605,189.0
P5,score_T_cell_activity,random,0.0015234223598768232,189.0
P5,score_Myeloid_inflammation,random,0.01736452895662564,189.0
P5,tumour_immune_contact,random,,189.0
P5,frac_Tumour,random,-0.2965811965811966,190.0
P5,frac_Immune,random,-0.3162393162393162,190.0
P5,score_Estrogen_response,random,-0.2255830861713367,190.0
P5,score_Proliferation,random,0.0019404307224803459,190.0
P5,score_T_cell_activity,random,0.005604297763669592,190.0
P5,score_Myeloid_inflammation,random,0.011978458331473398,190.0
P5,tumour_immune_contact,random,,190.0
P5,frac_Tumour,random,-0.2965811965811966,191.0
P5,frac_Immune,random,-0.3162393162393162,191.0
P5,score_Estrogen_response,random,-0.22066177146678645,191.0
P5,score_Proliferation,random,0.0015471426783852616,191.0
P5,score_T_cell_activity,random,0.0027054535266001333,191.0
P5,score_Myeloid_inflammation,random,-0.0013057874121403389,191.0
P5,tumour_immune_contact,random,,191.0
P5,frac_Tumour,random,-0.2965811965811966,192.0
P5,frac_Immune,random,-0.3162393162393162,192.0
P5,score_Estrogen_response,random,-0.21818603894154043,192.0
P5,score_Proliferation,random,0.0006147877341567574,192.0
P5,score_T_cell_activity,random,0.00469163618339093,192.0
P5,score_Myeloid_inflammation,random,0.009146942432693178,192.0
P5,tumour_immune_contact,random,,192.0
P5,frac_Tumour,random,-0.2965811965811966,193.0
P5,frac_Immune,random,-0.3162393162393162,193.0
P5,score_Estrogen_response,random,-0.21808783040879764,193.0
P5,score_Proliferation,random,-0.0035415549112782895,193.0
P5,score_T_cell_activity,random,0.0036057202983785556,193.0
P5,score_Myeloid_inflammation,random,0.0033974296786612006,193.0
P5,tumour_immune_contact,random,,193.0
P5,frac_Tumour,random,-0.2965811965811966,194.0
P5,frac_Immune,random,-0.3162393162393162,194.0
P5,score_Estrogen_response,random,-0.23081130719568105,194.0
P5,score_Proliferation,random,-0.004510788189445389,194.0
P5,score_T_cell_activity,random,0.0036753132474388493,194.0
P5,score_Myeloid_inflammation,random,0.015119842520273319,194.0
P5,tumour_immune_contact,random,,194.0
P5,frac_Tumour,random,-0.2965811965811966,195.0
P5,frac_Immune,random,-0.3162393162393162,195.0
P5,score_Estrogen_response,random,-0.2164100585272517,195.0
P5,score_Proliferation,random,-0.0024478307395280436,195.0
P5,score_T_cell_activity,random,0.0026629352858263547,195.0
P5,score_Myeloid_inflammation,random,0.005440428298715034,195.0
P5,tumour_immune_contact,random,,195.0
P5,frac_Tumour,random,-0.2965811965811966,196.0
P5,frac_Immune,random,-0.3162393162393162,196.0
P5,score_Estrogen_response,random,-0.2190531491101625,196.0
P5,score_Proliferation,random,0.001381050310517725,196.0
P5,score_T_cell_activity,random,0.003627795928699678,196.0
P5,score_Myeloid_inflammation,random,0.009955445732001866,196.0
P5,tumour_immune_contact,random,,196.0
P5,frac_Tumour,random,-0.2965811965811966,197.0
P5,frac_Immune,random,-0.3162393162393162,197.0
P5,score_Estrogen_response,random,-0.20620238592467943,197.0
P5,score_Proliferation,random,0.0007153953202241425,197.0
P5,score_T_cell_activity,random,0.0005730749950789323,197.0
P5,score_Myeloid_inflammation,random,-0.00011941751183863866,197.0
P5,tumour_immune_contact,random,,197.0
P5,frac_Tumour,random,-0.2965811965811966,198.0
P5,frac_Immune,random,-0.3162393162393162,198.0
P5,score_Estrogen_response,random,-0.21487443311226578,198.0
P5,score_Proliferation,random,0.004290374547336208,198.0
P5,score_T_cell_activity,random,0.004873901157093863,198.0
P5,score_Myeloid_inflammation,random,0.014767696007413848,198.0
P5,tumour_immune_contact,random,,198.0
P5,frac_Tumour,random,-0.2965811965811966,199.0
P5,frac_Immune,random,-0.3162393162393162,199.0
P5,score_Estrogen_response,random,-0.2011455686800961,199.0
P5,score_Proliferation,random,-0.001348764615295739,199.0
P5,score_T_cell_activity,random,0.005031103522077925,199.0
P5,score_Myeloid_inflammation,random,0.008994816331588652,199.0
P5,tumour_immune_contact,random,,199.0
P5,frac_Tumour,contiguous,-0.2965811965811966,0.0
P5,frac_Immune,contiguous,-0.3162393162393162,0.0
P5,score_Estrogen_response,contiguous,-0.14343975940569564,0.0
P5,score_Proliferation,contiguous,-0.0011527255559947197,0.0
P5,score_T_cell_activity,contiguous,0.004070769942587937,0.0
P5,score_Myeloid_inflammation,contiguous,-0.011299984331386324,0.0
P5,tumour_immune_contact,contiguous,,0.0
P5,frac_Tumour,contiguous,-0.2965811965811966,1.0
P5,frac_Immune,contiguous,-0.3162393162393162,1.0
P5,score_Estrogen_response,contiguous,-0.21910824615937274,1.0
P5,score_Proliferation,contiguous,-0.001967755795969587,1.0
P5,score_T_cell_activity,contiguous,0.004556578349523734,1.0
P5,score_Myeloid_inflammation,contiguous,0.016079082306585963,1.0
P5,tumour_immune_contact,contiguous,,1.0
P5,frac_Tumour,contiguous,-0.2965811965811966,2.0
P5,frac_Immune,contiguous,-0.3162393162393162,2.0
P5,score_Estrogen_response,contiguous,-0.12699145640790527,2.0
P5,score_Proliferation,contiguous,-0.0019127488654284985,2.0
P5,score_T_cell_activity,contiguous,0.00423817659993457,2.0
P5,score_Myeloid_inflammation,contiguous,-0.00847551440328919,2.0
P5,tumour_immune_contact,contiguous,,2.0
P5,frac_Tumour,contiguous,-0.2965811965811966,3.0
P5,frac_Immune,contiguous,-0.3162393162393162,3.0
P5,score_Estrogen_response,contiguous,0.050554282973016784,3.0
P5,score_Proliferation,contiguous,-0.0012543355774913031,3.0
P5,score_T_cell_activity,contiguous,0.0016860348659363225,3.0
P5,score_Myeloid_inflammation,contiguous,0.011684269606509978,3.0
P5,tumour_immune_contact,contiguous,,3.0
P5,frac_Tumour,contiguous,-0.2965811965811966,4.0
P5,frac_Immune,contiguous,-0.3162393162393162,4.0
P5,score_Estrogen_response,contiguous,0.09675652811032454,4.0
P5,score_Proliferation,contiguous,0.0009877859172911718,4.0
P5,score_T_cell_activity,contiguous,-0.00014892727452465743,4.0
P5,score_Myeloid_inflammation,contiguous,0.004217941948006932,4.0
P5,tumour_immune_contact,contiguous,,4.0
P5,frac_Tumour,contiguous,-0.2965811965811966,5.0
P5,frac_Immune,contiguous,-0.3162393162393162,5.0
P5,score_Estrogen_response,contiguous,-0.13460194168444917,5.0
P5,score_Proliferation,contiguous,-0.00017774455127422253,5.0
P5,score_T_cell_activity,contiguous,0.005977736428320578,5.0
P5,score_Myeloid_inflammation,contiguous,-0.002440301046265828,5.0
P5,tumour_immune_contact,contiguous,,5.0
P5,frac_Tumour,contiguous,-0.2965811965811966,6.0
P5,frac_Immune,contiguous,-0.3162393162393162,6.0
P5,score_Estrogen_response,contiguous,-0.198931239030067,6.0
P5,score_Proliferation,contiguous,0.002459868521992841,6.0
P5,score_T_cell_activity,contiguous,0.006954997463715381,6.0
P5,score_Myeloid_inflammation,contiguous,0.009883859404811984,6.0
P5,tumour_immune_contact,contiguous,,6.0
P5,frac_Tumour,contiguous,-0.2965811965811966,7.0
P5,frac_Immune,contiguous,-0.3162393162393162,7.0
P5,score_Estrogen_response,contiguous,0.04096166892451669,7.0
P5,score_Proliferation,contiguous,-0.0017862209915496937,7.0
P5,score_T_cell_activity,contiguous,0.0004219399914103016,7.0
P5,score_Myeloid_inflammation,contiguous,0.016770442265634435,7.0
P5,tumour_immune_contact,contiguous,,7.0
P5,frac_Tumour,contiguous,-0.2965811965811966,8.0
P5,frac_Immune,contiguous,-0.3162393162393162,8.0
P5,score_Estrogen_response,contiguous,-0.3018578094333859,8.0
P5,score_Proliferation,contiguous,-0.0017900558876556717,8.0
P5,score_T_cell_activity,contiguous,0.006221423191969891,8.0
P5,score_Myeloid_inflammation,contiguous,0.00033529836412543243,8.0
P5,tumour_immune_contact,contiguous,,8.0
P5,frac_Tumour,contiguous,-0.2965811965811966,9.0
P5,frac_Immune,contiguous,-0.3162393162393162,9.0
P5,score_Estrogen_response,contiguous,-0.30156343358036003,9.0
P5,score_Proliferation,contiguous,-0.0018389379627054099,9.0
P5,score_T_cell_activity,contiguous,0.005977730066008718,9.0
P5,score_Myeloid_inflammation,contiguous,0.0004675190244022372,9.0
P5,tumour_immune_contact,contiguous,,9.0
P5,frac_Tumour,contiguous,-0.2965811965811966,10.0
P5,frac_Immune,contiguous,-0.3162393162393162,10.0
P5,score_Estrogen_response,contiguous,-0.30156343358036003,10.0
P5,score_Proliferation,contiguous,-0.0018389379627054099,10.0
P5,score_T_cell_activity,contiguous,0.005977730066008718,10.0
P5,score_Myeloid_inflammation,contiguous,0.0004675190244022387,10.0
P5,tumour_immune_contact,contiguous,,10.0
P5,frac_Tumour,contiguous,-0.2965811965811966,11.0
P5,frac_Immune,contiguous,-0.3162393162393162,11.0
P5,score_Estrogen_response,contiguous,-0.06028246634820478,11.0
P5,score_Proliferation,contiguous,-0.00213788495914324,11.0
P5,score_T_cell_activity,contiguous,0.0030499342539371584,11.0
P5,score_Myeloid_inflammation,contiguous,0.007640917724451845,11.0
P5,tumour_immune_contact,contiguous,,11.0
P5,frac_Tumour,contiguous,-0.2965811965811966,12.0
P5,frac_Immune,contiguous,-0.3162393162393162,12.0
P5,score_Estrogen_response,contiguous,-0.20564310874618907,12.0
P5,score_Proliferation,contiguous,0.0009393183446399403,12.0
P5,score_T_cell_activity,contiguous,0.007468668219574496,12.0
P5,score_Myeloid_inflammation,contiguous,0.008919081624466231,12.0
P5,tumour_immune_contact,contiguous,,12.0
P5,frac_Tumour,contiguous,-0.2965811965811966,13.0
P5,frac_Immune,contiguous,-0.3162393162393162,13.0
P5,score_Estrogen_response,contiguous,-0.19431781639517187,13.0
P5,score_Proliferation,contiguous,-0.00021658813380533897,13.0
P5,score_T_cell_activity,contiguous,0.004419812962879822,13.0
P5,score_Myeloid_inflammation,contiguous,-0.00858149815226663,13.0
P5,tumour_immune_contact,contiguous,,13.0
P5,frac_Tumour,contiguous,-0.2965811965811966,14.0
P5,frac_Immune,contiguous,-0.3162393162393162,14.0
P5,score_Estrogen_response,contiguous,-0.29743663378921625,14.0
P5,score_Proliferation,contiguous,-0.0026309861803883016,14.0
P5,score_T_cell_activity,contiguous,0.00599632233941657,14.0
P5,score_Myeloid_inflammation,contiguous,-5.631334295410641e-05,14.0
P5,tumour_immune_contact,contiguous,,14.0
P5,frac_Tumour,contiguous,-0.2965811965811966,15.0
P5,frac_Immune,contiguous,-0.3162393162393162,15.0
P5,score_Estrogen_response,contiguous,0.02015893412972425,15.0
P5,score_Proliferation,contiguous,0.0028225221496218727,15.0
P5,score_T_cell_activity,contiguous,0.00018097862946002234,15.0
P5,score_Myeloid_inflammation,contiguous,-0.0015876396205002584,15.0
P5,tumour_immune_contact,contiguous,,15.0
P5,frac_Tumour,contiguous,-0.2965811965811966,16.0
P5,frac_Immune,contiguous,-0.3162393162393162,16.0
P5,score_Estrogen_response,contiguous,0.017001553109711742,16.0
P5,score_Proliferation,contiguous,-0.0013171111206248432,16.0
P5,score_T_cell_activity,contiguous,0.0028722281230480927,16.0
P5,score_Myeloid_inflammation,contiguous,0.008559586308281797,16.0
P5,tumour_immune_contact,contiguous,,16.0
P5,frac_Tumour,contiguous,-0.2965811965811966,18.0
P5,frac_Immune,contiguous,-0.3162393162393162,18.0
P5,score_Estrogen_response,contiguous,-0.2462048111487406,18.0
P5,score_Proliferation,contiguous,-0.0014406470688455002,18.0
P5,score_T_cell_activity,contiguous,0.005686970886681493,18.0
P5,score_Myeloid_inflammation,contiguous,0.01597315576865497,18.0
P5,tumour_immune_contact,contiguous,,18.0
P5,frac_Tumour,contiguous,-0.2965811965811966,19.0
P5,frac_Immune,contiguous,-0.3162393162393162,19.0
P5,score_Estrogen_response,contiguous,-0.10586293904427191,19.0
P5,score_Proliferation,contiguous,-0.001594487913121436,19.0
P5,score_T_cell_activity,contiguous,0.005851362977544126,19.0
P5,score_Myeloid_inflammation,contiguous,-0.0028386648013712483,19.0
P5,tumour_immune_contact,contiguous,,19.0
P5,frac_Tumour,contiguous,-0.2965811965811966,21.0
P5,frac_Immune,contiguous,-0.3162393162393162,21.0
P5,score_Estrogen_response,contiguous,-0.1778222923593203,21.0
P5,score_Proliferation,contiguous,-0.0010764710211923264,21.0
P5,score_T_cell_activity,contiguous,0.003124792277575219,21.0
P5,score_Myeloid_inflammation,contiguous,-0.008776654103347756,21.0
P5,tumour_immune_contact,contiguous,,21.0
P5,frac_Tumour,contiguous,-0.2965811965811966,22.0
P5,frac_Immune,contiguous,-0.3162393162393162,22.0
P5,score_Estrogen_response,contiguous,-0.14112934471781818,22.0
P5,score_Proliferation,contiguous,-0.0009039547395637442,22.0
P5,score_T_cell_activity,contiguous,0.0037283365134160393,22.0
P5,score_Myeloid_inflammation,contiguous,0.0168088046550565,22.0
P5,tumour_immune_contact,contiguous,,22.0
P5,frac_Tumour,contiguous,-0.2965811965811966,23.0
P5,frac_Immune,contiguous,-0.3162393162393162,23.0
P5,score_Estrogen_response,contiguous,0.07848713827825404,23.0
P5,score_Proliferation,contiguous,0.00011758755419414776,23.0
P5,score_T_cell_activity,contiguous,0.0006203774696741343,23.0
P5,score_Myeloid_inflammation,contiguous,0.01558917582796884,23.0
P5,tumour_immune_contact,contiguous,,23.0
P5,frac_Tumour,contiguous,-0.2965811965811966,24.0
P5,frac_Immune,contiguous,-0.3162393162393162,24.0
P5,score_Estrogen_response,contiguous,-0.0017210780471397236,24.0
P5,score_Proliferation,contiguous,-0.0017555716270702057,24.0
P5,score_T_cell_activity,contiguous,0.00405781604027816,24.0
P5,score_Myeloid_inflammation,contiguous,0.0006564750842179183,24.0
P5,tumour_immune_contact,contiguous,,24.0
P5,frac_Tumour,contiguous,-0.2965811965811966,25.0
P5,frac_Immune,contiguous,-0.3162393162393162,25.0
P5,score_Estrogen_response,contiguous,0.058713218091943076,25.0
P5,score_Proliferation,contiguous,0.0035758891442619727,25.0
P5,score_T_cell_activity,contiguous,0.00015338947637128734,25.0
P5,score_Myeloid_inflammation,contiguous,-0.009082467884564373,25.0
P5,tumour_immune_contact,contiguous,,25.0
P5,frac_Tumour,contiguous,-0.2965811965811966,26.0
P5,frac_Immune,contiguous,-0.3162393162393162,26.0
P5,score_Estrogen_response,contiguous,-0.19819985442142257,26.0
P5,score_Proliferation,contiguous,0.0026590163420195413,26.0
P5,score_T_cell_activity,contiguous,0.006358376556787736,26.0
P5,score_Myeloid_inflammation,contiguous,0.008521473582314781,26.0
P5,tumour_immune_contact,contiguous,,26.0
P5,frac_Tumour,contiguous,-0.2965811965811966,27.0
P5,frac_Immune,contiguous,-0.3162393162393162,27.0
P5,score_Estrogen_response,contiguous,-0.30488494696636786,27.0
P5,score_Proliferation,contiguous,-0.0018090802294600831,27.0
P5,score_T_cell_activity,contiguous,0.00601588557038212,27.0
P5,score_Myeloid_inflammation,contiguous,0.0014710113153167106,27.0
P5,tumour_immune_contact,contiguous,,27.0
P5,frac_Tumour,contiguous,-0.2965811965811966,28.0
P5,frac_Immune,contiguous,-0.3162393162393162,28.0
P5,score_Estrogen_response,contiguous,0.03127368193293678,28.0
P5,score_Proliferation,contiguous,0.0010622360967597088,28.0
P5,score_T_cell_activity,contiguous,0.0070013669371265285,28.0
P5,score_Myeloid_inflammation,contiguous,-0.00634919198043485,28.0
P5,tumour_immune_contact,contiguous,,28.0
P5,frac_Tumour,contiguous,-0.2965811965811966,29.0
P5,frac_Immune,contiguous,-0.3162393162393162,29.0
P5,score_Estrogen_response,contiguous,0.038721181494079215,29.0
P5,score_Proliferation,contiguous,0.0002804209758605785,29.0
P5,score_T_cell_activity,contiguous,0.005459116333909862,29.0
P5,score_Myeloid_inflammation,contiguous,-0.005514096657919451,29.0
P5,tumour_immune_contact,contiguous,,29.0
P5,frac_Tumour,contiguous,-0.2965811965811966,30.0
P5,frac_Immune,contiguous,-0.3162393162393162,30.0
P5,score_Estrogen_response,contiguous,0.06077107208911148,30.0
P5,score_Proliferation,contiguous,-0.0007237631068786016,30.0
P5,score_T_cell_activity,contiguous,-0.0008809151913026112,30.0
P5,score_Myeloid_inflammation,contiguous,0.011663343006875448,30.0
P5,tumour_immune_contact,contiguous,,30.0
P5,frac_Tumour,contiguous,-0.2965811965811966,31.0
P5,frac_Immune,contiguous,-0.3162393162393162,31.0
P5,score_Estrogen_response,contiguous,-0.13025412422413213,31.0
P5,score_Proliferation,contiguous,-0.00238601990656214,31.0
P5,score_T_cell_activity,contiguous,0.005809229249016851,31.0
P5,score_Myeloid_inflammation,contiguous,-0.009072617636300552,31.0
P5,tumour_immune_contact,contiguous,,31.0
P5,frac_Tumour,contiguous,-0.2965811965811966,32.0
P5,frac_Immune,contiguous,-0.3162393162393162,32.0
P5,score_Estrogen_response,contiguous,-0.1894927911418991,32.0
P5,score_Proliferation,contiguous,0.0037617993167020115,32.0
P5,score_T_cell_activity,contiguous,0.006917289460011018,32.0
P5,score_Myeloid_inflammation,contiguous,0.008353639794308972,32.0
P5,tumour_immune_contact,contiguous,,32.0
P5,frac_Tumour,contiguous,-0.2965811965811966,33.0
P5,frac_Immune,contiguous,-0.3162393162393162,33.0
P5,score_Estrogen_response,contiguous,-0.10110783778577404,33.0
P5,score_Proliferation,contiguous,-0.002273942490960929,33.0
P5,score_T_cell_activity,contiguous,0.00564367107550303,33.0
P5,score_Myeloid_inflammation,contiguous,-0.00010720779937424606,33.0
P5,tumour_immune_contact,contiguous,,33.0
P5,frac_Tumour,contiguous,-0.2965811965811966,34.0
P5,frac_Immune,contiguous,-0.3162393162393162,34.0
P5,score_Estrogen_response,contiguous,0.0023817395766499994,34.0
P5,score_Proliferation,contiguous,-0.0014582499273363557,34.0
P5,score_T_cell_activity,contiguous,0.006779137087411691,34.0
P5,score_Myeloid_inflammation,contiguous,-0.00833309159387467,34.0
P5,tumour_immune_contact,contiguous,,34.0
P5,frac_Tumour,contiguous,-0.2965811965811966,35.0
P5,frac_Immune,contiguous,-0.3162393162393162,35.0
P5,score_Estrogen_response,contiguous,-0.12494781557905277,35.0
P5,score_Proliferation,contiguous,0.0006196462224458096,35.0
P5,score_T_cell_activity,contiguous,0.006406186774177769,35.0
P5,score_Myeloid_inflammation,contiguous,0.0035386420557746946,35.0
P5,tumour_immune_contact,contiguous,,35.0
P5,frac_Tumour,contiguous,-0.2965811965811966,36.0
P5,frac_Immune,contiguous,-0.3162393162393162,36.0
P5,score_Estrogen_response,contiguous,-0.0783144662831855,36.0
P5,score_Proliferation,contiguous,-0.00031771934625765726,36.0
P5,score_T_cell_activity,contiguous,0.005631605053559328,36.0
P5,score_Myeloid_inflammation,contiguous,-0.0029165867025105425,36.0
P5,tumour_immune_contact,contiguous,,36.0
P5,frac_Tumour,contiguous,-0.2965811965811966,37.0
P5,frac_Immune,contiguous,-0.3162393162393162,37.0
P5,score_Estrogen_response,contiguous,0.11009273677297626,37.0
P5,score_Proliferation,contiguous,0.0012852655461121504,37.0
P5,score_T_cell_activity,contiguous,0.0001626927119034987,37.0
P5,score_Myeloid_inflammation,contiguous,0.0014268996676739388,37.0
P5,tumour_immune_contact,contiguous,,37.0
P5,frac_Tumour,contiguous,-0.2965811965811966,38.0
P5,frac_Immune,contiguous,-0.3162393162393162,38.0
P5,score_Estrogen_response,contiguous,0.0919456674754735,38.0
P5,score_Proliferation,contiguous,0.0030697828836152635,38.0
P5,score_T_cell_activity,contiguous,-0.0002987023614410664,38.0
P5,score_Myeloid_inflammation,contiguous,-0.008964994266840654,38.0
P5,tumour_immune_contact,contiguous,,38.0
P5,frac_Tumour,contiguous,-0.2965811965811966,41.0
P5,frac_Immune,contiguous,-0.3162393162393162,41.0
P5,score_Estrogen_response,contiguous,-0.09295027356215757,41.0
P5,score_Proliferation,contiguous,-0.0008472229223543022,41.0
P5,score_T_cell_activity,contiguous,0.004634185749241429,41.0
P5,score_Myeloid_inflammation,contiguous,-0.0018396279580904043,41.0
P5,tumour_immune_contact,contiguous,,41.0
P5,frac_Tumour,contiguous,-0.2965811965811966,42.0
P5,frac_Immune,contiguous,-0.3162393162393162,42.0
P5,score_Estrogen_response,contiguous,-0.07082451815368712,42.0
P5,score_Proliferation,contiguous,-0.0024942655836734254,42.0
P5,score_T_cell_activity,contiguous,0.003413441760587556,42.0
P5,score_Myeloid_inflammation,contiguous,0.016645565624202965,42.0
P5,tumour_immune_contact,contiguous,,42.0
P5,frac_Tumour,contiguous,-0.2965811965811966,43.0
P5,frac_Immune,contiguous,-0.3162393162393162,43.0
P5,score_Estrogen_response,contiguous,-0.2661565865528075,43.0
P5,score_Proliferation,contiguous,-0.00249255459585564,43.0
P5,score_T_cell_activity,contiguous,0.0048942281852760216,43.0
P5,score_Myeloid_inflammation,contiguous,-0.0005969049756868921,43.0
P5,tumour_immune_contact,contiguous,,43.0
P5,frac_Tumour,contiguous,-0.2965811965811966,44.0
P5,frac_Immune,contiguous,-0.3162393162393162,44.0
P5,score_Estrogen_response,contiguous,-0.3048849469663678,44.0
P5,score_Proliferation,contiguous,-0.0018090802294600822,44.0
P5,score_T_cell_activity,contiguous,0.00601588557038212,44.0
P5,score_Myeloid_inflammation,contiguous,0.0014710113153167102,44.0
P5,tumour_immune_contact,contiguous,,44.0
P5,frac_Tumour,contiguous,-0.2965811965811966,45.0
P5,frac_Immune,contiguous,-0.3162393162393162,45.0
P5,score_Estrogen_response,contiguous,0.08091180188452951,45.0
P5,score_Proliferation,contiguous,-0.00033226075916086093,45.0
P5,score_T_cell_activity,contiguous,0.003929897419068209,45.0
P5,score_Myeloid_inflammation,contiguous,-0.010201364576888503,45.0
P5,tumour_immune_contact,contiguous,,45.0
P5,frac_Tumour,contiguous,-0.2965811965811966,46.0
P5,frac_Immune,contiguous,-0.3162393162393162,46.0
P5,score_Estrogen_response,contiguous,-0.022664610067066326,46.0
P5,score_Proliferation,contiguous,0.0011003193035146349,46.0
P5,score_T_cell_activity,contiguous,0.0003815694546767446,46.0
P5,score_Myeloid_inflammation,contiguous,0.02478304718294798,46.0
P5,tumour_immune_contact,contiguous,,46.0
P5,frac_Tumour,contiguous,-0.2965811965811966,47.0
P5,frac_Immune,contiguous,-0.3162393162393162,47.0
P5,score_Estrogen_response,contiguous,-0.07229938906420702,47.0
P5,score_Proliferation,contiguous,-0.002506722172469611,47.0
P5,score_T_cell_activity,contiguous,0.003422199368952346,47.0
P5,score_Myeloid_inflammation,contiguous,0.016739482068899893,47.0
P5,tumour_immune_contact,contiguous,,47.0
P5,frac_Tumour,contiguous,-0.2965811965811966,48.0
P5,frac_Immune,contiguous,-0.3162393162393162,48.0
P5,score_Estrogen_response,contiguous,0.06901923302026802,48.0
P5,score_Proliferation,contiguous,-0.0007324793181360287,48.0
P5,score_T_cell_activity,contiguous,0.0048432925240606325,48.0
P5,score_Myeloid_inflammation,contiguous,-0.008785666860599797,48.0
P5,tumour_immune_contact,contiguous,,48.0
P5,frac_Tumour,contiguous,-0.2965811965811966,50.0
P5,frac_Immune,contiguous,-0.3162393162393162,50.0
P5,score_Estrogen_response,contiguous,-0.24012662889803,50.0
P5,score_Proliferation,contiguous,-0.0014465566421722953,50.0
P5,score_T_cell_activity,contiguous,0.004087374456451829,50.0
P5,score_Myeloid_inflammation,contiguous,-0.003414459090431911,50.0
P5,tumour_immune_contact,contiguous,,50.0
P5,frac_Tumour,contiguous,-0.2965811965811966,51.0
P5,frac_Immune,contiguous,-0.3162393162393162,51.0
P5,score_Estrogen_response,contiguous,-0.15333692954144446,51.0
P5,score_Proliferation,contiguous,-0.0012172253430615997,51.0
P5,score_T_cell_activity,contiguous,0.0035338389736974335,51.0
P5,score_Myeloid_inflammation,contiguous,-0.01149655379567744,51.0
P5,tumour_immune_contact,contiguous,,51.0
P5,frac_Tumour,contiguous,-0.2965811965811966,52.0
P5,frac_Immune,contiguous,-0.3162393162393162,52.0
P5,score_Estrogen_response,contiguous,-0.30389477292358713,52.0
P5,score_Proliferation,contiguous,-0.0017962572283067683,52.0
P5,score_T_cell_activity,contiguous,0.006014278974764028,52.0
P5,score_Myeloid_inflammation,contiguous,0.0015310293819837941,52.0
P5,tumour_immune_contact,contiguous,,52.0
P5,frac_Tumour,contiguous,-0.2965811965811966,53.0
P5,frac_Immune,contiguous,-0.3162393162393162,53.0
P5,score_Estrogen_response,contiguous,-0.30141491549976984,53.0
P5,score_Proliferation,contiguous,-0.002088725646283679,53.0
P5,score_T_cell_activity,contiguous,0.006064938678564849,53.0
P5,score_Myeloid_inflammation,contiguous,0.0004201212765783885,53.0
P5,tumour_immune_contact,contiguous,,53.0
P5,frac_Tumour,contiguous,-0.2965811965811966,54.0
P5,frac_Immune,contiguous,-0.3162393162393162,54.0
P5,score_Estrogen_response,contiguous,-0.2141998862356596,54.0
P5,score_Proliferation,contiguous,-0.0009535318974939915,54.0
P5,score_T_cell_activity,contiguous,0.005084647768990607,54.0
P5,score_Myeloid_inflammation,contiguous,-0.006612482028905231,54.0
P5,tumour_immune_contact,contiguous,,54.0
P5,frac_Tumour,contiguous,-0.2965811965811966,55.0
P5,frac_Immune,contiguous,-0.3162393162393162,55.0
P5,score_Estrogen_response,contiguous,0.11207773451375957,55.0
P5,score_Proliferation,contiguous,0.0024730329604962815,55.0
P5,score_T_cell_activity,contiguous,7.315655950127778e-05,55.0
P5,score_Myeloid_inflammation,contiguous,-0.0037336335676097163,55.0
P5,tumour_immune_contact,contiguous,,55.0
P5,frac_Tumour,contiguous,-0.2965811965811966,56.0
P5,frac_Immune,contiguous,-0.3162393162393162,56.0
P5,score_Estrogen_response,contiguous,-0.05773051723914013,56.0
P5,score_Proliferation,contiguous,-0.0024522384190229585,56.0
P5,score_T_cell_activity,contiguous,0.0018874020236849445,56.0
P5,score_Myeloid_inflammation,contiguous,0.012907608218537397,56.0
P5,tumour_immune_contact,contiguous,,56.0
P5,frac_Tumour,contiguous,-0.2965811965811966,57.0
P5,frac_Immune,contiguous,-0.3162393162393162,57.0
P5,score_Estrogen_response,contiguous,-0.14096409589977643,57.0
P5,score_Proliferation,contiguous,-0.0014496788307709844,57.0
P5,score_T_cell_activity,contiguous,0.0040377104996955635,57.0
P5,score_Myeloid_inflammation,contiguous,0.016119748035776416,57.0
P5,tumour_immune_contact,contiguous,,57.0
P5,frac_Tumour,contiguous,-0.2965811965811966,58.0
P5,frac_Immune,contiguous,-0.3162393162393162,58.0
P5,score_Estrogen_response,contiguous,-0.30389477292358713,58.0
P5,score_Proliferation,contiguous,-0.0017962572283067692,58.0
P5,score_T_cell_activity,contiguous,0.006014278974764028,58.0
P5,score_Myeloid_inflammation,contiguous,0.0015310293819837937,58.0
P5,tumour_immune_contact,contiguous,,58.0
P5,frac_Tumour,contiguous,-0.2965811965811966,59.0
P5,frac_Immune,contiguous,-0.3162393162393162,59.0
P5,score_Estrogen_response,contiguous,0.10914222397110196,59.0
P5,score_Proliferation,contiguous,0.0025180250540929637,59.0
P5,score_T_cell_activity,contiguous,0.00033793726864024065,59.0
P5,score_Myeloid_inflammation,contiguous,-0.0045764040219178695,59.0
P5,tumour_immune_contact,contiguous,,59.0
P5,frac_Tumour,contiguous,-0.2965811965811966,60.0
P5,frac_Immune,contiguous,-0.3162393162393162,60.0
P5,score_Estrogen_response,contiguous,0.03942048428200251,60.0
P5,score_Proliferation,contiguous,0.0002984293484849013,60.0
P5,score_T_cell_activity,contiguous,0.0006050769448619959,60.0
P5,score_Myeloid_inflammation,contiguous,0.020928993179685426,60.0
P5,tumour_immune_contact,contiguous,,60.0
P5,frac_Tumour,contiguous,-0.2965811965811966,61.0
P5,frac_Immune,contiguous,-0.3162393162393162,61.0
P5,score_Estrogen_response,contiguous,0.10770314509770429,61.0
P5,score_Proliferation,contiguous,0.0025629410698784316,61.0
P5,score_T_cell_activity,contiguous,0.0003574036812850215,61.0
P5,score_Myeloid_inflammation,contiguous,-0.0031822420669651397,61.0
P5,tumour_immune_contact,contiguous,,61.0
P5,frac_Tumour,contiguous,-0.2965811965811966,63.0
P5,frac_Immune,contiguous,-0.3162393162393162,63.0
P5,score_Estrogen_response,contiguous,-0.2644579478579278,63.0
P5,score_Proliferation,contiguous,-0.0021053896805728854,63.0
P5,score_T_cell_activity,contiguous,0.004707259907477942,63.0
P5,score_Myeloid_inflammation,contiguous,-0.0029134479145418992,63.0
P5,tumour_immune_contact,contiguous,,63.0
P5,frac_Tumour,contiguous,-0.2965811965811966,66.0
P5,frac_Immune,contiguous,-0.3162393162393162,66.0
P5,score_Estrogen_response,contiguous,-0.30488494696636786,66.0
P5,score_Proliferation,contiguous,-0.0018090802294600831,66.0
P5,score_T_cell_activity,contiguous,0.00601588557038212,66.0
P5,score_Myeloid_inflammation,contiguous,0.0014710113153167093,66.0
P5,tumour_immune_contact,contiguous,,66.0
P5,frac_Tumour,contiguous,-0.2965811965811966,67.0
P5,frac_Immune,contiguous,-0.3162393162393162,67.0
P5,score_Estrogen_response,contiguous,-0.032947357549245104,67.0
P5,score_Proliferation,contiguous,-0.001798898995448447,67.0
P5,score_T_cell_activity,contiguous,0.00784943067409374,67.0
P5,score_Myeloid_inflammation,contiguous,-0.00319681362393443,67.0
P5,tumour_immune_contact,contiguous,,67.0
P5,frac_Tumour,contiguous,-0.2965811965811966,68.0
P5,frac_Immune,contiguous,-0.3162393162393162,68.0
P5,score_Estrogen_response,contiguous,-0.1896593996728198,68.0
P5,score_Proliferation,contiguous,-0.0022557762689392087,68.0
P5,score_T_cell_activity,contiguous,0.004514536534007798,68.0
P5,score_Myeloid_inflammation,contiguous,0.018381643488003325,68.0
P5,tumour_immune_contact,contiguous,,68.0
P5,frac_Tumour,contiguous,-0.2965811965811966,69.0
P5,frac_Immune,contiguous,-0.3162393162393162,69.0
P5,score_Estrogen_response,contiguous,0.06999697850561848,69.0
P5,score_Proliferation,contiguous,0.000437403901399227,69.0
P5,score_T_cell_activity,contiguous,-0.0005501520768190042,69.0
P5,score_Myeloid_inflammation,contiguous,0.016172101725880732,69.0
P5,tumour_immune_contact,contiguous,,69.0
P5,frac_Tumour,contiguous,-0.2965811965811966,70.0
P5,frac_Immune,contiguous,-0.3162393162393162,70.0
P5,score_Estrogen_response,contiguous,-0.21469539809316845,70.0
P5,score_Proliferation,contiguous,-0.0012093868224230375,70.0
P5,score_T_cell_activity,contiguous,0.004560871669641587,70.0
P5,score_Myeloid_inflammation,contiguous,-0.006635699054211042,70.0
P5,tumour_immune_contact,contiguous,,70.0
P5,frac_Tumour,contiguous,-0.2965811965811966,71.0
P5,frac_Immune,contiguous,-0.3162393162393162,71.0
P5,score_Estrogen_response,contiguous,-0.2687679152483614,71.0
P5,score_Proliferation,contiguous,-0.0016839985918140248,71.0
P5,score_T_cell_activity,contiguous,0.006612311543494547,71.0
P5,score_Myeloid_inflammation,contiguous,0.019159817949271817,71.0
P5,tumour_immune_contact,contiguous,,71.0
P5,frac_Tumour,contiguous,-0.2965811965811966,73.0
P5,frac_Immune,contiguous,-0.3162393162393162,73.0
P5,score_Estrogen_response,contiguous,-0.19207120065038485,73.0
P5,score_Proliferation,contiguous,-0.0019726110534998937,73.0
P5,score_T_cell_activity,contiguous,0.003927038090181486,73.0
P5,score_Myeloid_inflammation,contiguous,0.015088231312438593,73.0
P5,tumour_immune_contact,contiguous,,73.0
P5,frac_Tumour,contiguous,-0.2965811965811966,74.0
P5,frac_Immune,contiguous,-0.3162393162393162,74.0
P5,score_Estrogen_response,contiguous,-0.30251795728151437,74.0
P5,score_Proliferation,contiguous,-0.0018077899710924918,74.0
P5,score_T_cell_activity,contiguous,0.006186096897763744,74.0
P5,score_Myeloid_inflammation,contiguous,0.00020060283418768987,74.0
P5,tumour_immune_contact,contiguous,,74.0
P5,frac_Tumour,contiguous,-0.2965811965811966,75.0
P5,frac_Immune,contiguous,-0.3162393162393162,75.0
P5,score_Estrogen_response,contiguous,-0.07212193878011458,75.0
P5,score_Proliferation,contiguous,-0.0033792124903664856,75.0
P5,score_T_cell_activity,contiguous,0.0038009301253533433,75.0
P5,score_Myeloid_inflammation,contiguous,0.009718035146188533,75.0
P5,tumour_immune_contact,contiguous,,75.0
P5,frac_Tumour,contiguous,-0.2965811965811966,76.0
P5,frac_Immune,contiguous,-0.3162393162393162,76.0
P5,score_Estrogen_response,contiguous,-0.14065832061171712,76.0
P5,score_Proliferation,contiguous,-0.0008972182268258862,76.0
P5,score_T_cell_activity,contiguous,0.0034046699188373707,76.0
P5,score_Myeloid_inflammation,contiguous,0.016425146044878304,76.0
P5,tumour_immune_contact,contiguous,,76.0
P5,frac_Tumour,contiguous,-0.2965811965811966,77.0
P5,frac_Immune,contiguous,-0.3162393162393162,77.0
P5,score_Estrogen_response,contiguous,-0.15404971934719625,77.0
P5,score_Proliferation,contiguous,-0.002033472629558806,77.0
P5,score_T_cell_activity,contiguous,0.004437183808804917,77.0
P5,score_Myeloid_inflammation,contiguous,-0.010024198440695315,77.0
P5,tumour_immune_contact,contiguous,,77.0
P5,frac_Tumour,contiguous,-0.2965811965811966,78.0
P5,frac_Immune,contiguous,-0.3162393162393162,78.0
P5,score_Estrogen_response,contiguous,-0.3072914056672763,78.0
P5,score_Proliferation,contiguous,-0.002151522949112395,78.0
P5,score_T_cell_activity,contiguous,0.006260037153738516,78.0
P5,score_Myeloid_inflammation,contiguous,0.016907902303536594,78.0
P5,tumour_immune_contact,contiguous,,78.0
P5,frac_Tumour,contiguous,-0.2965811965811966,79.0
P5,frac_Immune,contiguous,-0.3162393162393162,79.0
P5,score_Estrogen_response,contiguous,-0.19481206554160596,79.0
P5,score_Proliferation,contiguous,-0.0008574825007822296,79.0
P5,score_T_cell_activity,contiguous,0.003881702848105689,79.0
P5,score_Myeloid_inflammation,contiguous,-0.0068275176488039714,79.0
P5,tumour_immune_contact,contiguous,,79.0
P5,frac_Tumour,contiguous,-0.2965811965811966,80.0
P5,frac_Immune,contiguous,-0.3162393162393162,80.0
P5,score_Estrogen_response,contiguous,0.09290399733434995,80.0
P5,score_Proliferation,contiguous,-0.0002815873196354759,80.0
P5,score_T_cell_activity,contiguous,0.0033411728844004135,80.0
P5,score_Myeloid_inflammation,contiguous,-0.01234834568501406,80.0
P5,tumour_immune_contact,contiguous,,80.0
P5,frac_Tumour,contiguous,-0.2965811965811966,81.0
P5,frac_Immune,contiguous,-0.3162393162393162,81.0
P5,score_Estrogen_response,contiguous,-0.1434913212409729,81.0
P5,score_Proliferation,contiguous,-0.0013635470562842478,81.0
P5,score_T_cell_activity,contiguous,0.0054527888439998996,81.0
P5,score_Myeloid_inflammation,contiguous,-0.008371812047829453,81.0
P5,tumour_immune_contact,contiguous,,81.0
P5,frac_Tumour,contiguous,-0.2965811965811966,82.0
P5,frac_Immune,contiguous,-0.3162393162393162,82.0
P5,score_Estrogen_response,contiguous,-0.057642978097044606,82.0
P5,score_Proliferation,contiguous,0.0029127128669196147,82.0
P5,score_T_cell_activity,contiguous,0.0036634512970590187,82.0
P5,score_Myeloid_inflammation,contiguous,-0.012378511731003704,82.0
P5,tumour_immune_contact,contiguous,,82.0
P5,frac_Tumour,contiguous,-0.2965811965811966,84.0
P5,frac_Immune,contiguous,-0.3162393162393162,84.0
P5,score_Estrogen_response,contiguous,-0.11150461807631334,84.0
P5,score_Proliferation,contiguous,0.002780374296460416,84.0
P5,score_T_cell_activity,contiguous,0.0063740410046699714,84.0
P5,score_Myeloid_inflammation,contiguous,0.0011241593168777016,84.0
P5,tumour_immune_contact,contiguous,,84.0
P5,frac_Tumour,contiguous,-0.2965811965811966,86.0
P5,frac_Immune,contiguous,-0.3162393162393162,86.0
P5,score_Estrogen_response,contiguous,0.09517363381701716,86.0
P5,score_Proliferation,contiguous,0.00033162037036824207,86.0
P5,score_T_cell_activity,contiguous,-1.1244666542422482e-05,86.0
P5,score_Myeloid_inflammation,contiguous,0.002054215660123217,86.0
P5,tumour_immune_contact,contiguous,,86.0
P5,frac_Tumour,contiguous,-0.2965811965811966,87.0
P5,frac_Immune,contiguous,-0.3162393162393162,87.0
P5,score_Estrogen_response,contiguous,-0.1995057594317528,87.0
P5,score_Proliferation,contiguous,-0.001773141913841524,87.0
P5,score_T_cell_activity,contiguous,0.004528498269010473,87.0
P5,score_Myeloid_inflammation,contiguous,-0.008172684745861487,87.0
P5,tumour_immune_contact,contiguous,,87.0
P5,frac_Tumour,contiguous,-0.2965811965811966,88.0
P5,frac_Immune,contiguous,-0.3162393162393162,88.0
P5,score_Estrogen_response,contiguous,-0.09678403876350339,88.0
P5,score_Proliferation,contiguous,-0.0016368594784751857,88.0
P5,score_T_cell_activity,contiguous,0.004888614835834231,88.0
P5,score_Myeloid_inflammation,contiguous,-0.007762744878916358,88.0
P5,tumour_immune_contact,contiguous,,88.0
P5,frac_Tumour,contiguous,-0.2965811965811966,90.0
P5,frac_Immune,contiguous,-0.3162393162393162,90.0
P5,score_Estrogen_response,contiguous,-0.11603845820288489,90.0
P5,score_Proliferation,contiguous,-0.00010391382565398634,90.0
P5,score_T_cell_activity,contiguous,0.0047655197986510404,90.0
P5,score_Myeloid_inflammation,contiguous,-0.00908350676824481,90.0
P5,tumour_immune_contact,contiguous,,90.0
P5,frac_Tumour,contiguous,-0.2965811965811966,91.0
P5,frac_Immune,contiguous,-0.3162393162393162,91.0
P5,score_Estrogen_response,contiguous,0.10615082293768063,91.0
P5,score_Proliferation,contiguous,0.002571994492986626,91.0
P5,score_T_cell_activity,contiguous,-3.671143985541775e-05,91.0
P5,score_Myeloid_inflammation,contiguous,0.006718251864116229,91.0
P5,tumour_immune_contact,contiguous,,91.0
P5,frac_Tumour,contiguous,-0.2965811965811966,92.0
P5,frac_Immune,contiguous,-0.3162393162393162,92.0
P5,score_Estrogen_response,contiguous,-0.1530605667759113,92.0
P5,score_Proliferation,contiguous,-0.0020733384485246064,92.0
P5,score_T_cell_activity,contiguous,0.004464167780685968,92.0
P5,score_Myeloid_inflammation,contiguous,-0.009305423779461544,92.0
P5,tumour_immune_contact,contiguous,,92.0
P5,frac_Tumour,contiguous,-0.2965811965811966,93.0
P5,frac_Immune,contiguous,-0.3162393162393162,93.0
P5,score_Estrogen_response,contiguous,-0.13718887858278062,93.0
P5,score_Proliferation,contiguous,-0.0005288842385973969,93.0
P5,score_T_cell_activity,contiguous,0.006097198807547914,93.0
P5,score_Myeloid_inflammation,contiguous,0.0004466320298101929,93.0
P5,tumour_immune_contact,contiguous,,93.0
P5,frac_Tumour,contiguous,-0.2965811965811966,94.0
P5,frac_Immune,contiguous,-0.3162393162393162,94.0
P5,score_Estrogen_response,contiguous,0.0891819415629097,94.0
P5,score_Proliferation,contiguous,0.00037680097651793276,94.0
P5,score_T_cell_activity,contiguous,0.003589097755247372,94.0
P5,score_Myeloid_inflammation,contiguous,-0.0064734476522834055,94.0
P5,tumour_immune_contact,contiguous,,94.0
P5,frac_Tumour,contiguous,-0.2965811965811966,95.0
P5,frac_Immune,contiguous,-0.3162393162393162,95.0
P5,score_Estrogen_response,contiguous,-0.14394267911702724,95.0
P5,score_Proliferation,contiguous,-0.0014711189760597274,95.0
P5,score_T_cell_activity,contiguous,0.004202375462184264,95.0
P5,score_Myeloid_inflammation,contiguous,-0.009262038543643672,95.0
P5,tumour_immune_contact,contiguous,,95.0
P5,frac_Tumour,contiguous,-0.2965811965811966,96.0
P5,frac_Immune,contiguous,-0.3162393162393162,96.0
P5,score_Estrogen_response,contiguous,-0.1567356292407358,96.0
P5,score_Proliferation,contiguous,-0.0010677162258860653,96.0
P5,score_T_cell_activity,contiguous,0.005298525566049451,96.0
P5,score_Myeloid_inflammation,contiguous,-0.006192020710085327,96.0
P5,tumour_immune_contact,contiguous,,96.0
P5,frac_Tumour,contiguous,-0.2965811965811966,97.0
P5,frac_Immune,contiguous,-0.3162393162393162,97.0
P5,score_Estrogen_response,contiguous,-0.11814868724282668,97.0
P5,score_Proliferation,contiguous,-0.0028570195006746447,97.0
P5,score_T_cell_activity,contiguous,0.005840246961802837,97.0
P5,score_Myeloid_inflammation,contiguous,-0.007525549589155493,97.0
P5,tumour_immune_contact,contiguous,,97.0
P5,frac_Tumour,contiguous,-0.2965811965811966,98.0
P5,frac_Immune,contiguous,-0.3162393162393162,98.0
P5,score_Estrogen_response,contiguous,-0.2242064338146434,98.0
P5,score_Proliferation,contiguous,-0.0011784913054710042,98.0
P5,score_T_cell_activity,contiguous,0.005577751940471834,98.0
P5,score_Myeloid_inflammation,contiguous,-0.005420762470983559,98.0
P5,tumour_immune_contact,contiguous,,98.0
P5,frac_Tumour,contiguous,-0.2965811965811966,99.0
P5,frac_Immune,contiguous,-0.3162393162393162,99.0
P5,score_Estrogen_response,contiguous,-0.30488494696636786,99.0
P5,score_Proliferation,contiguous,-0.0018090802294600831,99.0
P5,score_T_cell_activity,contiguous,0.00601588557038212,99.0
P5,score_Myeloid_inflammation,contiguous,0.0014710113153167093,99.0
P5,tumour_immune_contact,contiguous,,99.0
P6,frac_Tumour,full,0.0,
P6,frac_Immune,full,0.2725556021821234,
P6,score_Estrogen_response,full,-0.38264214087288023,
P6,score_Proliferation,full,0.003346574262962423,
P6,score_T_cell_activity,full,-0.0002652620685716598,
P6,score_Myeloid_inflammation,full,0.29391699845104413,
P6,tumour_immune_contact,full,,
P6,frac_Tumour,random,0.0,0.0
P6,frac_Immune,random,0.2925170068027211,0.0
P6,score_Estrogen_response,random,-0.3881225635800818,0.0
P6,score_Proliferation,random,0.0002570947653311997,0.0
P6,score_T_cell_activity,random,0.0027459630941273623,0.0
P6,score_Myeloid_inflammation,random,0.3313028159161235,0.0
P6,tumour_immune_contact,random,,0.0
P6,frac_Tumour,random,0.0,1.0
P6,frac_Immune,random,0.29591836734693877,1.0
P6,score_Estrogen_response,random,-0.3937147869258175,1.0
P6,score_Proliferation,random,0.0026858302200732597,1.0
P6,score_T_cell_activity,random,0.0026919447131335764,1.0
P6,score_Myeloid_inflammation,random,0.2956941503263192,1.0
P6,tumour_immune_contact,random,,1.0
P6,frac_Tumour,random,0.0,2.0
P6,frac_Immune,random,0.2687074829931973,2.0
P6,score_Estrogen_response,random,-0.3986048363697923,2.0
P6,score_Proliferation,random,0.004132196077413842,2.0
P6,score_T_cell_activity,random,-0.004726670099004647,2.0
P6,score_Myeloid_inflammation,random,0.29033836482275566,2.0
P6,tumour_immune_contact,random,,2.0
P6,frac_Tumour,random,0.0,3.0
P6,frac_Immune,random,0.21768707482993196,3.0
P6,score_Estrogen_response,random,-0.38552390978468287,3.0
P6,score_Proliferation,random,0.0017801154430220744,3.0
P6,score_T_cell_activity,random,-0.00466227585372076,3.0
P6,score_Myeloid_inflammation,random,0.300553826497989,3.0
P6,tumour_immune_contact,random,,3.0
P6,frac_Tumour,random,0.0,4.0
P6,frac_Immune,random,0.2891156462585034,4.0
P6,score_Estrogen_response,random,-0.3788445512913817,4.0
P6,score_Proliferation,random,0.013313815289614152,4.0
P6,score_T_cell_activity,random,0.007583378395146143,4.0
P6,score_Myeloid_inflammation,random,0.288074212679015,4.0
P6,tumour_immune_contact,random,,4.0
P6,frac_Tumour,random,0.0,5.0
P6,frac_Immune,random,0.25510204081632654,5.0
P6,score_Estrogen_response,random,-0.3673057649449836,5.0
P6,score_Proliferation,random,-0.007026922754825104,5.0
P6,score_T_cell_activity,random,0.0049330981386170305,5.0
P6,score_Myeloid_inflammation,random,0.2945356731570034,5.0
P6,tumour_immune_contact,random,,5.0
P6,frac_Tumour,random,0.0,6.0
P6,frac_Immune,random,0.25510204081632654,6.0
P6,score_Estrogen_response,random,-0.38406698186388905,6.0
P6,score_Proliferation,random,0.0017872508684523836,6.0
P6,score_T_cell_activity,random,0.004026957262509915,6.0
P6,score_Myeloid_inflammation,random,0.3241682432645496,6.0
P6,tumour_immune_contact,random,,6.0
P6,frac_Tumour,random,0.0,7.0
P6,frac_Immune,random,0.23809523809523808,7.0
P6,score_Estrogen_response,random,-0.375309491808142,7.0
P6,score_Proliferation,random,0.00466248489831851,7.0
P6,score_T_cell_activity,random,0.0035320146377562827,7.0
P6,score_Myeloid_inflammation,random,0.27253223391269693,7.0
P6,tumour_immune_contact,random,,7.0
P6,frac_Tumour,random,0.0,8.0
P6,frac_Immune,random,0.2789115646258503,8.0
P6,score_Estrogen_response,random,-0.3758259780267678,8.0
P6,score_Proliferation,random,-0.0033581723816811055,8.0
P6,score_T_cell_activity,random,-0.005434273793693413,8.0
P6,score_Myeloid_inflammation,random,0.283136428171738,8.0
P6,tumour_immune_contact,random,,8.0
P6,frac_Tumour,random,0.0,9.0
P6,frac_Immune,random,0.29931972789115646,9.0
P6,score_Estrogen_response,random,-0.3866384078749989,9.0
P6,score_Proliferation,random,-0.0020551652973200994,9.0
P6,score_T_cell_activity,random,-0.0023098107490965056,9.0
P6,score_Myeloid_inflammation,random,0.3024123955931446,9.0
P6,tumour_immune_contact,random,,9.0
P6,frac_Tumour,random,0.0,10.0
P6,frac_Immune,random,0.24489795918367346,10.0
P6,score_Estrogen_response,random,-0.392184857392335,10.0
P6,score_Proliferation,random,0.008062732530559275,10.0
P6,score_T_cell_activity,random,-0.004727233319428064,10.0
P6,score_Myeloid_inflammation,random,0.30463555184814745,10.0
P6,tumour_immune_contact,random,,10.0
P6,frac_Tumour,random,0.0,11.0
P6,frac_Immune,random,0.22789115646258504,11.0
P6,score_Estrogen_response,random,-0.3259536868981162,11.0
P6,score_Proliferation,random,-0.0032838876906976676,11.0
P6,score_T_cell_activity,random,-0.0040865445607519615,11.0
P6,score_Myeloid_inflammation,random,0.24027108270526507,11.0
P6,tumour_immune_contact,random,,11.0
P6,frac_Tumour,random,0.0,12.0
P6,frac_Immune,random,0.22789115646258504,12.0
P6,score_Estrogen_response,random,-0.36116777868361766,12.0
P6,score_Proliferation,random,-0.0010463396863602172,12.0
P6,score_T_cell_activity,random,-0.004720906930394403,12.0
P6,score_Myeloid_inflammation,random,0.29655384225388887,12.0
P6,tumour_immune_contact,random,,12.0
P6,frac_Tumour,random,0.0,13.0
P6,frac_Immune,random,0.2789115646258503,13.0
P6,score_Estrogen_response,random,-0.3563457304028682,13.0
P6,score_Proliferation,random,0.0029942114492392605,13.0
P6,score_T_cell_activity,random,-0.0014361095785356778,13.0
P6,score_Myeloid_inflammation,random,0.29093031768490674,13.0
P6,tumour_immune_contact,random,,13.0
P6,frac_Tumour,random,0.0,14.0
P6,frac_Immune,random,0.22789115646258504,14.0
P6,score_Estrogen_response,random,-0.38075651655933646,14.0
P6,score_Proliferation,random,-0.0015164579900484214,14.0
P6,score_T_cell_activity,random,0.0007522323705142274,14.0
P6,score_Myeloid_inflammation,random,0.2945231369401322,14.0
P6,tumour_immune_contact,random,,14.0
P6,frac_Tumour,random,0.0,15.0
P6,frac_Immune,random,0.24829931972789115,15.0
P6,score_Estrogen_response,random,-0.3791685775585549,15.0
P6,score_Proliferation,random,0.004938315499126236,15.0
P6,score_T_cell_activity,random,0.0035830867408303394,15.0
P6,score_Myeloid_inflammation,random,0.2974819378932781,15.0
P6,tumour_immune_contact,random,,15.0
P6,frac_Tumour,random,0.0,16.0
P6,frac_Immune,random,0.2891156462585034,16.0
P6,score_Estrogen_response,random,-0.3847427997804024,16.0
P6,score_Proliferation,random,0.0008668175001803995,16.0
P6,score_T_cell_activity,random,-0.0011286039226062593,16.0
P6,score_Myeloid_inflammation,random,0.27569169251749653,16.0
P6,tumour_immune_contact,random,,16.0
P6,frac_Tumour,random,0.0,17.0
P6,frac_Immune,random,0.2619047619047619,17.0
P6,score_Estrogen_response,random,-0.4031250287687926,17.0
P6,score_Proliferation,random,-0.003374109048556847,17.0
P6,score_T_cell_activity,random,-0.003436683558830337,17.0
P6,score_Myeloid_inflammation,random,0.3118739246702287,17.0
P6,tumour_immune_contact,random,,17.0
P6,frac_Tumour,random,0.0,18.0
P6,frac_Immune,random,0.2789115646258503,18.0
P6,score_Estrogen_response,random,-0.38140741815413864,18.0
P6,score_Proliferation,random,0.000403186440332679,18.0
P6,score_T_cell_activity,random,0.002624080979905161,18.0
P6,score_Myeloid_inflammation,random,0.30387189683575905,18.0
P6,tumour_immune_contact,random,,18.0
P6,frac_Tumour,random,0.0,19.0
P6,frac_Immune,random,0.282312925170068,19.0
P6,score_Estrogen_response,random,-0.3808210227624713,19.0
P6,score_Proliferation,random,0.010964531146344686,19.0
P6,score_T_cell_activity,random,0.0009908167774305998,19.0
P6,score_Myeloid_inflammation,random,0.2533956482320069,19.0
P6,tumour_immune_contact,random,,19.0
P6,frac_Tumour,random,0.0,20.0
P6,frac_Immune,random,0.23809523809523808,20.0
P6,score_Estrogen_response,random,-0.3602148834737108,20.0
P6,score_Proliferation,random,0.0033744461290420085,20.0
P6,score_T_cell_activity,random,-0.002806421503458435,20.0
P6,score_Myeloid_inflammation,random,0.3225137084722519,20.0
P6,tumour_immune_contact,random,,20.0
P6,frac_Tumour,random,0.0,21.0
P6,frac_Immune,random,0.29591836734693877,21.0
P6,score_Estrogen_response,random,-0.3646727090613402,21.0
P6,score_Proliferation,random,-0.0013535143330253956,21.0
P6,score_T_cell_activity,random,-0.012509203692156728,21.0
P6,score_Myeloid_inflammation,random,0.313507395814181,21.0
P6,tumour_immune_contact,random,,21.0
P6,frac_Tumour,random,0.0,22.0
P6,frac_Immune,random,0.2687074829931973,22.0
P6,score_Estrogen_response,random,-0.3788720567096832,22.0
P6,score_Proliferation,random,-0.001830110583716238,22.0
P6,score_T_cell_activity,random,-0.008579916394669365,22.0
P6,score_Myeloid_inflammation,random,0.275793104657163,22.0
P6,tumour_immune_contact,random,,22.0
P6,frac_Tumour,random,0.0,23.0
P6,frac_Immune,random,0.2925170068027211,23.0
P6,score_Estrogen_response,random,-0.4008195227019584,23.0
P6,score_Proliferation,random,0.003407688061801756,23.0
P6,score_T_cell_activity,random,-0.009769620724538821,23.0
P6,score_Myeloid_inflammation,random,0.30480105968212134,23.0
P6,tumour_immune_contact,random,,23.0
P6,frac_Tumour,random,0.0,24.0
P6,frac_Immune,random,0.22448979591836735,24.0
P6,score_Estrogen_response,random,-0.3889067784384231,24.0
P6,score_Proliferation,random,-0.007695927326641383,24.0
P6,score_T_cell_activity,random,-0.0033489164161924693,24.0
P6,score_Myeloid_inflammation,random,0.2865459940825074,24.0
P6,tumour_immune_contact,random,,24.0
P6,frac_Tumour,random,0.0,25.0
P6,frac_Immune,random,0.23809523809523808,25.0
P6,score_Estrogen_response,random,-0.4117313905435569,25.0
P6,score_Proliferation,random,-0.0016617847543184431,25.0
P6,score_T_cell_activity,random,0.013879870678974934,25.0
P6,score_Myeloid_inflammation,random,0.30520216938242156,25.0
P6,tumour_immune_contact,random,,25.0
P6,frac_Tumour,random,0.0,26.0
P6,frac_Immune,random,0.23129251700680273,26.0
P6,score_Estrogen_response,random,-0.370244919616171,26.0
P6,score_Proliferation,random,-0.004170883933162474,26.0
P6,score_T_cell_activity,random,9.823879906598867e-05,26.0
P6,score_Myeloid_inflammation,random,0.3146935716824582,26.0
P6,tumour_immune_contact,random,,26.0
P6,frac_Tumour,random,0.0,27.0
P6,frac_Immune,random,0.3231292517006803,27.0
P6,score_Estrogen_response,random,-0.3884902360637343,27.0
P6,score_Proliferation,random,0.005294457869329693,27.0
P6,score_T_cell_activity,random,-0.0031541372474453992,27.0
P6,score_Myeloid_inflammation,random,0.2978581790853404,27.0
P6,tumour_immune_contact,random,,27.0
P6,frac_Tumour,random,0.0,28.0
P6,frac_Immune,random,0.2925170068027211,28.0
P6,score_Estrogen_response,random,-0.35546983494979467,28.0
P6,score_Proliferation,random,-0.001409593810435054,28.0
P6,score_T_cell_activity,random,-0.002750591053776118,28.0
P6,score_Myeloid_inflammation,random,0.28138877616679364,28.0
P6,tumour_immune_contact,random,,28.0
P6,frac_Tumour,random,0.0,29.0
P6,frac_Immune,random,0.3197278911564626,29.0
P6,score_Estrogen_response,random,-0.36390606788879204,29.0
P6,score_Proliferation,random,0.002864850451346159,29.0
P6,score_T_cell_activity,random,-0.0048203443644012755,29.0
P6,score_Myeloid_inflammation,random,0.3180920722834455,29.0
P6,tumour_immune_contact,random,,29.0
P6,frac_Tumour,random,0.0,30.0
P6,frac_Immune,random,0.2755102040816326,30.0
P6,score_Estrogen_response,random,-0.3763951022062457,30.0
P6,score_Proliferation,random,-0.006636896849759848,30.0
P6,score_T_cell_activity,random,-0.00011021615214417118,30.0
P6,score_Myeloid_inflammation,random,0.29308850183199636,30.0
P6,tumour_immune_contact,random,,30.0
P6,frac_Tumour,random,0.0,31.0
P6,frac_Immune,random,0.2755102040816326,31.0
P6,score_Estrogen_response,random,-0.3960898484211851,31.0
P6,score_Proliferation,random,0.006202560458459013,31.0
P6,score_T_cell_activity,random,0.003379784020666999,31.0
P6,score_Myeloid_inflammation,random,0.2669805402977011,31.0
P6,tumour_immune_contact,random,,31.0
P6,frac_Tumour,random,0.0,32.0
P6,frac_Immune,random,0.2653061224489796,32.0
P6,score_Estrogen_response,random,-0.3836981877294251,32.0
P6,score_Proliferation,random,0.005610514629860317,32.0
P6,score_T_cell_activity,random,0.0019800393923814818,32.0
P6,score_Myeloid_inflammation,random,0.3054713548996474,32.0
P6,tumour_immune_contact,random,,32.0
P6,frac_Tumour,random,0.0,33.0
P6,frac_Immune,random,0.272108843537415,33.0
P6,score_Estrogen_response,random,-0.38450438252163327,33.0
P6,score_Proliferation,random,0.005951942339235423,33.0
P6,score_T_cell_activity,random,-0.00021125179847359256,33.0
P6,score_Myeloid_inflammation,random,0.26634792939914553,33.0
P6,tumour_immune_contact,random,,33.0
P6,frac_Tumour,random,0.0,34.0
P6,frac_Immune,random,0.25170068027210885,34.0
P6,score_Estrogen_response,random,-0.3885804325759733,34.0
P6,score_Proliferation,random,-0.0006396766733420415,34.0
P6,score_T_cell_activity,random,-0.006029879862226064,34.0
P6,score_Myeloid_inflammation,random,0.2975507318417463,34.0
P6,tumour_immune_contact,random,,34.0
P6,frac_Tumour,random,0.0,35.0
P6,frac_Immune,random,0.24829931972789115,35.0
P6,score_Estrogen_response,random,-0.36684777161950965,35.0
P6,score_Proliferation,random,0.0029755387764398766,35.0
P6,score_T_cell_activity,random,-0.001650743802118194,35.0
P6,score_Myeloid_inflammation,random,0.25424558193273517,35.0
P6,tumour_immune_contact,random,,35.0
P6,frac_Tumour,random,0.0,36.0
P6,frac_Immune,random,0.23809523809523808,36.0
P6,score_Estrogen_response,random,-0.3509088926689955,36.0
P6,score_Proliferation,random,0.0012119282853035726,36.0
P6,score_T_cell_activity,random,0.005212309223191005,36.0
P6,score_Myeloid_inflammation,random,0.29622892376401105,36.0
P6,tumour_immune_contact,random,,36.0
P6,frac_Tumour,random,0.0,37.0
P6,frac_Immune,random,0.24829931972789115,37.0
P6,score_Estrogen_response,random,-0.3757443444115648,37.0
P6,score_Proliferation,random,0.004218105103423537,37.0
P6,score_T_cell_activity,random,-0.006721081603952007,37.0
P6,score_Myeloid_inflammation,random,0.30882548267338555,37.0
P6,tumour_immune_contact,random,,37.0
P6,frac_Tumour,random,0.0,38.0
P6,frac_Immune,random,0.282312925170068,38.0
P6,score_Estrogen_response,random,-0.3964252733876035,38.0
P6,score_Proliferation,random,-0.005302379358382451,38.0
P6,score_T_cell_activity,random,0.006727589221242347,38.0
P6,score_Myeloid_inflammation,random,0.3091469267436436,38.0
P6,tumour_immune_contact,random,,38.0
P6,frac_Tumour,random,0.0,39.0
P6,frac_Immune,random,0.29591836734693877,39.0
P6,score_Estrogen_response,random,-0.40674064683158406,39.0
P6,score_Proliferation,random,0.011761866949177656,39.0
P6,score_T_cell_activity,random,-0.008133467107275184,39.0
P6,score_Myeloid_inflammation,random,0.2995256685712479,39.0
P6,tumour_immune_contact,random,,39.0
P6,frac_Tumour,random,0.0,40.0
P6,frac_Immune,random,0.2857142857142857,40.0
P6,score_Estrogen_response,random,-0.3719886924140476,40.0
P6,score_Proliferation,random,0.008102459159432626,40.0
P6,score_T_cell_activity,random,0.008346344557029548,40.0
P6,score_Myeloid_inflammation,random,0.30419660432982837,40.0
P6,tumour_immune_contact,random,,40.0
P6,frac_Tumour,random,0.0,41.0
P6,frac_Immune,random,0.282312925170068,41.0
P6,score_Estrogen_response,random,-0.38285096777745914,41.0
P6,score_Proliferation,random,-0.004529726099805765,41.0
P6,score_T_cell_activity,random,0.0028089874718362673,41.0
P6,score_Myeloid_inflammation,random,0.2941846110817295,41.0
P6,tumour_immune_contact,random,,41.0
P6,frac_Tumour,random,0.0,42.0
P6,frac_Immune,random,0.2755102040816326,42.0
P6,score_Estrogen_response,random,-0.3701933871953284,42.0
P6,score_Proliferation,random,0.005870721267194165,42.0
P6,score_T_cell_activity,random,-0.0032939841991371844,42.0
P6,score_Myeloid_inflammation,random,0.282000612880097,42.0
P6,tumour_immune_contact,random,,42.0
P6,frac_Tumour,random,0.0,43.0
P6,frac_Immune,random,0.23129251700680273,43.0
P6,score_Estrogen_response,random,-0.39325097595942604,43.0
P6,score_Proliferation,random,0.009139704166356129,43.0
P6,score_T_cell_activity,random,0.006547853807582715,43.0
P6,score_Myeloid_inflammation,random,0.2666371698560242,43.0
P6,tumour_immune_contact,random,,43.0
P6,frac_Tumour,random,0.0,44.0
P6,frac_Immune,random,0.22448979591836735,44.0
P6,score_Estrogen_response,random,-0.40169859953023224,44.0
P6,score_Proliferation,random,-0.0018231912230958708,44.0
P6,score_T_cell_activity,random,0.005220843389527124,44.0
P6,score_Myeloid_inflammation,random,0.24477958063805874,44.0
P6,tumour_immune_contact,random,,44.0
P6,frac_Tumour,random,0.0,45.0
P6,frac_Immune,random,0.25170068027210885,45.0
P6,score_Estrogen_response,random,-0.3831490966691238,45.0
P6,score_Proliferation,random,-0.007157679477246169,45.0
P6,score_T_cell_activity,random,-0.0020094548916746585,45.0
P6,score_Myeloid_inflammation,random,0.2528301000125902,45.0
P6,tumour_immune_contact,random,,45.0
P6,frac_Tumour,random,0.0,46.0
P6,frac_Immune,random,0.25170068027210885,46.0
P6,score_Estrogen_response,random,-0.3735745478396153,46.0
P6,score_Proliferation,random,0.006269136321923092,46.0
P6,score_T_cell_activity,random,0.0016821789931650427,46.0
P6,score_Myeloid_inflammation,random,0.30458144855916325,46.0
P6,tumour_immune_contact,random,,46.0
P6,frac_Tumour,random,0.0,47.0
P6,frac_Immune,random,0.272108843537415,47.0
P6,score_Estrogen_response,random,-0.3606506510017521,47.0
P6,score_Proliferation,random,0.009345959925056857,47.0
P6,score_T_cell_activity,random,-0.00783984378708076,47.0
P6,score_Myeloid_inflammation,random,0.2960946580990642,47.0
P6,tumour_immune_contact,random,,47.0
P6,frac_Tumour,random,0.0,48.0
P6,frac_Immune,random,0.282312925170068,48.0
P6,score_Estrogen_response,random,-0.3878609466080823,48.0
P6,score_Proliferation,random,0.007509740023385912,48.0
P6,score_T_cell_activity,random,-0.000457198155721175,48.0
P6,score_Myeloid_inflammation,random,0.29490254131999266,48.0
P6,tumour_immune_contact,random,,48.0
P6,frac_Tumour,random,0.0,49.0
P6,frac_Immune,random,0.3231292517006803,49.0
P6,score_Estrogen_response,random,-0.34671849688148565,49.0
P6,score_Proliferation,random,-0.00016383293737359285,49.0
P6,score_T_cell_activity,random,0.00076582017658373,49.0
P6,score_Myeloid_inflammation,random,0.2579559795293446,49.0
P6,tumour_immune_contact,random,,49.0
P6,frac_Tumour,random,0.0,50.0
P6,frac_Immune,random,0.272108843537415,50.0
P6,score_Estrogen_response,random,-0.40281714019890597,50.0
P6,score_Proliferation,random,0.012734765806435998,50.0
P6,score_T_cell_activity,random,0.0048981139846837884,50.0
P6,score_Myeloid_inflammation,random,0.32668212289307397,50.0
P6,tumour_immune_contact,random,,50.0
P6,frac_Tumour,random,0.0,51.0
P6,frac_Immune,random,0.22789115646258504,51.0
P6,score_Estrogen_response,random,-0.36975848477474,51.0
P6,score_Proliferation,random,-0.005411990118675489,51.0
P6,score_T_cell_activity,random,-0.00420209205043939,51.0
P6,score_Myeloid_inflammation,random,0.27211098206692,51.0
P6,tumour_immune_contact,random,,51.0
P6,frac_Tumour,random,0.0,52.0
P6,frac_Immune,random,0.2789115646258503,52.0
P6,score_Estrogen_response,random,-0.35728149617198196,52.0
P6,score_Proliferation,random,0.0027628698708519143,52.0
P6,score_T_cell_activity,random,0.0012426195362294106,52.0
P6,score_Myeloid_inflammation,random,0.301529103161874,52.0
P6,tumour_immune_contact,random,,52.0
P6,frac_Tumour,random,0.0,53.0
P6,frac_Immune,random,0.2619047619047619,53.0
P6,score_Estrogen_response,random,-0.3600705510735363,53.0
P6,score_Proliferation,random,-0.004637786916324069,53.0
P6,score_T_cell_activity,random,0.0060476536290562455,53.0
P6,score_Myeloid_inflammation,random,0.34147302393141715,53.0
P6,tumour_immune_contact,random,,53.0
P6,frac_Tumour,random,0.0,54.0
P6,frac_Immune,random,0.30272108843537415,54.0
P6,score_Estrogen_response,random,-0.3930696770192381,54.0
P6,score_Proliferation,random,0.013550315537149946,54.0
P6,score_T_cell_activity,random,0.0006092760591681702,54.0
P6,score_Myeloid_inflammation,random,0.2803390641601719,54.0
P6,tumour_immune_contact,random,,54.0
P6,frac_Tumour,random,0.0,55.0
P6,frac_Immune,random,0.2619047619047619,55.0
P6,score_Estrogen_response,random,-0.3664686120794354,55.0
P6,score_Proliferation,random,0.01256776637501187,55.0
P6,score_T_cell_activity,random,0.0029909987321647758,55.0
P6,score_Myeloid_inflammation,random,0.30144383216506654,55.0
P6,tumour_immune_contact,random,,55.0
P6,frac_Tumour,random,0.0,56.0
P6,frac_Immune,random,0.2653061224489796,56.0
P6,score_Estrogen_response,random,-0.42000487763090566,56.0
P6,score_Proliferation,random,0.020672179025316994,56.0
P6,score_T_cell_activity,random,0.002486183567579568,56.0
P6,score_Myeloid_inflammation,random,0.3096015517206535,56.0
P6,tumour_immune_contact,random,,56.0
P6,frac_Tumour,random,0.0,57.0
P6,frac_Immune,random,0.30272108843537415,57.0
P6,score_Estrogen_response,random,-0.39646779382649083,57.0
P6,score_Proliferation,random,0.0030243327017544083,57.0
P6,score_T_cell_activity,random,-0.0030791778555905296,57.0
P6,score_Myeloid_inflammation,random,0.31129402693321223,57.0
P6,tumour_immune_contact,random,,57.0
P6,frac_Tumour,random,0.0,58.0
P6,frac_Immune,random,0.2585034013605442,58.0
P6,score_Estrogen_response,random,-0.3983709063759608,58.0
P6,score_Proliferation,random,-0.008812512678353965,58.0
P6,score_T_cell_activity,random,-0.0032087202862853942,58.0
P6,score_Myeloid_inflammation,random,0.31460192402725207,58.0
P6,tumour_immune_contact,random,,58.0
P6,frac_Tumour,random,0.0,59.0
P6,frac_Immune,random,0.2857142857142857,59.0
P6,score_Estrogen_response,random,-0.38521740132759286,59.0
P6,score_Proliferation,random,0.013171234297103625,59.0
P6,score_T_cell_activity,random,0.00036583023950692155,59.0
P6,score_Myeloid_inflammation,random,0.31343175437174686,59.0
P6,tumour_immune_contact,random,,59.0
P6,frac_Tumour,random,0.0,60.0
P6,frac_Immune,random,0.25170068027210885,60.0
P6,score_Estrogen_response,random,-0.37193565668562695,60.0
P6,score_Proliferation,random,0.002500407144325935,60.0
P6,score_T_cell_activity,random,0.0002974453775031003,60.0
P6,score_Myeloid_inflammation,random,0.26951557352139716,60.0
P6,tumour_immune_contact,random,,60.0
P6,frac_Tumour,random,0.0,61.0
P6,frac_Immune,random,0.2857142857142857,61.0
P6,score_Estrogen_response,random,-0.39671142126187975,61.0
P6,score_Proliferation,random,3.1707032062029857e-05,61.0
P6,score_T_cell_activity,random,0.0011806855532967666,61.0
P6,score_Myeloid_inflammation,random,0.2890193019808787,61.0
P6,tumour_immune_contact,random,,61.0
P6,frac_Tumour,random,0.0,62.0
P6,frac_Immune,random,0.25510204081632654,62.0
P6,score_Estrogen_response,random,-0.38881930382942026,62.0
P6,score_Proliferation,random,0.008497905802834875,62.0
P6,score_T_cell_activity,random,0.0006979907935592204,62.0
P6,score_Myeloid_inflammation,random,0.2831282801067401,62.0
P6,tumour_immune_contact,random,,62.0
P6,frac_Tumour,random,0.0,63.0
P6,frac_Immune,random,0.3197278911564626,63.0
P6,score_Estrogen_response,random,-0.41054729666159,63.0
P6,score_Proliferation,random,0.0028628344310113905,63.0
P6,score_T_cell_activity,random,-0.0003381011582052133,63.0
P6,score_Myeloid_inflammation,random,0.3165551034632647,63.0
P6,tumour_immune_contact,random,,63.0
P6,frac_Tumour,random,0.0,64.0
P6,frac_Immune,random,0.2755102040816326,64.0
P6,score_Estrogen_response,random,-0.3993207106728496,64.0
P6,score_Proliferation,random,0.006593901752884969,64.0
P6,score_T_cell_activity,random,0.004450847304626416,64.0
P6,score_Myeloid_inflammation,random,0.3177874902936298,64.0
P6,tumour_immune_contact,random,,64.0
P6,frac_Tumour,random,0.0,65.0
P6,frac_Immune,random,0.2687074829931973,65.0
P6,score_Estrogen_response,random,-0.3858025419508324,65.0
P6,score_Proliferation,random,0.005969816361154831,65.0
P6,score_T_cell_activity,random,-0.007840229892176202,65.0
P6,score_Myeloid_inflammation,random,0.269328855887794,65.0
P6,tumour_immune_contact,random,,65.0
P6,frac_Tumour,random,0.0,66.0
P6,frac_Immune,random,0.22448979591836735,66.0
P6,score_Estrogen_response,random,-0.3622494219400472,66.0
P6,score_Proliferation,random,0.013857958392491418,66.0
P6,score_T_cell_activity,random,-0.004202405687143255,66.0
P6,score_Myeloid_inflammation,random,0.26230401592769015,66.0
P6,tumour_immune_contact,random,,66.0
P6,frac_Tumour,random,0.0,67.0
P6,frac_Immune,random,0.2585034013605442,67.0
P6,score_Estrogen_response,random,-0.38358406903597236,67.0
P6,score_Proliferation,random,0.005252553986178505,67.0
P6,score_T_cell_activity,random,-0.007645999999298959,67.0
P6,score_Myeloid_inflammation,random,0.25169324555596295,67.0
P6,tumour_immune_contact,random,,67.0
P6,frac_Tumour,random,0.0,68.0
P6,frac_Immune,random,0.2653061224489796,68.0
P6,score_Estrogen_response,random,-0.3658941135317166,68.0
P6,score_Proliferation,random,0.0030333759948239576,68.0
P6,score_T_cell_activity,random,-0.005514398207283565,68.0
P6,score_Myeloid_inflammation,random,0.3007828230459326,68.0
P6,tumour_immune_contact,random,,68.0
P6,frac_Tumour,random,0.0,69.0
P6,frac_Immune,random,0.272108843537415,69.0
P6,score_Estrogen_response,random,-0.38463585340794837,69.0
P6,score_Proliferation,random,0.006301564414079499,69.0
P6,score_T_cell_activity,random,-0.0032194396183684664,69.0
P6,score_Myeloid_inflammation,random,0.31770872687806895,69.0
P6,tumour_immune_contact,random,,69.0
P6,frac_Tumour,random,0.0,70.0
P6,frac_Immune,random,0.2857142857142857,70.0
P6,score_Estrogen_response,random,-0.38401012172785176,70.0
P6,score_Proliferation,random,0.002422093518602067,70.0
P6,score_T_cell_activity,random,0.006123281988712139,70.0
P6,score_Myeloid_inflammation,random,0.3410577477217879,70.0
P6,tumour_immune_contact,random,,70.0
P6,frac_Tumour,random,0.0,71.0
P6,frac_Immune,random,0.2789115646258503,71.0
P6,score_Estrogen_response,random,-0.3773091133135338,71.0
P6,score_Proliferation,random,-0.003985425833942127,71.0
P6,score_T_cell_activity,random,-0.003095411250183174,71.0
P6,score_Myeloid_inflammation,random,0.292603957194281,71.0
P6,tumour_immune_contact,random,,71.0
P6,frac_Tumour,random,0.0,72.0
P6,frac_Immune,random,0.24829931972789115,72.0
P6,score_Estrogen_response,random,-0.3640640086946712,72.0
P6,score_Proliferation,random,0.0026486245669475245,72.0
P6,score_T_cell_activity,random,-0.0001665436190673961,72.0
P6,score_Myeloid_inflammation,random,0.29375132039812035,72.0
P6,tumour_immune_contact,random,,72.0
P6,frac_Tumour,random,0.0,73.0
P6,frac_Immune,random,0.29931972789115646,73.0
P6,score_Estrogen_response,random,-0.3691667352871643,73.0
P6,score_Proliferation,random,-0.003262291647949997,73.0
P6,score_T_cell_activity,random,-0.004757062492581306,73.0
P6,score_Myeloid_inflammation,random,0.29592703372384876,73.0
P6,tumour_immune_contact,random,,73.0
P6,frac_Tumour,random,0.0,74.0
P6,frac_Immune,random,0.2925170068027211,74.0
P6,score_Estrogen_response,random,-0.4025273284074146,74.0
P6,score_Proliferation,random,-0.0005858241964359651,74.0
P6,score_T_cell_activity,random,0.0026578600995716102,74.0
P6,score_Myeloid_inflammation,random,0.31639473039392596,74.0
P6,tumour_immune_contact,random,,74.0
P6,frac_Tumour,random,0.0,75.0
P6,frac_Immune,random,0.30952380952380953,75.0
P6,score_Estrogen_response,random,-0.4077830096263052,75.0
P6,score_Proliferation,random,0.010163040528762369,75.0
P6,score_T_cell_activity,random,-0.0016299466851324965,75.0
P6,score_Myeloid_inflammation,random,0.316093085581406,75.0
P6,tumour_immune_contact,random,,75.0
P6,frac_Tumour,random,0.0,76.0
P6,frac_Immune,random,0.25170068027210885,76.0
P6,score_Estrogen_response,random,-0.3690816310451283,76.0
P6,score_Proliferation,random,0.0053243489593875655,76.0
P6,score_T_cell_activity,random,-0.004014811433306979,76.0
P6,score_Myeloid_inflammation,random,0.2862662355516349,76.0
P6,tumour_immune_contact,random,,76.0
P6,frac_Tumour,random,0.0,77.0
P6,frac_Immune,random,0.2789115646258503,77.0
P6,score_Estrogen_response,random,-0.3731319308139786,77.0
P6,score_Proliferation,random,-0.0019553382576458023,77.0
P6,score_T_cell_activity,random,0.0064438755170726355,77.0
P6,score_Myeloid_inflammation,random,0.29360102726836246,77.0
P6,tumour_immune_contact,random,,77.0
P6,frac_Tumour,random,0.0,78.0
P6,frac_Immune,random,0.23809523809523808,78.0
P6,score_Estrogen_response,random,-0.3871883365317305,78.0
P6,score_Proliferation,random,0.00760366032926404,78.0
P6,score_T_cell_activity,random,-0.0011207172380706784,78.0
P6,score_Myeloid_inflammation,random,0.28105218455615383,78.0
P6,tumour_immune_contact,random,,78.0
P6,frac_Tumour,random,0.0,79.0
P6,frac_Immune,random,0.2585034013605442,79.0
P6,score_Estrogen_response,random,-0.3862736932421787,79.0
P6,score_Proliferation,random,0.0068667125026114694,79.0
P6,score_T_cell_activity,random,0.002402658067826743,79.0
P6,score_Myeloid_inflammation,random,0.29609360572605953,79.0
P6,tumour_immune_contact,random,,79.0
P6,frac_Tumour,random,0.0,80.0
P6,frac_Immune,random,0.272108843537415,80.0
P6,score_Estrogen_response,random,-0.38608239033217673,80.0
P6,score_Proliferation,random,0.0006743509523452285,80.0
P6,score_T_cell_activity,random,-0.002073240774244905,80.0
P6,score_Myeloid_inflammation,random,0.305520728607567,80.0
P6,tumour_immune_contact,random,,80.0
P6,frac_Tumour,random,0.0,81.0
P6,frac_Immune,random,0.29931972789115646,81.0
P6,score_Estrogen_response,random,-0.3861606411793568,81.0
P6,score_Proliferation,random,0.005033874686748265,81.0
P6,score_T_cell_activity,random,-0.0012850752013157931,81.0
P6,score_Myeloid_inflammation,random,0.27617991437311884,81.0
P6,tumour_immune_contact,random,,81.0
P6,frac_Tumour,random,0.0,82.0
P6,frac_Immune,random,0.30272108843537415,82.0
P6,score_Estrogen_response,random,-0.39344751193505934,82.0
P6,score_Proliferation,random,0.011411699394520181,82.0
P6,score_T_cell_activity,random,0.004806723506484115,82.0
P6,score_Myeloid_inflammation,random,0.3142792676651327,82.0
P6,tumour_immune_contact,random,,82.0
P6,frac_Tumour,random,0.0,83.0
P6,frac_Immune,random,0.3197278911564626,83.0
P6,score_Estrogen_response,random,-0.3924493054318916,83.0
P6,score_Proliferation,random,0.007483470900123625,83.0
P6,score_T_cell_activity,random,0.0042969522989723345,83.0
P6,score_Myeloid_inflammation,random,0.31139699752059696,83.0
P6,tumour_immune_contact,random,,83.0
P6,frac_Tumour,random,0.0,84.0
P6,frac_Immune,random,0.25170068027210885,84.0
P6,score_Estrogen_response,random,-0.39228428222577305,84.0
P6,score_Proliferation,random,0.01355206660875658,84.0
P6,score_T_cell_activity,random,-0.0016333859072908108,84.0
P6,score_Myeloid_inflammation,random,0.3200171558873183,84.0
P6,tumour_immune_contact,random,,84.0
P6,frac_Tumour,random,0.0,85.0
P6,frac_Immune,random,0.3299319727891156,85.0
P6,score_Estrogen_response,random,-0.4113778528844801,85.0
P6,score_Proliferation,random,-0.0019755091107621454,85.0
P6,score_T_cell_activity,random,-0.005479024249676534,85.0
P6,score_Myeloid_inflammation,random,0.3012088027674672,85.0
P6,tumour_immune_contact,random,,85.0
P6,frac_Tumour,random,0.0,86.0
P6,frac_Immune,random,0.2653061224489796,86.0
P6,score_Estrogen_response,random,-0.390590211671665,86.0
P6,score_Proliferation,random,0.007100037793859065,86.0
P6,score_T_cell_activity,random,-0.004296476388997495,86.0
P6,score_Myeloid_inflammation,random,0.2514237233761796,86.0
P6,tumour_immune_contact,random,,86.0
P6,frac_Tumour,random,0.0,87.0
P6,frac_Immune,random,0.3129251700680272,87.0
P6,score_Estrogen_response,random,-0.39768897715923457,87.0
P6,score_Proliferation,random,-0.007870188396669024,87.0
P6,score_T_cell_activity,random,0.004276507873394738,87.0
P6,score_Myeloid_inflammation,random,0.3111320589872329,87.0
P6,tumour_immune_contact,random,,87.0
P6,frac_Tumour,random,0.0,88.0
P6,frac_Immune,random,0.272108843537415,88.0
P6,score_Estrogen_response,random,-0.3779773633965038,88.0
P6,score_Proliferation,random,0.0002410384836921348,88.0
P6,score_T_cell_activity,random,-0.00670983646644669,88.0
P6,score_Myeloid_inflammation,random,0.27855285418276887,88.0
P6,tumour_immune_contact,random,,88.0
P6,frac_Tumour,random,0.0,89.0
P6,frac_Immune,random,0.2755102040816326,89.0
P6,score_Estrogen_response,random,-0.3754954904775415,89.0
P6,score_Proliferation,random,-0.0016764756300552087,89.0
P6,score_T_cell_activity,random,-0.00258827851439922,89.0
P6,score_Myeloid_inflammation,random,0.31365275924940267,89.0
P6,tumour_immune_contact,random,,89.0
P6,frac_Tumour,random,0.0,90.0
P6,frac_Immune,random,0.272108843537415,90.0
P6,score_Estrogen_response,random,-0.36761147069554284,90.0
P6,score_Proliferation,random,-0.0032770613734684284,90.0
P6,score_T_cell_activity,random,0.0010444290782661994,90.0
P6,score_Myeloid_inflammation,random,0.266639572649586,90.0
P6,tumour_immune_contact,random,,90.0
P6,frac_Tumour,random,0.0,91.0
P6,frac_Immune,random,0.30952380952380953,91.0
P6,score_Estrogen_response,random,-0.3394689847956354,91.0
P6,score_Proliferation,random,0.00835421535568713,91.0
P6,score_T_cell_activity,random,-0.005570327989821444,91.0
P6,score_Myeloid_inflammation,random,0.27110255988855986,91.0
P6,tumour_immune_contact,random,,91.0
P6,frac_Tumour,random,0.0,92.0
P6,frac_Immune,random,0.2653061224489796,92.0
P6,score_Estrogen_response,random,-0.38824419573087504,92.0
P6,score_Proliferation,random,0.00372601102809517,92.0
P6,score_T_cell_activity,random,-0.005776819246155875,92.0
P6,score_Myeloid_inflammation,random,0.2673426738882435,92.0
P6,tumour_immune_contact,random,,92.0
P6,frac_Tumour,random,0.0,93.0
P6,frac_Immune,random,0.282312925170068,93.0
P6,score_Estrogen_response,random,-0.40215164080543686,93.0
P6,score_Proliferation,random,0.006490054675240636,93.0
P6,score_T_cell_activity,random,0.0018183190460816425,93.0
P6,score_Myeloid_inflammation,random,0.3300754120352201,93.0
P6,tumour_immune_contact,random,,93.0
P6,frac_Tumour,random,0.0,94.0
P6,frac_Immune,random,0.2687074829931973,94.0
P6,score_Estrogen_response,random,-0.3641670177887979,94.0
P6,score_Proliferation,random,0.0046412527047587655,94.0
P6,score_T_cell_activity,random,-0.0015031765311410293,94.0
P6,score_Myeloid_inflammation,random,0.2635067999223926,94.0
P6,tumour_immune_contact,random,,94.0
P6,frac_Tumour,random,0.0,95.0
P6,frac_Immune,random,0.2653061224489796,95.0
P6,score_Estrogen_response,random,-0.3671327680391265,95.0
P6,score_Proliferation,random,0.002604068640678651,95.0
P6,score_T_cell_activity,random,0.0036848005762928414,95.0
P6,score_Myeloid_inflammation,random,0.29756379736697824,95.0
P6,tumour_immune_contact,random,,95.0
P6,frac_Tumour,random,0.0,96.0
P6,frac_Immune,random,0.272108843537415,96.0
P6,score_Estrogen_response,random,-0.37331090143815254,96.0
P6,score_Proliferation,random,0.006137107559342504,96.0
P6,score_T_cell_activity,random,-0.0011836907242548018,96.0
P6,score_Myeloid_inflammation,random,0.29762295796757654,96.0
P6,tumour_immune_contact,random,,96.0
P6,frac_Tumour,random,0.0,97.0
P6,frac_Immune,random,0.2891156462585034,97.0
P6,score_Estrogen_response,random,-0.4018377847414763,97.0
P6,score_Proliferation,random,0.001233500836928146,97.0
P6,score_T_cell_activity,random,0.005156116065802494,97.0
P6,score_Myeloid_inflammation,random,0.30294857991564267,97.0
P6,tumour_immune_contact,random,,97.0
P6,frac_Tumour,random,0.0,98.0
P6,frac_Immune,random,0.22448979591836735,98.0
P6,score_Estrogen_response,random,-0.3790468313742804,98.0
P6,score_Proliferation,random,0.00876094447377047,98.0
P6,score_T_cell_activity,random,-0.0026077159317040794,98.0
P6,score_Myeloid_inflammation,random,0.3059672958834642,98.0
P6,tumour_immune_contact,random,,98.0
P6,frac_Tumour,random,0.0,99.0
P6,frac_Immune,random,0.29931972789115646,99.0
P6,score_Estrogen_response,random,-0.3856979498643774,99.0
P6,score_Proliferation,random,0.01183377925703585,99.0
P6,score_T_cell_activity,random,0.0005751733093304976,99.0
P6,score_Myeloid_inflammation,random,0.2993716621387341,99.0
P6,tumour_immune_contact,random,,99.0
P6,frac_Tumour,random,0.0,100.0
P6,frac_Immune,random,0.2789115646258503,100.0
P6,score_Estrogen_response,random,-0.38142438745720086,100.0
P6,score_Proliferation,random,0.0028526803168580136,100.0
P6,score_T_cell_activity,random,0.005248922690381137,100.0
P6,score_Myeloid_inflammation,random,0.31548315544170125,100.0
P6,tumour_immune_contact,random,,100.0
P6,frac_Tumour,random,0.0,101.0
P6,frac_Immune,random,0.2789115646258503,101.0
P6,score_Estrogen_response,random,-0.34442966275728354,101.0
P6,score_Proliferation,random,0.0022340505673231177,101.0
P6,score_T_cell_activity,random,0.002175339109090173,101.0
P6,score_Myeloid_inflammation,random,0.27888687170513404,101.0
P6,tumour_immune_contact,random,,101.0
P6,frac_Tumour,random,0.0,102.0
P6,frac_Immune,random,0.272108843537415,102.0
P6,score_Estrogen_response,random,-0.36138540889405557,102.0
P6,score_Proliferation,random,0.00014030708815235444,102.0
P6,score_T_cell_activity,random,0.0025842952548547965,102.0
P6,score_Myeloid_inflammation,random,0.2756583846941865,102.0
P6,tumour_immune_contact,random,,102.0
P6,frac_Tumour,random,0.0,103.0
P6,frac_Immune,random,0.3129251700680272,103.0
P6,score_Estrogen_response,random,-0.38687384115682977,103.0
P6,score_Proliferation,random,0.005200546237211379,103.0
P6,score_T_cell_activity,random,-0.005582937054802275,103.0
P6,score_Myeloid_inflammation,random,0.27525975666657826,103.0
P6,tumour_immune_contact,random,,103.0
P6,frac_Tumour,random,0.0,104.0
P6,frac_Immune,random,0.23809523809523808,104.0
P6,score_Estrogen_response,random,-0.3946993117975478,104.0
P6,score_Proliferation,random,0.006672815158794257,104.0
P6,score_T_cell_activity,random,0.0030502504604210646,104.0
P6,score_Myeloid_inflammation,random,0.29892800893913324,104.0
P6,tumour_immune_contact,random,,104.0
P6,frac_Tumour,random,0.0,105.0
P6,frac_Immune,random,0.3129251700680272,105.0
P6,score_Estrogen_response,random,-0.388556991464813,105.0
P6,score_Proliferation,random,-0.0027129378691822465,105.0
P6,score_T_cell_activity,random,-0.003079842148571174,105.0
P6,score_Myeloid_inflammation,random,0.3361618042444001,105.0
P6,tumour_immune_contact,random,,105.0
P6,frac_Tumour,random,0.0,106.0
P6,frac_Immune,random,0.2755102040816326,106.0
P6,score_Estrogen_response,random,-0.3903594767149742,106.0
P6,score_Proliferation,random,0.012356781920337895,106.0
P6,score_T_cell_activity,random,-0.00265502092177767,106.0
P6,score_Myeloid_inflammation,random,0.27630271301325143,106.0
P6,tumour_immune_contact,random,,106.0
P6,frac_Tumour,random,0.0,107.0
P6,frac_Immune,random,0.25510204081632654,107.0
P6,score_Estrogen_response,random,-0.38813877324633583,107.0
P6,score_Proliferation,random,-0.0015486520251719559,107.0
P6,score_T_cell_activity,random,0.01388615345263763,107.0
P6,score_Myeloid_inflammation,random,0.2706755953198851,107.0
P6,tumour_immune_contact,random,,107.0
P6,frac_Tumour,random,0.0,108.0
P6,frac_Immune,random,0.2891156462585034,108.0
P6,score_Estrogen_response,random,-0.3874514323421863,108.0
P6,score_Proliferation,random,0.002873203128643861,108.0
P6,score_T_cell_activity,random,0.004398300275174603,108.0
P6,score_Myeloid_inflammation,random,0.2911946879027536,108.0
P6,tumour_immune_contact,random,,108.0
P6,frac_Tumour,random,0.0,109.0
P6,frac_Immune,random,0.2653061224489796,109.0
P6,score_Estrogen_response,random,-0.3845372114814788,109.0
P6,score_Proliferation,random,0.017928778779209335,109.0
P6,score_T_cell_activity,random,-0.0038113350854380545,109.0
P6,score_Myeloid_inflammation,random,0.2977198280155137,109.0
P6,tumour_immune_contact,random,,109.0
P6,frac_Tumour,random,0.0,110.0
P6,frac_Immune,random,0.24149659863945577,110.0
P6,score_Estrogen_response,random,-0.3844215166729025,110.0
P6,score_Proliferation,random,-0.007037005135937341,110.0
P6,score_T_cell_activity,random,0.002541198751509551,110.0
P6,score_Myeloid_inflammation,random,0.3184769437252838,110.0
P6,tumour_immune_contact,random,,110.0
P6,frac_Tumour,random,0.0,111.0
P6,frac_Immune,random,0.24829931972789115,111.0
P6,score_Estrogen_response,random,-0.3789992668036739,111.0
P6,score_Proliferation,random,-0.0023807998092807018,111.0
P6,score_T_cell_activity,random,0.0023045981697806216,111.0
P6,score_Myeloid_inflammation,random,0.29586104154123394,111.0
P6,tumour_immune_contact,random,,111.0
P6,frac_Tumour,random,0.0,112.0
P6,frac_Immune,random,0.2891156462585034,112.0
P6,score_Estrogen_response,random,-0.40600454167808103,112.0
P6,score_Proliferation,random,0.0004068722564076633,112.0
P6,score_T_cell_activity,random,0.0005837714765968591,112.0
P6,score_Myeloid_inflammation,random,0.32079199299809996,112.0
P6,tumour_immune_contact,random,,112.0
P6,frac_Tumour,random,0.0,113.0
P6,frac_Immune,random,0.24829931972789115,113.0
P6,score_Estrogen_response,random,-0.3809260842968674,113.0
P6,score_Proliferation,random,-0.003050513697995077,113.0
P6,score_T_cell_activity,random,-0.006293867572766712,113.0
P6,score_Myeloid_inflammation,random,0.2677066980680293,113.0
P6,tumour_immune_contact,random,,113.0
P6,frac_Tumour,random,0.0,114.0
P6,frac_Immune,random,0.2857142857142857,114.0
P6,score_Estrogen_response,random,-0.39451313300896806,114.0
P6,score_Proliferation,random,-0.0021800813633027797,114.0
P6,score_T_cell_activity,random,0.0006563137214784513,114.0
P6,score_Myeloid_inflammation,random,0.30452486955679314,114.0
P6,tumour_immune_contact,random,,114.0
P6,frac_Tumour,random,0.0,115.0
P6,frac_Immune,random,0.272108843537415,115.0
P6,score_Estrogen_response,random,-0.38427687487242196,115.0
P6,score_Proliferation,random,0.0001262678040398514,115.0
P6,score_T_cell_activity,random,0.0023167305706601853,115.0
P6,score_Myeloid_inflammation,random,0.26240108621479585,115.0
P6,tumour_immune_contact,random,,115.0
P6,frac_Tumour,random,0.0,116.0
P6,frac_Immune,random,0.24489795918367346,116.0
P6,score_Estrogen_response,random,-0.37566230855620725,116.0
P6,score_Proliferation,random,-0.001065003212347049,116.0
P6,score_T_cell_activity,random,0.0009102313031736451,116.0
P6,score_Myeloid_inflammation,random,0.3574243498613119,116.0
P6,tumour_immune_contact,random,,116.0
P6,frac_Tumour,random,0.0,117.0
P6,frac_Immune,random,0.2857142857142857,117.0
P6,score_Estrogen_response,random,-0.39578357416876425,117.0
P6,score_Proliferation,random,-0.0017593242197620597,117.0
P6,score_T_cell_activity,random,-0.00039312005715166486,117.0
P6,score_Myeloid_inflammation,random,0.2564881687782944,117.0
P6,tumour_immune_contact,random,,117.0
P6,frac_Tumour,random,0.0,118.0
P6,frac_Immune,random,0.2653061224489796,118.0
P6,score_Estrogen_response,random,-0.382355153681285,118.0
P6,score_Proliferation,random,0.0024892382482552488,118.0
P6,score_T_cell_activity,random,-0.0009596928322535113,118.0
P6,score_Myeloid_inflammation,random,0.3478391756191198,118.0
P6,tumour_immune_contact,random,,118.0
P6,frac_Tumour,random,0.0,119.0
P6,frac_Immune,random,0.30612244897959184,119.0
P6,score_Estrogen_response,random,-0.37094278251898705,119.0
P6,score_Proliferation,random,-0.0015119388172415635,119.0
P6,score_T_cell_activity,random,0.0024606066599936654,119.0
P6,score_Myeloid_inflammation,random,0.28197530858949976,119.0
P6,tumour_immune_contact,random,,119.0
P6,frac_Tumour,random,0.0,120.0
P6,frac_Immune,random,0.2687074829931973,120.0
P6,score_Estrogen_response,random,-0.37624758086027565,120.0
P6,score_Proliferation,random,0.002773145095291053,120.0
P6,score_T_cell_activity,random,0.0024150195202932946,120.0
P6,score_Myeloid_inflammation,random,0.24301069387889115,120.0
P6,tumour_immune_contact,random,,120.0
P6,frac_Tumour,random,0.0,121.0
P6,frac_Immune,random,0.2619047619047619,121.0
P6,score_Estrogen_response,random,-0.39175270306838517,121.0
P6,score_Proliferation,random,0.0075921957759089494,121.0
P6,score_T_cell_activity,random,0.0036128595038146193,121.0
P6,score_Myeloid_inflammation,random,0.2578318154244196,121.0
P6,tumour_immune_contact,random,,121.0
P6,frac_Tumour,random,0.0,122.0
P6,frac_Immune,random,0.2789115646258503,122.0
P6,score_Estrogen_response,random,-0.3912697965195485,122.0
P6,score_Proliferation,random,-0.003711387934733408,122.0
P6,score_T_cell_activity,random,-0.0029474736725194723,122.0
P6,score_Myeloid_inflammation,random,0.28250672456242715,122.0
P6,tumour_immune_contact,random,,122.0
P6,frac_Tumour,random,0.0,123.0
P6,frac_Immune,random,0.22789115646258504,123.0
P6,score_Estrogen_response,random,-0.3885860545418923,123.0
P6,score_Proliferation,random,0.0003802183419128113,123.0
P6,score_T_cell_activity,random,-0.006906790489212967,123.0
P6,score_Myeloid_inflammation,random,0.3035003882026765,123.0
P6,tumour_immune_contact,random,,123.0
P6,frac_Tumour,random,0.0,124.0
P6,frac_Immune,random,0.24149659863945577,124.0
P6,score_Estrogen_response,random,-0.4185427902311053,124.0
P6,score_Proliferation,random,0.0017268875106121687,124.0
P6,score_T_cell_activity,random,-0.0034326683168844642,124.0
P6,score_Myeloid_inflammation,random,0.27423740196506063,124.0
P6,tumour_immune_contact,random,,124.0
P6,frac_Tumour,random,0.0,125.0
P6,frac_Immune,random,0.282312925170068,125.0
P6,score_Estrogen_response,random,-0.3515486536313194,125.0
P6,score_Proliferation,random,-0.006257949501208437,125.0
P6,score_T_cell_activity,random,-0.0015502378415219774,125.0
P6,score_Myeloid_inflammation,random,0.29596090170222655,125.0
P6,tumour_immune_contact,random,,125.0
P6,frac_Tumour,random,0.0,126.0
P6,frac_Immune,random,0.25510204081632654,126.0
P6,score_Estrogen_response,random,-0.36535002914139203,126.0
P6,score_Proliferation,random,-0.001526739885206933,126.0
P6,score_T_cell_activity,random,-0.0033255506529851595,126.0
P6,score_Myeloid_inflammation,random,0.2759629552114114,126.0
P6,tumour_immune_contact,random,,126.0
P6,frac_Tumour,random,0.0,127.0
P6,frac_Immune,random,0.3163265306122449,127.0
P6,score_Estrogen_response,random,-0.360234230609746,127.0
P6,score_Proliferation,random,-0.0007715987794253273,127.0
P6,score_T_cell_activity,random,-0.0009711642939867453,127.0
P6,score_Myeloid_inflammation,random,0.3345668847556249,127.0
P6,tumour_immune_contact,random,,127.0
P6,frac_Tumour,random,0.0,128.0
P6,frac_Immune,random,0.2789115646258503,128.0
P6,score_Estrogen_response,random,-0.36725470799299476,128.0
P6,score_Proliferation,random,0.011577128882851465,128.0
P6,score_T_cell_activity,random,-0.002770922990974612,128.0
P6,score_Myeloid_inflammation,random,0.28038105334786095,128.0
P6,tumour_immune_contact,random,,128.0
P6,frac_Tumour,random,0.0,129.0
P6,frac_Immune,random,0.3163265306122449,129.0
P6,score_Estrogen_response,random,-0.4065128995058418,129.0
P6,score_Proliferation,random,0.006726342536965197,129.0
P6,score_T_cell_activity,random,0.0019502763041475634,129.0
P6,score_Myeloid_inflammation,random,0.31864019731390925,129.0
P6,tumour_immune_contact,random,,129.0
P6,frac_Tumour,random,0.0,130.0
P6,frac_Immune,random,0.23469387755102042,130.0
P6,score_Estrogen_response,random,-0.379473920265577,130.0
P6,score_Proliferation,random,0.0039662576877341005,130.0
P6,score_T_cell_activity,random,0.001446097517408795,130.0
P6,score_Myeloid_inflammation,random,0.3170032365311687,130.0
P6,tumour_immune_contact,random,,130.0
P6,frac_Tumour,random,0.0,131.0
P6,frac_Immune,random,0.25510204081632654,131.0
P6,score_Estrogen_response,random,-0.38781660062608264,131.0
P6,score_Proliferation,random,0.016387789166973834,131.0
P6,score_T_cell_activity,random,-0.0039220835879904435,131.0
P6,score_Myeloid_inflammation,random,0.2987992277518422,131.0
P6,tumour_immune_contact,random,,131.0
P6,frac_Tumour,random,0.0,132.0
P6,frac_Immune,random,0.2789115646258503,132.0
P6,score_Estrogen_response,random,-0.39119917628145645,132.0
P6,score_Proliferation,random,0.012397231079823847,132.0
P6,score_T_cell_activity,random,0.011639657865890343,132.0
P6,score_Myeloid_inflammation,random,0.3242625361489832,132.0
P6,tumour_immune_contact,random,,132.0
P6,frac_Tumour,random,0.0,133.0
P6,frac_Immune,random,0.29931972789115646,133.0
P6,score_Estrogen_response,random,-0.4023401521557241,133.0
P6,score_Proliferation,random,-0.0038020679462794004,133.0
P6,score_T_cell_activity,random,-8.544662868581313e-05,133.0
P6,score_Myeloid_inflammation,random,0.33562075407905884,133.0
P6,tumour_immune_contact,random,,133.0
P6,frac_Tumour,random,0.0,134.0
P6,frac_Immune,random,0.2619047619047619,134.0
P6,score_Estrogen_response,random,-0.39260833532320694,134.0
P6,score_Proliferation,random,0.006590441007192443,134.0
P6,score_T_cell_activity,random,0.004315794825064403,134.0
P6,score_Myeloid_inflammation,random,0.2867155931468608,134.0
P6,tumour_immune_contact,random,,134.0
P6,frac_Tumour,random,0.0,135.0
P6,frac_Immune,random,0.282312925170068,135.0
P6,score_Estrogen_response,random,-0.37324597253589736,135.0
P6,score_Proliferation,random,-7.088007502544826e-05,135.0
P6,score_T_cell_activity,random,0.0075297917012578895,135.0
P6,score_Myeloid_inflammation,random,0.30730683295383865,135.0
P6,tumour_immune_contact,random,,135.0
P6,frac_Tumour,random,0.0,136.0
P6,frac_Immune,random,0.2619047619047619,136.0
P6,score_Estrogen_response,random,-0.3475145329483385,136.0
P6,score_Proliferation,random,0.010223003929975083,136.0
P6,score_T_cell_activity,random,-0.007659341028458917,136.0
P6,score_Myeloid_inflammation,random,0.30328327741520983,136.0
P6,tumour_immune_contact,random,,136.0
P6,frac_Tumour,random,0.0,137.0
P6,frac_Immune,random,0.2857142857142857,137.0
P6,score_Estrogen_response,random,-0.40517637575410936,137.0
P6,score_Proliferation,random,0.006884551785565292,137.0
P6,score_T_cell_activity,random,-0.003455656780809093,137.0
P6,score_Myeloid_inflammation,random,0.3044999264662885,137.0
P6,tumour_immune_contact,random,,137.0
P6,frac_Tumour,random,0.0,138.0
P6,frac_Immune,random,0.282312925170068,138.0
P6,score_Estrogen_response,random,-0.38334128005288204,138.0
P6,score_Proliferation,random,0.003317572772502897,138.0
P6,score_T_cell_activity,random,0.0017658174479571005,138.0
P6,score_Myeloid_inflammation,random,0.32673561855354166,138.0
P6,tumour_immune_contact,random,,138.0
P6,frac_Tumour,random,0.0,139.0
P6,frac_Immune,random,0.24489795918367346,139.0
P6,score_Estrogen_response,random,-0.3830600639150967,139.0
P6,score_Proliferation,random,-0.000382154910337355,139.0
P6,score_T_cell_activity,random,-0.0008514100622953998,139.0
P6,score_Myeloid_inflammation,random,0.28144773649694393,139.0
P6,tumour_immune_contact,random,,139.0
P6,frac_Tumour,random,0.0,140.0
P6,frac_Immune,random,0.29931972789115646,140.0
P6,score_Estrogen_response,random,-0.3796603972504528,140.0
P6,score_Proliferation,random,-0.004285936859729877,140.0
P6,score_T_cell_activity,random,0.00334293013081624,140.0
P6,score_Myeloid_inflammation,random,0.3419848103014675,140.0
P6,tumour_immune_contact,random,,140.0
P6,frac_Tumour,random,0.0,141.0
P6,frac_Immune,random,0.282312925170068,141.0
P6,score_Estrogen_response,random,-0.38705091322769375,141.0
P6,score_Proliferation,random,-0.0007341261772341734,141.0
P6,score_T_cell_activity,random,-0.0038823159320934392,141.0
P6,score_Myeloid_inflammation,random,0.27108963500306493,141.0
P6,tumour_immune_contact,random,,141.0
P6,frac_Tumour,random,0.0,142.0
P6,frac_Immune,random,0.2687074829931973,142.0
P6,score_Estrogen_response,random,-0.3686813351844618,142.0
P6,score_Proliferation,random,-0.005398093688379878,142.0
P6,score_T_cell_activity,random,0.0047995426444846,142.0
P6,score_Myeloid_inflammation,random,0.29978224262667585,142.0
P6,tumour_immune_contact,random,,142.0
P6,frac_Tumour,random,0.0,143.0
P6,frac_Immune,random,0.23469387755102042,143.0
P6,score_Estrogen_response,random,-0.3735979442462749,143.0
P6,score_Proliferation,random,0.011311896207516426,143.0
P6,score_T_cell_activity,random,0.0009527516908422646,143.0
P6,score_Myeloid_inflammation,random,0.23806311064547303,143.0
P6,tumour_immune_contact,random,,143.0
P6,frac_Tumour,random,0.0,144.0
P6,frac_Immune,random,0.25510204081632654,144.0
P6,score_Estrogen_response,random,-0.4181723920462902,144.0
P6,score_Proliferation,random,0.006986395713288231,144.0
P6,score_T_cell_activity,random,-3.553467009620936e-05,144.0
P6,score_Myeloid_inflammation,random,0.28707738915499953,144.0
P6,tumour_immune_contact,random,,144.0
P6,frac_Tumour,random,0.0,145.0
P6,frac_Immune,random,0.30272108843537415,145.0
P6,score_Estrogen_response,random,-0.36547200675092484,145.0
P6,score_Proliferation,random,-0.012355206808130213,145.0
P6,score_T_cell_activity,random,0.004892586987195533,145.0
P6,score_Myeloid_inflammation,random,0.3265659146614743,145.0
P6,tumour_immune_contact,random,,145.0
P6,frac_Tumour,random,0.0,146.0
P6,frac_Immune,random,0.23809523809523808,146.0
P6,score_Estrogen_response,random,-0.349240579963175,146.0
P6,score_Proliferation,random,-0.0017028606721873696,146.0
P6,score_T_cell_activity,random,-0.0008432074712247274,146.0
P6,score_Myeloid_inflammation,random,0.30649004906792454,146.0
P6,tumour_immune_contact,random,,146.0
P6,frac_Tumour,random,0.0,147.0
P6,frac_Immune,random,0.25510204081632654,147.0
P6,score_Estrogen_response,random,-0.3801178240946535,147.0
P6,score_Proliferation,random,-0.006115292596573732,147.0
P6,score_T_cell_activity,random,-0.005576587174316753,147.0
P6,score_Myeloid_inflammation,random,0.2895233661567736,147.0
P6,tumour_immune_contact,random,,147.0
P6,frac_Tumour,random,0.0,148.0
P6,frac_Immune,random,0.2653061224489796,148.0
P6,score_Estrogen_response,random,-0.36218754662416924,148.0
P6,score_Proliferation,random,0.01207266137443162,148.0
P6,score_T_cell_activity,random,-0.006253837275342146,148.0
P6,score_Myeloid_inflammation,random,0.27961338998509105,148.0
P6,tumour_immune_contact,random,,148.0
P6,frac_Tumour,random,0.0,149.0
P6,frac_Immune,random,0.2687074829931973,149.0
P6,score_Estrogen_response,random,-0.40717372698692234,149.0
P6,score_Proliferation,random,8.755373981804773e-05,149.0
P6,score_T_cell_activity,random,-0.0010904142468950375,149.0
P6,score_Myeloid_inflammation,random,0.3069410983234847,149.0
P6,tumour_immune_contact,random,,149.0
P6,frac_Tumour,random,0.0,150.0
P6,frac_Immune,random,0.2687074829931973,150.0
P6,score_Estrogen_response,random,-0.35755862938041233,150.0
P6,score_Proliferation,random,0.003582939555585521,150.0
P6,score_T_cell_activity,random,-0.0052926626790349394,150.0
P6,score_Myeloid_inflammation,random,0.29187490311841346,150.0
P6,tumour_immune_contact,random,,150.0
P6,frac_Tumour,random,0.0,151.0
P6,frac_Immune,random,0.2687074829931973,151.0
P6,score_Estrogen_response,random,-0.3950146052860396,151.0
P6,score_Proliferation,random,0.010777936570363252,151.0
P6,score_T_cell_activity,random,0.002408382076711392,151.0
P6,score_Myeloid_inflammation,random,0.29183702838780007,151.0
P6,tumour_immune_contact,random,,151.0
P6,frac_Tumour,random,0.0,152.0
P6,frac_Immune,random,0.272108843537415,152.0
P6,score_Estrogen_response,random,-0.3806329167588237,152.0
P6,score_Proliferation,random,0.012129581695646388,152.0
P6,score_T_cell_activity,random,-0.006249635525505764,152.0
P6,score_Myeloid_inflammation,random,0.28090945506350756,152.0
P6,tumour_immune_contact,random,,152.0
P6,frac_Tumour,random,0.0,153.0
P6,frac_Immune,random,0.29591836734693877,153.0
P6,score_Estrogen_response,random,-0.3596224904714558,153.0
P6,score_Proliferation,random,-0.0027868953779711476,153.0
P6,score_T_cell_activity,random,-0.0014197080831006952,153.0
P6,score_Myeloid_inflammation,random,0.2827704992644178,153.0
P6,tumour_immune_contact,random,,153.0
P6,frac_Tumour,random,0.0,154.0
P6,frac_Immune,random,0.30272108843537415,154.0
P6,score_Estrogen_response,random,-0.3878256687290324,154.0
P6,score_Proliferation,random,-0.0028292880854368764,154.0
P6,score_T_cell_activity,random,0.0012562719514398152,154.0
P6,score_Myeloid_inflammation,random,0.28482640358982325,154.0
P6,tumour_immune_contact,random,,154.0
P6,frac_Tumour,random,0.0,155.0
P6,frac_Immune,random,0.3163265306122449,155.0
P6,score_Estrogen_response,random,-0.3796590658386671,155.0
P6,score_Proliferation,random,0.00870875097050959,155.0
P6,score_T_cell_activity,random,0.008042975529930628,155.0
P6,score_Myeloid_inflammation,random,0.3095571480611787,155.0
P6,tumour_immune_contact,random,,155.0
P6,frac_Tumour,random,0.0,156.0
P6,frac_Immune,random,0.2653061224489796,156.0
P6,score_Estrogen_response,random,-0.37883828448053436,156.0
P6,score_Proliferation,random,-0.0028406357907113542,156.0
P6,score_T_cell_activity,random,0.003218667632576267,156.0
P6,score_Myeloid_inflammation,random,0.2946535327135648,156.0
P6,tumour_immune_contact,random,,156.0
P6,frac_Tumour,random,0.0,157.0
P6,frac_Immune,random,0.29931972789115646,157.0
P6,score_Estrogen_response,random,-0.40265801612961094,157.0
P6,score_Proliferation,random,0.0014722541886933015,157.0
P6,score_T_cell_activity,random,-0.00498191768353627,157.0
P6,score_Myeloid_inflammation,random,0.33878089628541674,157.0
P6,tumour_immune_contact,random,,157.0
P6,frac_Tumour,random,0.0,158.0
P6,frac_Immune,random,0.2857142857142857,158.0
P6,score_Estrogen_response,random,-0.375314188464771,158.0
P6,score_Proliferation,random,-0.001968463063915837,158.0
P6,score_T_cell_activity,random,0.001470926179308411,158.0
P6,score_Myeloid_inflammation,random,0.2817075083902209,158.0
P6,tumour_immune_contact,random,,158.0
P6,frac_Tumour,random,0.0,159.0
P6,frac_Immune,random,0.2653061224489796,159.0
P6,score_Estrogen_response,random,-0.3710874691600019,159.0
P6,score_Proliferation,random,0.003733207290810524,159.0
P6,score_T_cell_activity,random,-0.005851516859484792,159.0
P6,score_Myeloid_inflammation,random,0.28787447936217453,159.0
P6,tumour_immune_contact,random,,159.0
P6,frac_Tumour,random,0.0,160.0
P6,frac_Immune,random,0.25170068027210885,160.0
P6,score_Estrogen_response,random,-0.3476110153414904,160.0
P6,score_Proliferation,random,0.005907121205410993,160.0
P6,score_T_cell_activity,random,0.013221552707353059,160.0
P6,score_Myeloid_inflammation,random,0.2717611839750418,160.0
P6,tumour_immune_contact,random,,160.0
P6,frac_Tumour,random,0.0,161.0
P6,frac_Immune,random,0.2585034013605442,161.0
P6,score_Estrogen_response,random,-0.3999515186432108,161.0
P6,score_Proliferation,random,-0.0002690708285826935,161.0
P6,score_T_cell_activity,random,-0.002808882055303341,161.0
P6,score_Myeloid_inflammation,random,0.2801367909173808,161.0
P6,tumour_immune_contact,random,,161.0
P6,frac_Tumour,random,0.0,162.0
P6,frac_Immune,random,0.24489795918367346,162.0
P6,score_Estrogen_response,random,-0.3812387736163153,162.0
P6,score_Proliferation,random,0.002817880063911146,162.0
P6,score_T_cell_activity,random,-0.00435736530528624,162.0
P6,score_Myeloid_inflammation,random,0.2766995012429991,162.0
P6,tumour_immune_contact,random,,162.0
P6,frac_Tumour,random,0.0,163.0
P6,frac_Immune,random,0.30612244897959184,163.0
P6,score_Estrogen_response,random,-0.4200841011123693,163.0
P6,score_Proliferation,random,0.005366324921584185,163.0
P6,score_T_cell_activity,random,-0.004121444037332176,163.0
P6,score_Myeloid_inflammation,random,0.28278863123716724,163.0
P6,tumour_immune_contact,random,,163.0
P6,frac_Tumour,random,0.0,164.0
P6,frac_Immune,random,0.25170068027210885,164.0
P6,score_Estrogen_response,random,-0.41121957815806515,164.0
P6,score_Proliferation,random,0.006226523591547598,164.0
P6,score_T_cell_activity,random,-0.0107417419579652,164.0
P6,score_Myeloid_inflammation,random,0.27792468329096903,164.0
P6,tumour_immune_contact,random,,164.0
P6,frac_Tumour,random,0.0,165.0
P6,frac_Immune,random,0.2687074829931973,165.0
P6,score_Estrogen_response,random,-0.37110807663294887,165.0
P6,score_Proliferation,random,0.0014889330955860048,165.0
P6,score_T_cell_activity,random,-0.0020811215889996715,165.0
P6,score_Myeloid_inflammation,random,0.3141428909959784,165.0
P6,tumour_immune_contact,random,,165.0
P6,frac_Tumour,random,0.0,166.0
P6,frac_Immune,random,0.2857142857142857,166.0
P6,score_Estrogen_response,random,-0.39899523618099864,166.0
P6,score_Proliferation,random,0.006300770061897314,166.0
P6,score_T_cell_activity,random,-0.002266707210233342,166.0
P6,score_Myeloid_inflammation,random,0.28418396934823464,166.0
P6,tumour_immune_contact,random,,166.0
P6,frac_Tumour,random,0.0,167.0
P6,frac_Immune,random,0.29591836734693877,167.0
P6,score_Estrogen_response,random,-0.40795667959150517,167.0
P6,score_Proliferation,random,0.002544905498049428,167.0
P6,score_T_cell_activity,random,-0.004786585786912914,167.0
P6,score_Myeloid_inflammation,random,0.28284393290273185,167.0
P6,tumour_immune_contact,random,,167.0
P6,frac_Tumour,random,0.0,168.0
P6,frac_Immune,random,0.24489795918367346,168.0
P6,score_Estrogen_response,random,-0.38338159052832904,168.0
P6,score_Proliferation,random,-0.0013023505175735386,168.0
P6,score_T_cell_activity,random,0.0018291330389395843,168.0
P6,score_Myeloid_inflammation,random,0.30477949846937774,168.0
P6,tumour_immune_contact,random,,168.0
P6,frac_Tumour,random,0.0,169.0
P6,frac_Immune,random,0.272108843537415,169.0
P6,score_Estrogen_response,random,-0.37741667997754663,169.0
P6,score_Proliferation,random,0.012729193281019086,169.0
P6,score_T_cell_activity,random,-0.0007487998873300393,169.0
P6,score_Myeloid_inflammation,random,0.28144841188128655,169.0
P6,tumour_immune_contact,random,,169.0
P6,frac_Tumour,random,0.0,170.0
P6,frac_Immune,random,0.2653061224489796,170.0
P6,score_Estrogen_response,random,-0.376546399996794,170.0
P6,score_Proliferation,random,-0.0026362057134948326,170.0
P6,score_T_cell_activity,random,-0.0037389977372305626,170.0
P6,score_Myeloid_inflammation,random,0.30173270669171137,170.0
P6,tumour_immune_contact,random,,170.0
P6,frac_Tumour,random,0.0,171.0
P6,frac_Immune,random,0.282312925170068,171.0
P6,score_Estrogen_response,random,-0.3876542656002245,171.0
P6,score_Proliferation,random,-0.0004844307994085629,171.0
P6,score_T_cell_activity,random,-0.004154674185234124,171.0
P6,score_Myeloid_inflammation,random,0.2870880754383243,171.0
P6,tumour_immune_contact,random,,171.0
P6,frac_Tumour,random,0.0,172.0
P6,frac_Immune,random,0.2891156462585034,172.0
P6,score_Estrogen_response,random,-0.3913696692835262,172.0
P6,score_Proliferation,random,0.009237863597145428,172.0
P6,score_T_cell_activity,random,0.0033911469807232945,172.0
P6,score_Myeloid_inflammation,random,0.27574152567180416,172.0
P6,tumour_immune_contact,random,,172.0
P6,frac_Tumour,random,0.0,173.0
P6,frac_Immune,random,0.2789115646258503,173.0
P6,score_Estrogen_response,random,-0.38254221572370983,173.0
P6,score_Proliferation,random,0.004593681461957039,173.0
P6,score_T_cell_activity,random,0.003283913749949185,173.0
P6,score_Myeloid_inflammation,random,0.33619630450352056,173.0
P6,tumour_immune_contact,random,,173.0
P6,frac_Tumour,random,0.0,174.0
P6,frac_Immune,random,0.3129251700680272,174.0
P6,score_Estrogen_response,random,-0.39311106308879507,174.0
P6,score_Proliferation,random,0.002792381680741606,174.0
P6,score_T_cell_activity,random,0.003677196700582317,174.0
P6,score_Myeloid_inflammation,random,0.3270502869334467,174.0
P6,tumour_immune_contact,random,,174.0
P6,frac_Tumour,random,0.0,175.0
P6,frac_Immune,random,0.24149659863945577,175.0
P6,score_Estrogen_response,random,-0.36572786588803247,175.0
P6,score_Proliferation,random,0.0036616332703977485,175.0
P6,score_T_cell_activity,random,0.004665401831608073,175.0
P6,score_Myeloid_inflammation,random,0.2749545727503659,175.0
P6,tumour_immune_contact,random,,175.0
P6,frac_Tumour,random,0.0,176.0
P6,frac_Immune,random,0.29591836734693877,176.0
P6,score_Estrogen_response,random,-0.3730688946622833,176.0
P6,score_Proliferation,random,0.005384944083333829,176.0
P6,score_T_cell_activity,random,0.0011400083293150295,176.0
P6,score_Myeloid_inflammation,random,0.329570589903724,176.0
P6,tumour_immune_contact,random,,176.0
P6,frac_Tumour,random,0.0,177.0
P6,frac_Immune,random,0.29591836734693877,177.0
P6,score_Estrogen_response,random,-0.3722807065796528,177.0
P6,score_Proliferation,random,0.0011568483635952176,177.0
P6,score_T_cell_activity,random,0.0018142736680281037,177.0
P6,score_Myeloid_inflammation,random,0.2867754970057944,177.0
P6,tumour_immune_contact,random,,177.0
P6,frac_Tumour,random,0.0,178.0
P6,frac_Immune,random,0.25510204081632654,178.0
P6,score_Estrogen_response,random,-0.40371689244436004,178.0
P6,score_Proliferation,random,0.002476053463628775,178.0
P6,score_T_cell_activity,random,0.004797690659460065,178.0
P6,score_Myeloid_inflammation,random,0.2993237920358878,178.0
P6,tumour_immune_contact,random,,178.0
P6,frac_Tumour,random,0.0,179.0
P6,frac_Immune,random,0.24829931972789115,179.0
P6,score_Estrogen_response,random,-0.3862019747922698,179.0
P6,score_Proliferation,random,0.002877194573954934,179.0
P6,score_T_cell_activity,random,0.0020151682123254163,179.0
P6,score_Myeloid_inflammation,random,0.24400073175875156,179.0
P6,tumour_immune_contact,random,,179.0
P6,frac_Tumour,random,0.0,180.0
P6,frac_Immune,random,0.23809523809523808,180.0
P6,score_Estrogen_response,random,-0.3760544736770747,180.0
P6,score_Proliferation,random,0.00026258921812451295,180.0
P6,score_T_cell_activity,random,-0.002812237366307941,180.0
P6,score_Myeloid_inflammation,random,0.26498018861454137,180.0
P6,tumour_immune_contact,random,,180.0
P6,frac_Tumour,random,0.0,181.0
P6,frac_Immune,random,0.2789115646258503,181.0
P6,score_Estrogen_response,random,-0.37903137629734723,181.0
P6,score_Proliferation,random,0.00039187475396932833,181.0
P6,score_T_cell_activity,random,-0.001470707947003708,181.0
P6,score_Myeloid_inflammation,random,0.3147883395846314,181.0
P6,tumour_immune_contact,random,,181.0
P6,frac_Tumour,random,0.0,182.0
P6,frac_Immune,random,0.21768707482993196,182.0
P6,score_Estrogen_response,random,-0.36622687704083384,182.0
P6,score_Proliferation,random,0.015322935083150326,182.0
P6,score_T_cell_activity,random,-0.0012223481970681724,182.0
P6,score_Myeloid_inflammation,random,0.2565893769165749,182.0
P6,tumour_immune_contact,random,,182.0
P6,frac_Tumour,random,0.0,183.0
P6,frac_Immune,random,0.2108843537414966,183.0
P6,score_Estrogen_response,random,-0.3652306578396417,183.0
P6,score_Proliferation,random,0.011598593975140667,183.0
P6,score_T_cell_activity,random,0.0007323882949770884,183.0
P6,score_Myeloid_inflammation,random,0.24587166067578467,183.0
P6,tumour_immune_contact,random,,183.0
P6,frac_Tumour,random,0.0,184.0
P6,frac_Immune,random,0.3163265306122449,184.0
P6,score_Estrogen_response,random,-0.380338594741171,184.0
P6,score_Proliferation,random,-0.006356441558353483,184.0
P6,score_T_cell_activity,random,-0.0031076194618732647,184.0
P6,score_Myeloid_inflammation,random,0.2897488051658701,184.0
P6,tumour_immune_contact,random,,184.0
P6,frac_Tumour,random,0.0,185.0
P6,frac_Immune,random,0.24149659863945577,185.0
P6,score_Estrogen_response,random,-0.372706207676842,185.0
P6,score_Proliferation,random,0.0015278736108284702,185.0
P6,score_T_cell_activity,random,-0.0058660135605890906,185.0
P6,score_Myeloid_inflammation,random,0.30392238705915897,185.0
P6,tumour_immune_contact,random,,185.0
P6,frac_Tumour,random,0.0,186.0
P6,frac_Immune,random,0.3231292517006803,186.0
P6,score_Estrogen_response,random,-0.39837791886146934,186.0
P6,score_Proliferation,random,0.0152484277330018,186.0
P6,score_T_cell_activity,random,0.00790571517535063,186.0
P6,score_Myeloid_inflammation,random,0.2987772549727916,186.0
P6,tumour_immune_contact,random,,186.0
P6,frac_Tumour,random,0.0,187.0
P6,frac_Immune,random,0.2619047619047619,187.0
P6,score_Estrogen_response,random,-0.37610056134827774,187.0
P6,score_Proliferation,random,-0.00428675974172259,187.0
P6,score_T_cell_activity,random,-0.003914896639318175,187.0
P6,score_Myeloid_inflammation,random,0.2769810598271929,187.0
P6,tumour_immune_contact,random,,187.0
P6,frac_Tumour,random,0.0,188.0
P6,frac_Immune,random,0.29931972789115646,188.0
P6,score_Estrogen_response,random,-0.3851868402839337,188.0
P6,score_Proliferation,random,0.01879894377625719,188.0
P6,score_T_cell_activity,random,0.01014430739834385,188.0
P6,score_Myeloid_inflammation,random,0.31407052270293356,188.0
P6,tumour_immune_contact,random,,188.0
P6,frac_Tumour,random,0.0,189.0
P6,frac_Immune,random,0.2619047619047619,189.0
P6,score_Estrogen_response,random,-0.3630937173090158,189.0
P6,score_Proliferation,random,-5.882435239631771e-05,189.0
P6,score_T_cell_activity,random,-0.005308719708974026,189.0
P6,score_Myeloid_inflammation,random,0.32304228726003337,189.0
P6,tumour_immune_contact,random,,189.0
P6,frac_Tumour,random,0.0,190.0
P6,frac_Immune,random,0.30612244897959184,190.0
P6,score_Estrogen_response,random,-0.38064891096034864,190.0
P6,score_Proliferation,random,-0.0010234127360947264,190.0
P6,score_T_cell_activity,random,0.006223597652886424,190.0
P6,score_Myeloid_inflammation,random,0.31495317539390255,190.0
P6,tumour_immune_contact,random,,190.0
P6,frac_Tumour,random,0.0,191.0
P6,frac_Immune,random,0.2857142857142857,191.0
P6,score_Estrogen_response,random,-0.3914703191885064,191.0
P6,score_Proliferation,random,0.005559135632855555,191.0
P6,score_T_cell_activity,random,0.0015874215443066947,191.0
P6,score_Myeloid_inflammation,random,0.31511673517083516,191.0
P6,tumour_immune_contact,random,,191.0
P6,frac_Tumour,random,0.0,192.0
P6,frac_Immune,random,0.2687074829931973,192.0
P6,score_Estrogen_response,random,-0.4041566052994339,192.0
P6,score_Proliferation,random,-0.002501886396451331,192.0
P6,score_T_cell_activity,random,0.006221700109139139,192.0
P6,score_Myeloid_inflammation,random,0.3113275307399539,192.0
P6,tumour_immune_contact,random,,192.0
P6,frac_Tumour,random,0.0,193.0
P6,frac_Immune,random,0.3231292517006803,193.0
P6,score_Estrogen_response,random,-0.3877738593633302,193.0
P6,score_Proliferation,random,-0.0001554229929874246,193.0
P6,score_T_cell_activity,random,-0.0024634015727088457,193.0
P6,score_Myeloid_inflammation,random,0.3146083384005044,193.0
P6,tumour_immune_contact,random,,193.0
P6,frac_Tumour,random,0.0,194.0
P6,frac_Immune,random,0.2857142857142857,194.0
P6,score_Estrogen_response,random,-0.3703337947290465,194.0
P6,score_Proliferation,random,0.0055108263054672564,194.0
P6,score_T_cell_activity,random,-0.004899665733072521,194.0
P6,score_Myeloid_inflammation,random,0.2563062385492121,194.0
P6,tumour_immune_contact,random,,194.0
P6,frac_Tumour,random,0.0,195.0
P6,frac_Immune,random,0.272108843537415,195.0
P6,score_Estrogen_response,random,-0.364206725249649,195.0
P6,score_Proliferation,random,-0.0030463847085461853,195.0
P6,score_T_cell_activity,random,-5.6311484626485504e-05,195.0
P6,score_Myeloid_inflammation,random,0.30303816110503917,195.0
P6,tumour_immune_contact,random,,195.0
P6,frac_Tumour,random,0.0,196.0
P6,frac_Immune,random,0.24489795918367346,196.0
P6,score_Estrogen_response,random,-0.3913779967767619,196.0
P6,score_Proliferation,random,-0.004137003735349831,196.0
P6,score_T_cell_activity,random,-0.0032096790372430372,196.0
P6,score_Myeloid_inflammation,random,0.2701145377729099,196.0
P6,tumour_immune_contact,random,,196.0
P6,frac_Tumour,random,0.0,197.0
P6,frac_Immune,random,0.2687074829931973,197.0
P6,score_Estrogen_response,random,-0.344730522290212,197.0
P6,score_Proliferation,random,0.009396958751202713,197.0
P6,score_T_cell_activity,random,-0.008170821311580952,197.0
P6,score_Myeloid_inflammation,random,0.2772800947915477,197.0
P6,tumour_immune_contact,random,,197.0
P6,frac_Tumour,random,0.0,198.0
P6,frac_Immune,random,0.2857142857142857,198.0
P6,score_Estrogen_response,random,-0.3970791713112074,198.0
P6,score_Proliferation,random,0.001336079326346348,198.0
P6,score_T_cell_activity,random,-0.0022669006522733257,198.0
P6,score_Myeloid_inflammation,random,0.290889009712273,198.0
P6,tumour_immune_contact,random,,198.0
P6,frac_Tumour,random,0.0,199.0
P6,frac_Immune,random,0.30612244897959184,199.0
P6,score_Estrogen_response,random,-0.39573624668538615,199.0
P6,score_Proliferation,random,-0.005274760514295017,199.0
P6,score_T_cell_activity,random,0.007568227374437516,199.0
P6,score_Myeloid_inflammation,random,0.28473340794226876,199.0
P6,tumour_immune_contact,random,,199.0
P6,frac_Tumour,contiguous,0.0,0.0
P6,frac_Immune,contiguous,0.2891156462585034,0.0
P6,score_Estrogen_response,contiguous,-0.44731815704841155,0.0
P6,score_Proliferation,contiguous,0.0034015311432533525,0.0
P6,score_T_cell_activity,contiguous,-0.0057697925390752716,0.0
P6,score_Myeloid_inflammation,contiguous,0.30270043137353875,0.0
P6,tumour_immune_contact,contiguous,,0.0
P6,frac_Tumour,contiguous,0.0,1.0
P6,frac_Immune,contiguous,0.25510204081632654,1.0
P6,score_Estrogen_response,contiguous,-0.4570887476078906,1.0
P6,score_Proliferation,contiguous,-0.00047819734565795156,1.0
P6,score_T_cell_activity,contiguous,0.01589545003589903,1.0
P6,score_Myeloid_inflammation,contiguous,0.40306827236832177,1.0
P6,tumour_immune_contact,contiguous,,1.0
P6,frac_Tumour,contiguous,0.0,2.0
P6,frac_Immune,contiguous,0.3435374149659864,2.0
P6,score_Estrogen_response,contiguous,-0.4411127863581603,2.0
P6,score_Proliferation,contiguous,0.0024636400543372934,2.0
P6,score_T_cell_activity,contiguous,0.003827803157310593,2.0
P6,score_Myeloid_inflammation,contiguous,0.3571108449837672,2.0
P6,tumour_immune_contact,contiguous,,2.0
P6,frac_Tumour,contiguous,0.0,3.0
P6,frac_Immune,contiguous,0.4013605442176871,3.0
P6,score_Estrogen_response,contiguous,-0.42573266513748653,3.0
P6,score_Proliferation,contiguous,0.005595534347893161,3.0
P6,score_T_cell_activity,contiguous,0.007656448826695171,3.0
P6,score_Myeloid_inflammation,contiguous,0.3624439520981847,3.0
P6,tumour_immune_contact,contiguous,,3.0
P6,frac_Tumour,contiguous,0.0,4.0
P6,frac_Immune,contiguous,0.18027210884353742,4.0
P6,score_Estrogen_response,contiguous,0.1589526843361514,4.0
P6,score_Proliferation,contiguous,-0.00027135002167046323,4.0
P6,score_T_cell_activity,contiguous,-0.02636051217534126,4.0
P6,score_Myeloid_inflammation,contiguous,0.14490496793108384,4.0
P6,tumour_immune_contact,contiguous,,4.0
P6,frac_Tumour,contiguous,0.0,5.0
P6,frac_Immune,contiguous,0.10204081632653061,5.0
P6,score_Estrogen_response,contiguous,-0.4203247905997214,5.0
P6,score_Proliferation,contiguous,0.00030259575162615206,5.0
P6,score_T_cell_activity,contiguous,0.0002926761009109119,5.0
P6,score_Myeloid_inflammation,contiguous,0.22157740648738147,5.0
P6,tumour_immune_contact,contiguous,,5.0
P6,frac_Tumour,contiguous,0.0,6.0
P6,frac_Immune,contiguous,0.3435374149659864,6.0
P6,score_Estrogen_response,contiguous,-0.29590160159708917,6.0
P6,score_Proliferation,contiguous,-0.0040011162822749325,6.0
P6,score_T_cell_activity,contiguous,-0.0027189549228216767,6.0
P6,score_Myeloid_inflammation,contiguous,0.3355008603932212,6.0
P6,tumour_immune_contact,contiguous,,6.0
P6,frac_Tumour,contiguous,0.0,7.0
P6,frac_Immune,contiguous,0.5612244897959183,7.0
P6,score_Estrogen_response,contiguous,-0.4839342090153721,7.0
P6,score_Proliferation,contiguous,0.0111375295284654,7.0
P6,score_T_cell_activity,contiguous,-0.0031008810786089863,7.0
P6,score_Myeloid_inflammation,contiguous,0.5095257106547916,7.0
P6,tumour_immune_contact,contiguous,,7.0
P6,frac_Tumour,contiguous,0.0,8.0
P6,frac_Immune,contiguous,0.42857142857142855,8.0
P6,score_Estrogen_response,contiguous,-0.3142208593129781,8.0
P6,score_Proliferation,contiguous,-0.004805044402070598,8.0
P6,score_T_cell_activity,contiguous,0.007589867507015263,8.0
P6,score_Myeloid_inflammation,contiguous,0.35049697104070354,8.0
P6,tumour_immune_contact,contiguous,,8.0
P6,frac_Tumour,contiguous,0.0,9.0
P6,frac_Immune,contiguous,0.46598639455782315,9.0
P6,score_Estrogen_response,contiguous,-0.530011405981535,9.0
P6,score_Proliferation,contiguous,0.005150413331396188,9.0
P6,score_T_cell_activity,contiguous,-0.012726771806161209,9.0
P6,score_Myeloid_inflammation,contiguous,0.5368423426591503,9.0
P6,tumour_immune_contact,contiguous,,9.0
P6,frac_Tumour,contiguous,0.0,10.0
P6,frac_Immune,contiguous,0.17346938775510204,10.0
P6,score_Estrogen_response,contiguous,-0.40468800182945075,10.0
P6,score_Proliferation,contiguous,-0.008923315647778325,10.0
P6,score_T_cell_activity,contiguous,0.013041434562066726,10.0
P6,score_Myeloid_inflammation,contiguous,0.27001161509688554,10.0
P6,tumour_immune_contact,contiguous,,10.0
P6,frac_Tumour,contiguous,0.0,11.0
P6,frac_Immune,contiguous,0.41496598639455784,11.0
P6,score_Estrogen_response,contiguous,-0.46623190265511494,11.0
P6,score_Proliferation,contiguous,0.007343965227506601,11.0
P6,score_T_cell_activity,contiguous,0.004830089374712784,11.0
P6,score_Myeloid_inflammation,contiguous,0.4073735446427144,11.0
P6,tumour_immune_contact,contiguous,,11.0
P6,frac_Tumour,contiguous,0.0,12.0
P6,frac_Immune,contiguous,0.4489795918367347,12.0
P6,score_Estrogen_response,contiguous,-0.4570590661051607,12.0
P6,score_Proliferation,contiguous,0.0012915823025768337,12.0
P6,score_T_cell_activity,contiguous,0.0036658677153927214,12.0
P6,score_Myeloid_inflammation,contiguous,0.4520189285967626,12.0
P6,tumour_immune_contact,contiguous,,12.0
P6,frac_Tumour,contiguous,0.0,13.0
P6,frac_Immune,contiguous,0.3673469387755102,13.0
P6,score_Estrogen_response,contiguous,0.016442389319011763,13.0
P6,score_Proliferation,contiguous,0.0006750247091933453,13.0
P6,score_T_cell_activity,contiguous,-0.023037885356425744,13.0
P6,score_Myeloid_inflammation,contiguous,0.21884106246908389,13.0
P6,tumour_immune_contact,contiguous,,13.0
P6,frac_Tumour,contiguous,0.0,14.0
P6,frac_Immune,contiguous,0.2925170068027211,14.0
P6,score_Estrogen_response,contiguous,-0.4240932620335317,14.0
P6,score_Proliferation,contiguous,-0.006210248268921086,14.0
P6,score_T_cell_activity,contiguous,0.016039119543650497,14.0
P6,score_Myeloid_inflammation,contiguous,0.3826241198045983,14.0
P6,tumour_immune_contact,contiguous,,14.0
P6,frac_Tumour,contiguous,0.0,15.0
P6,frac_Immune,contiguous,0.10204081632653061,15.0
P6,score_Estrogen_response,contiguous,-0.07589681569410267,15.0
P6,score_Proliferation,contiguous,0.0011398887924866886,15.0
P6,score_T_cell_activity,contiguous,-0.010610160147153097,15.0
P6,score_Myeloid_inflammation,contiguous,0.1334382326146488,15.0
P6,tumour_immune_contact,contiguous,,15.0
P6,frac_Tumour,contiguous,0.0,16.0
P6,frac_Immune,contiguous,0.30612244897959184,16.0
P6,score_Estrogen_response,contiguous,-0.30019418780463086,16.0
P6,score_Proliferation,contiguous,-0.00037109604227840085,16.0
P6,score_T_cell_activity,contiguous,-0.004690090806678411,16.0
P6,score_Myeloid_inflammation,contiguous,0.3192334285138068,16.0
P6,tumour_immune_contact,contiguous,,16.0
P6,frac_Tumour,contiguous,0.0,17.0
P6,frac_Immune,contiguous,0.10884353741496598,17.0
P6,score_Estrogen_response,contiguous,0.010179135190151956,17.0
P6,score_Proliferation,contiguous,-0.010053260346659185,17.0
P6,score_T_cell_activity,contiguous,-0.010448331736156505,17.0
P6,score_Myeloid_inflammation,contiguous,0.1278676099789965,17.0
P6,tumour_immune_contact,contiguous,,17.0
P6,frac_Tumour,contiguous,0.0,18.0
P6,frac_Immune,contiguous,0.4013605442176871,18.0
P6,score_Estrogen_response,contiguous,-0.4515148491945682,18.0
P6,score_Proliferation,contiguous,0.0020042319484308473,18.0
P6,score_T_cell_activity,contiguous,-0.00574748913542038,18.0
P6,score_Myeloid_inflammation,contiguous,0.3918453491220669,18.0
P6,tumour_immune_contact,contiguous,,18.0
P6,frac_Tumour,contiguous,0.0,19.0
P6,frac_Immune,contiguous,0.5918367346938775,19.0
P6,score_Estrogen_response,contiguous,-0.40213606026606946,19.0
P6,score_Proliferation,contiguous,0.008581381673985868,19.0
P6,score_T_cell_activity,contiguous,-0.0006765836155092384,19.0
P6,score_Myeloid_inflammation,contiguous,0.3624089168378517,19.0
P6,tumour_immune_contact,contiguous,,19.0
P6,frac_Tumour,contiguous,0.0,20.0
P6,frac_Immune,contiguous,0.2585034013605442,20.0
P6,score_Estrogen_response,contiguous,-0.4505389472952547,20.0
P6,score_Proliferation,contiguous,0.005154362122217815,20.0
P6,score_T_cell_activity,contiguous,0.005143459532536618,20.0
P6,score_Myeloid_inflammation,contiguous,0.3114435631065721,20.0
P6,tumour_immune_contact,contiguous,,20.0
P6,frac_Tumour,contiguous,0.0,21.0
P6,frac_Immune,contiguous,0.282312925170068,21.0
P6,score_Estrogen_response,contiguous,-0.4558270583308286,21.0
P6,score_Proliferation,contiguous,0.01421311436123859,21.0
P6,score_T_cell_activity,contiguous,0.0008491615474081618,21.0
P6,score_Myeloid_inflammation,contiguous,0.3310850230064985,21.0
P6,tumour_immune_contact,contiguous,,21.0
P6,frac_Tumour,contiguous,0.0,22.0
P6,frac_Immune,contiguous,0.24149659863945577,22.0
P6,score_Estrogen_response,contiguous,-0.34105138322842576,22.0
P6,score_Proliferation,contiguous,-0.0022169138704027464,22.0
P6,score_T_cell_activity,contiguous,-0.0064248854727541075,22.0
P6,score_Myeloid_inflammation,contiguous,0.2711186968811052,22.0
P6,tumour_immune_contact,contiguous,,22.0
P6,frac_Tumour,contiguous,0.0,23.0
P6,frac_Immune,contiguous,0.4387755102040816,23.0
P6,score_Estrogen_response,contiguous,-0.3789628589085428,23.0
P6,score_Proliferation,contiguous,0.0006801402136311814,23.0
P6,score_T_cell_activity,contiguous,0.005593234988421124,23.0
P6,score_Myeloid_inflammation,contiguous,0.3370292700263803,23.0
P6,tumour_immune_contact,contiguous,,23.0
P6,frac_Tumour,contiguous,0.0,24.0
P6,frac_Immune,contiguous,0.3469387755102041,24.0
P6,score_Estrogen_response,contiguous,-0.30290044066778776,24.0
P6,score_Proliferation,contiguous,-0.0013865492592593162,24.0
P6,score_T_cell_activity,contiguous,-0.005242818794377902,24.0
P6,score_Myeloid_inflammation,contiguous,0.34929777270966766,24.0
P6,tumour_immune_contact,contiguous,,24.0
P6,frac_Tumour,contiguous,0.0,25.0
P6,frac_Immune,contiguous,0.5204081632653061,25.0
P6,score_Estrogen_response,contiguous,-0.5093864295892656,25.0
P6,score_Proliferation,contiguous,0.011986790476472471,25.0
P6,score_T_cell_activity,contiguous,-0.0062227764166971474,25.0
P6,score_Myeloid_inflammation,contiguous,0.5455231395372497,25.0
P6,tumour_immune_contact,contiguous,,25.0
P6,frac_Tumour,contiguous,0.0,26.0
P6,frac_Immune,contiguous,0.5136054421768708,26.0
P6,score_Estrogen_response,contiguous,-0.28228017553132223,26.0
P6,score_Proliferation,contiguous,0.0030104351219406495,26.0
P6,score_T_cell_activity,contiguous,-0.0103332644908855,26.0
P6,score_Myeloid_inflammation,contiguous,0.28346027836044285,26.0
P6,tumour_immune_contact,contiguous,,26.0
P6,frac_Tumour,contiguous,0.0,27.0
P6,frac_Immune,contiguous,0.25170068027210885,27.0
P6,score_Estrogen_response,contiguous,-0.3682208736823218,27.0
P6,score_Proliferation,contiguous,-0.01020033981118883,27.0
P6,score_T_cell_activity,contiguous,0.00997051815210169,27.0
P6,score_Myeloid_inflammation,contiguous,0.2714016317388639,27.0
P6,tumour_immune_contact,contiguous,,27.0
P6,frac_Tumour,contiguous,0.0,28.0
P6,frac_Immune,contiguous,0.08843537414965986,28.0
P6,score_Estrogen_response,contiguous,-0.4630434334081348,28.0
P6,score_Proliferation,contiguous,-0.002602762155522023,28.0
P6,score_T_cell_activity,contiguous,0.011390275948077006,28.0
P6,score_Myeloid_inflammation,contiguous,0.19503977937705316,28.0
P6,tumour_immune_contact,contiguous,,28.0
P6,frac_Tumour,contiguous,0.0,29.0
P6,frac_Immune,contiguous,0.2857142857142857,29.0
P6,score_Estrogen_response,contiguous,-0.4993018658307755,29.0
P6,score_Proliferation,contiguous,0.002937996753759667,29.0
P6,score_T_cell_activity,contiguous,0.010710384163953235,29.0
P6,score_Myeloid_inflammation,contiguous,0.514203474423744,29.0
P6,tumour_immune_contact,contiguous,,29.0
P6,frac_Tumour,contiguous,0.0,30.0
P6,frac_Immune,contiguous,0.3299319727891156,30.0
P6,score_Estrogen_response,contiguous,-0.4878074369083826,30.0
P6,score_Proliferation,contiguous,0.004653730843207736,30.0
P6,score_T_cell_activity,contiguous,-0.008574667458127452,30.0
P6,score_Myeloid_inflammation,contiguous,0.32520240776740433,30.0
P6,tumour_immune_contact,contiguous,,30.0
P6,frac_Tumour,contiguous,0.0,31.0
P6,frac_Immune,contiguous,0.35374149659863946,31.0
P6,score_Estrogen_response,contiguous,-0.5111547271129787,31.0
P6,score_Proliferation,contiguous,0.004809607660689324,31.0
P6,score_T_cell_activity,contiguous,0.008581993877650285,31.0
P6,score_Myeloid_inflammation,contiguous,0.47999956118295906,31.0
P6,tumour_immune_contact,contiguous,,31.0
P6,frac_Tumour,contiguous,0.0,32.0
P6,frac_Immune,contiguous,0.2619047619047619,32.0
P6,score_Estrogen_response,contiguous,-0.4954701926897517,32.0
P6,score_Proliferation,contiguous,0.005175011562111701,32.0
P6,score_T_cell_activity,contiguous,0.015400227639264115,32.0
P6,score_Myeloid_inflammation,contiguous,0.45581333129874013,32.0
P6,tumour_immune_contact,contiguous,,32.0
P6,frac_Tumour,contiguous,0.0,33.0
P6,frac_Immune,contiguous,0.46598639455782315,33.0
P6,score_Estrogen_response,contiguous,-0.5065739235629423,33.0
P6,score_Proliferation,contiguous,0.0100226688891852,33.0
P6,score_T_cell_activity,contiguous,0.008583240995346027,33.0
P6,score_Myeloid_inflammation,contiguous,0.4040533690352945,33.0
P6,tumour_immune_contact,contiguous,,33.0
P6,frac_Tumour,contiguous,0.0,34.0
P6,frac_Immune,contiguous,0.4557823129251701,34.0
P6,score_Estrogen_response,contiguous,-0.46083306545582453,34.0
P6,score_Proliferation,contiguous,-0.0014486553724390562,34.0
P6,score_T_cell_activity,contiguous,0.0037042635859333784,34.0
P6,score_Myeloid_inflammation,contiguous,0.4726476458274008,34.0
P6,tumour_immune_contact,contiguous,,34.0
P6,frac_Tumour,contiguous,0.0,35.0
P6,frac_Immune,contiguous,0.23809523809523808,35.0
P6,score_Estrogen_response,contiguous,-0.4672596962692776,35.0
P6,score_Proliferation,contiguous,0.0032113026221052615,35.0
P6,score_T_cell_activity,contiguous,0.01533659023087041,35.0
P6,score_Myeloid_inflammation,contiguous,0.4363149787866455,35.0
P6,tumour_immune_contact,contiguous,,35.0
P6,frac_Tumour,contiguous,0.0,36.0
P6,frac_Immune,contiguous,0.08503401360544217,36.0
P6,score_Estrogen_response,contiguous,-0.46075284283900975,36.0
P6,score_Proliferation,contiguous,0.00992937383332761,36.0
P6,score_T_cell_activity,contiguous,0.007385879695989005,36.0
P6,score_Myeloid_inflammation,contiguous,0.09919810216848543,36.0
P6,tumour_immune_contact,contiguous,,36.0
P6,frac_Tumour,contiguous,0.0,37.0
P6,frac_Immune,contiguous,0.46258503401360546,37.0
P6,score_Estrogen_response,contiguous,-0.28874667792469616,37.0
P6,score_Proliferation,contiguous,0.0033961881328872573,37.0
P6,score_T_cell_activity,contiguous,-0.005654870101822106,37.0
P6,score_Myeloid_inflammation,contiguous,0.291613583172028,37.0
P6,tumour_immune_contact,contiguous,,37.0
P6,frac_Tumour,contiguous,0.0,38.0
P6,frac_Immune,contiguous,0.05102040816326531,38.0
P6,score_Estrogen_response,contiguous,0.14223417923890713,38.0
P6,score_Proliferation,contiguous,-0.006981810077247702,38.0
P6,score_T_cell_activity,contiguous,-0.023839623852984358,38.0
P6,score_Myeloid_inflammation,contiguous,0.07273568696484506,38.0
P6,tumour_immune_contact,contiguous,,38.0
P6,frac_Tumour,contiguous,0.0,39.0
P6,frac_Immune,contiguous,0.1564625850340136,39.0
P6,score_Estrogen_response,contiguous,-0.4010551762007999,39.0
P6,score_Proliferation,contiguous,-0.0031768525227938082,39.0
P6,score_T_cell_activity,contiguous,-0.006291530047509501,39.0
P6,score_Myeloid_inflammation,contiguous,0.19944165249375953,39.0
P6,tumour_immune_contact,contiguous,,39.0
P6,frac_Tumour,contiguous,0.0,40.0
P6,frac_Immune,contiguous,0.17346938775510204,40.0
P6,score_Estrogen_response,contiguous,-0.44022671633675914,40.0
P6,score_Proliferation,contiguous,-0.0012799710751661073,40.0
P6,score_T_cell_activity,contiguous,-0.0010405201081472148,40.0
P6,score_Myeloid_inflammation,contiguous,0.2312978584599564,40.0
P6,tumour_immune_contact,contiguous,,40.0
P6,frac_Tumour,contiguous,0.0,41.0
P6,frac_Immune,contiguous,0.030612244897959183,41.0
P6,score_Estrogen_response,contiguous,-0.034852124527658956,41.0
P6,score_Proliferation,contiguous,-0.010031033066394912,41.0
P6,score_T_cell_activity,contiguous,-0.011696384957153484,41.0
P6,score_Myeloid_inflammation,contiguous,0.09933525887476344,41.0
P6,tumour_immune_contact,contiguous,,41.0
P6,frac_Tumour,contiguous,0.0,42.0
P6,frac_Immune,contiguous,0.46938775510204084,42.0
P6,score_Estrogen_response,contiguous,-0.5296607778261369,42.0
P6,score_Proliferation,contiguous,0.0044344574327912206,42.0
P6,score_T_cell_activity,contiguous,-0.01281172718634725,42.0
P6,score_Myeloid_inflammation,contiguous,0.5342308207515145,42.0
P6,tumour_immune_contact,contiguous,,42.0
P6,frac_Tumour,contiguous,0.0,43.0
P6,frac_Immune,contiguous,0.20748299319727892,43.0
P6,score_Estrogen_response,contiguous,-0.37544259680394193,43.0
P6,score_Proliferation,contiguous,0.0006308436380222018,43.0
P6,score_T_cell_activity,contiguous,-0.004552936716820378,43.0
P6,score_Myeloid_inflammation,contiguous,0.2712541730347134,43.0
P6,tumour_immune_contact,contiguous,,43.0
P6,frac_Tumour,contiguous,0.0,44.0
P6,frac_Immune,contiguous,0.3163265306122449,44.0
P6,score_Estrogen_response,contiguous,-0.4345866130804795,44.0
P6,score_Proliferation,contiguous,0.00544469568869965,44.0
P6,score_T_cell_activity,contiguous,-0.008040978359067062,44.0
P6,score_Myeloid_inflammation,contiguous,0.333982249670404,44.0
P6,tumour_immune_contact,contiguous,,44.0
P6,frac_Tumour,contiguous,0.0,45.0
P6,frac_Immune,contiguous,0.35034013605442177,45.0
P6,score_Estrogen_response,contiguous,-0.35470580827637893,45.0
P6,score_Proliferation,contiguous,-0.006261043009303863,45.0
P6,score_T_cell_activity,contiguous,-0.0008272720468886662,45.0
P6,score_Myeloid_inflammation,contiguous,0.3683461939877278,45.0
P6,tumour_immune_contact,contiguous,,45.0
P6,frac_Tumour,contiguous,0.0,46.0
P6,frac_Immune,contiguous,0.6258503401360545,46.0
P6,score_Estrogen_response,contiguous,-0.3904869526309262,46.0
P6,score_Proliferation,contiguous,-0.002856824933266152,46.0
P6,score_T_cell_activity,contiguous,0.00854616891357356,46.0
P6,score_Myeloid_inflammation,contiguous,0.34288206948019906,46.0
P6,tumour_immune_contact,contiguous,,46.0
P6,frac_Tumour,contiguous,0.0,47.0
P6,frac_Immune,contiguous,0.5272108843537415,47.0
P6,score_Estrogen_response,contiguous,-0.4300487803080485,47.0
P6,score_Proliferation,contiguous,0.0042960457182795566,47.0
P6,score_T_cell_activity,contiguous,0.003648245548466997,47.0
P6,score_Myeloid_inflammation,contiguous,0.3707527831112794,47.0
P6,tumour_immune_contact,contiguous,,47.0
P6,frac_Tumour,contiguous,0.0,48.0
P6,frac_Immune,contiguous,0.17006802721088435,48.0
P6,score_Estrogen_response,contiguous,-0.28646689707585105,48.0
P6,score_Proliferation,contiguous,-0.015577850228940007,48.0
P6,score_T_cell_activity,contiguous,0.009325759993790629,48.0
P6,score_Myeloid_inflammation,contiguous,0.24687661564442812,48.0
P6,tumour_immune_contact,contiguous,,48.0
P6,frac_Tumour,contiguous,0.0,49.0
P6,frac_Immune,contiguous,0.013605442176870748,49.0
P6,score_Estrogen_response,contiguous,-0.46241373824274745,49.0
P6,score_Proliferation,contiguous,0.011387126009210168,49.0
P6,score_T_cell_activity,contiguous,-0.0003898644452075456,49.0
P6,score_Myeloid_inflammation,contiguous,0.10834488078097443,49.0
P6,tumour_immune_contact,contiguous,,49.0
P6,frac_Tumour,contiguous,0.0,50.0
P6,frac_Immune,contiguous,0.29931972789115646,50.0
P6,score_Estrogen_response,contiguous,-0.3300195013401536,50.0
P6,score_Proliferation,contiguous,-0.0009842213008409168,50.0
P6,score_T_cell_activity,contiguous,-0.0036230923155691507,50.0
P6,score_Myeloid_inflammation,contiguous,0.30320979532915143,50.0
P6,tumour_immune_contact,contiguous,,50.0
P6,frac_Tumour,contiguous,0.0,51.0
P6,frac_Immune,contiguous,0.5102040816326531,51.0
P6,score_Estrogen_response,contiguous,-0.3320802176828903,51.0
P6,score_Proliferation,contiguous,0.0007984068320722,51.0
P6,score_T_cell_activity,contiguous,0.006987497439138693,51.0
P6,score_Myeloid_inflammation,contiguous,0.33221711446059576,51.0
P6,tumour_immune_contact,contiguous,,51.0
P6,frac_Tumour,contiguous,0.0,52.0
P6,frac_Immune,contiguous,0.05442176870748299,52.0
P6,score_Estrogen_response,contiguous,-0.4712829061098366,52.0
P6,score_Proliferation,contiguous,-0.00045820306488175266,52.0
P6,score_T_cell_activity,contiguous,0.006216738576791725,52.0
P6,score_Myeloid_inflammation,contiguous,0.1784321462592532,52.0
P6,tumour_immune_contact,contiguous,,52.0
P6,frac_Tumour,contiguous,0.0,53.0
P6,frac_Immune,contiguous,0.2585034013605442,53.0
P6,score_Estrogen_response,contiguous,-0.48308809426472976,53.0
P6,score_Proliferation,contiguous,0.004585531403958935,53.0
P6,score_T_cell_activity,contiguous,-0.0056090048080260115,53.0
P6,score_Myeloid_inflammation,contiguous,0.284460200351691,53.0
P6,tumour_immune_contact,contiguous,,53.0
P6,frac_Tumour,contiguous,0.0,54.0
P6,frac_Immune,contiguous,0.23809523809523808,54.0
P6,score_Estrogen_response,contiguous,-0.46222897950045244,54.0
P6,score_Proliferation,contiguous,0.010532010123302609,54.0
P6,score_T_cell_activity,contiguous,-0.003913302310046271,54.0
P6,score_Myeloid_inflammation,contiguous,0.24980930541995897,54.0
P6,tumour_immune_contact,contiguous,,54.0
P6,frac_Tumour,contiguous,0.0,55.0
P6,frac_Immune,contiguous,0.391156462585034,55.0
P6,score_Estrogen_response,contiguous,-0.43968855026774456,55.0
P6,score_Proliferation,contiguous,-0.004628306297488223,55.0
P6,score_T_cell_activity,contiguous,-0.005527526706999596,55.0
P6,score_Myeloid_inflammation,contiguous,0.4124510175487854,55.0
P6,tumour_immune_contact,contiguous,,55.0
P6,frac_Tumour,contiguous,0.0,56.0
P6,frac_Immune,contiguous,0.6122448979591837,56.0
P6,score_Estrogen_response,contiguous,-0.3762312168880274,56.0
P6,score_Proliferation,contiguous,-0.005516316562282796,56.0
P6,score_T_cell_activity,contiguous,0.009751589751209983,56.0
P6,score_Myeloid_inflammation,contiguous,0.3382843453080129,56.0
P6,tumour_immune_contact,contiguous,,56.0
P6,frac_Tumour,contiguous,0.0,57.0
P6,frac_Immune,contiguous,0.3197278911564626,57.0
P6,score_Estrogen_response,contiguous,-0.4868099415535808,57.0
P6,score_Proliferation,contiguous,0.003697252652677551,57.0
P6,score_T_cell_activity,contiguous,-0.00841238372519648,57.0
P6,score_Myeloid_inflammation,contiguous,0.32177672241589067,57.0
P6,tumour_immune_contact,contiguous,,57.0
P6,frac_Tumour,contiguous,0.0,58.0
P6,frac_Immune,contiguous,0.17006802721088435,58.0
P6,score_Estrogen_response,contiguous,-0.3982088780850797,58.0
P6,score_Proliferation,contiguous,-0.003004921417928336,58.0
P6,score_T_cell_activity,contiguous,-0.004369415502750736,58.0
P6,score_Myeloid_inflammation,contiguous,0.24193860596482097,58.0
P6,tumour_immune_contact,contiguous,,58.0
P6,frac_Tumour,contiguous,0.0,59.0
P6,frac_Immune,contiguous,0.4013605442176871,59.0
P6,score_Estrogen_response,contiguous,-0.4515148491945682,59.0
P6,score_Proliferation,contiguous,0.0020042319484308473,59.0
P6,score_T_cell_activity,contiguous,-0.00574748913542038,59.0
P6,score_Myeloid_inflammation,contiguous,0.3918453491220669,59.0
P6,tumour_immune_contact,contiguous,,59.0
P6,frac_Tumour,contiguous,0.0,60.0
P6,frac_Immune,contiguous,0.5136054421768708,60.0
P6,score_Estrogen_response,contiguous,-0.4293091150427696,60.0
P6,score_Proliferation,contiguous,0.010562444406301798,60.0
P6,score_T_cell_activity,contiguous,-0.00044924812230101206,60.0
P6,score_Myeloid_inflammation,contiguous,0.36769459731493104,60.0
P6,tumour_immune_contact,contiguous,,60.0
P6,frac_Tumour,contiguous,0.0,61.0
P6,frac_Immune,contiguous,0.02040816326530612,61.0
P6,score_Estrogen_response,contiguous,-0.02335259050907318,61.0
P6,score_Proliferation,contiguous,-0.012700229908198184,61.0
P6,score_T_cell_activity,contiguous,-0.009071114986921237,61.0
P6,score_Myeloid_inflammation,contiguous,0.08217639324384712,61.0
P6,tumour_immune_contact,contiguous,,61.0
P6,frac_Tumour,contiguous,0.0,62.0
P6,frac_Immune,contiguous,0.16666666666666666,62.0
P6,score_Estrogen_response,contiguous,-0.46668626056884127,62.0
P6,score_Proliferation,contiguous,0.0034789920218136865,62.0
P6,score_T_cell_activity,contiguous,-0.0040866999010424,62.0
P6,score_Myeloid_inflammation,contiguous,0.20046100784205367,62.0
P6,tumour_immune_contact,contiguous,,62.0
P6,frac_Tumour,contiguous,0.0,63.0
P6,frac_Immune,contiguous,0.25170068027210885,63.0
P6,score_Estrogen_response,contiguous,-0.44928427238613694,63.0
P6,score_Proliferation,contiguous,0.012738746333014129,63.0
P6,score_T_cell_activity,contiguous,-0.002672742744385484,63.0
P6,score_Myeloid_inflammation,contiguous,0.2584867424925516,63.0
P6,tumour_immune_contact,contiguous,,63.0
P6,frac_Tumour,contiguous,0.0,64.0
P6,frac_Immune,contiguous,0.272108843537415,64.0
P6,score_Estrogen_response,contiguous,0.07554988824690911,64.0
P6,score_Proliferation,contiguous,-0.004920916372145653,64.0
P6,score_T_cell_activity,contiguous,-0.02438921158602843,64.0
P6,score_Myeloid_inflammation,contiguous,0.17276519257658537,64.0
P6,tumour_immune_contact,contiguous,,64.0
P6,frac_Tumour,contiguous,0.0,65.0
P6,frac_Immune,contiguous,0.05782312925170068,65.0
P6,score_Estrogen_response,contiguous,-0.46997292410568603,65.0
P6,score_Proliferation,contiguous,0.001619317742432058,65.0
P6,score_T_cell_activity,contiguous,0.006024400532307735,65.0
P6,score_Myeloid_inflammation,contiguous,0.1845407124609479,65.0
P6,tumour_immune_contact,contiguous,,65.0
P6,frac_Tumour,contiguous,0.0,66.0
P6,frac_Immune,contiguous,0.08163265306122448,66.0
P6,score_Estrogen_response,contiguous,0.153846891463172,66.0
P6,score_Proliferation,contiguous,-0.008198151261357763,66.0
P6,score_T_cell_activity,contiguous,-0.023640078471072523,66.0
P6,score_Myeloid_inflammation,contiguous,0.07914183268857536,66.0
P6,tumour_immune_contact,contiguous,,66.0
P6,frac_Tumour,contiguous,0.0,67.0
P6,frac_Immune,contiguous,0.04421768707482993,67.0
P6,score_Estrogen_response,contiguous,-0.452481379853348,67.0
P6,score_Proliferation,contiguous,0.013166629386191467,67.0
P6,score_T_cell_activity,contiguous,-0.0025223836380747038,67.0
P6,score_Myeloid_inflammation,contiguous,0.19892504106805203,67.0
P6,tumour_immune_contact,contiguous,,67.0
P6,frac_Tumour,contiguous,0.0,68.0
P6,frac_Immune,contiguous,0.18027210884353742,68.0
P6,score_Estrogen_response,contiguous,-0.4606572325128139,68.0
P6,score_Proliferation,contiguous,0.017088204076906453,68.0
P6,score_T_cell_activity,contiguous,0.010005149144770402,68.0
P6,score_Myeloid_inflammation,contiguous,0.1628105433208486,68.0
P6,tumour_immune_contact,contiguous,,68.0
P6,frac_Tumour,contiguous,0.0,69.0
P6,frac_Immune,contiguous,0.5102040816326531,69.0
P6,score_Estrogen_response,contiguous,-0.5003533563057997,69.0
P6,score_Proliferation,contiguous,0.006061192515755999,69.0
P6,score_T_cell_activity,contiguous,0.02073006558343024,69.0
P6,score_Myeloid_inflammation,contiguous,0.44474755432098323,69.0
P6,tumour_immune_contact,contiguous,,69.0
P6,frac_Tumour,contiguous,0.0,70.0
P6,frac_Immune,contiguous,0.1326530612244898,70.0
P6,score_Estrogen_response,contiguous,0.08447233982268659,70.0
P6,score_Proliferation,contiguous,-0.006312259093028345,70.0
P6,score_T_cell_activity,contiguous,-0.022334065759431105,70.0
P6,score_Myeloid_inflammation,contiguous,0.09718486465680241,70.0
P6,tumour_immune_contact,contiguous,,70.0
P6,frac_Tumour,contiguous,0.0,71.0
P6,frac_Immune,contiguous,0.08503401360544217,71.0
P6,score_Estrogen_response,contiguous,-0.46075284283900975,71.0
P6,score_Proliferation,contiguous,0.00992937383332761,71.0
P6,score_T_cell_activity,contiguous,0.007385879695989005,71.0
P6,score_Myeloid_inflammation,contiguous,0.09919810216848543,71.0
P6,tumour_immune_contact,contiguous,,71.0
P6,frac_Tumour,contiguous,0.0,72.0
P6,frac_Immune,contiguous,0.35374149659863946,72.0
P6,score_Estrogen_response,contiguous,-0.3842590342562256,72.0
P6,score_Proliferation,contiguous,-0.0076247975872217105,72.0
P6,score_T_cell_activity,contiguous,0.0019260889570115562,72.0
P6,score_Myeloid_inflammation,contiguous,0.3601656496408961,72.0
P6,tumour_immune_contact,contiguous,,72.0
P6,frac_Tumour,contiguous,0.0,73.0
P6,frac_Immune,contiguous,0.16326530612244897,73.0
P6,score_Estrogen_response,contiguous,-0.4010121875622611,73.0
P6,score_Proliferation,contiguous,-0.007505477501962188,73.0
P6,score_T_cell_activity,contiguous,0.014004386026185537,73.0
P6,score_Myeloid_inflammation,contiguous,0.24663906773568592,73.0
P6,tumour_immune_contact,contiguous,,73.0
P6,frac_Tumour,contiguous,0.0,74.0
P6,frac_Immune,contiguous,0.3843537414965986,74.0
P6,score_Estrogen_response,contiguous,-0.5181763534660039,74.0
P6,score_Proliferation,contiguous,0.0007526190879663932,74.0
P6,score_T_cell_activity,contiguous,-0.008318905118247157,74.0
P6,score_Myeloid_inflammation,contiguous,0.5121674801662666,74.0
P6,tumour_immune_contact,contiguous,,74.0
P6,frac_Tumour,contiguous,0.0,75.0
P6,frac_Immune,contiguous,0.4931972789115646,75.0
P6,score_Estrogen_response,contiguous,-0.46935158438054303,75.0
P6,score_Proliferation,contiguous,-0.0006915933522237379,75.0
P6,score_T_cell_activity,contiguous,0.008750647383482277,75.0
P6,score_Myeloid_inflammation,contiguous,0.49647930018234526,75.0
P6,tumour_immune_contact,contiguous,,75.0
P6,frac_Tumour,contiguous,0.0,76.0
P6,frac_Immune,contiguous,0.4013605442176871,76.0
P6,score_Estrogen_response,contiguous,-0.027165605898470335,76.0
P6,score_Proliferation,contiguous,0.007862007642278868,76.0
P6,score_T_cell_activity,contiguous,-0.022216895824883755,76.0
P6,score_Myeloid_inflammation,contiguous,0.23344199286373754,76.0
P6,tumour_immune_contact,contiguous,,76.0
P6,frac_Tumour,contiguous,0.0,77.0
P6,frac_Immune,contiguous,0.30272108843537415,77.0
P6,score_Estrogen_response,contiguous,-0.321067022208935,77.0
P6,score_Proliferation,contiguous,-0.0019096896126697405,77.0
P6,score_T_cell_activity,contiguous,-0.003353803371502036,77.0
P6,score_Myeloid_inflammation,contiguous,0.2999508355165478,77.0
P6,tumour_immune_contact,contiguous,,77.0
P6,frac_Tumour,contiguous,0.0,78.0
P6,frac_Immune,contiguous,0.5102040816326531,78.0
P6,score_Estrogen_response,contiguous,-0.3320802176828903,78.0
P6,score_Proliferation,contiguous,0.0007984068320722,78.0
P6,score_T_cell_activity,contiguous,0.006987497439138693,78.0
P6,score_Myeloid_inflammation,contiguous,0.33221711446059576,78.0
P6,tumour_immune_contact,contiguous,,78.0
P6,frac_Tumour,contiguous,0.0,79.0
P6,frac_Immune,contiguous,0.3231292517006803,79.0
P6,score_Estrogen_response,contiguous,-0.4572447203510332,79.0
P6,score_Proliferation,contiguous,0.016568589605171397,79.0
P6,score_T_cell_activity,contiguous,0.0016116858912776726,79.0
P6,score_Myeloid_inflammation,contiguous,0.3527367414318322,79.0
P6,tumour_immune_contact,contiguous,,79.0
P6,frac_Tumour,contiguous,0.0,80.0
P6,frac_Immune,contiguous,0.05102040816326531,80.0
P6,score_Estrogen_response,contiguous,-0.4510262358568009,80.0
P6,score_Proliferation,contiguous,0.018170171448297787,80.0
P6,score_T_cell_activity,contiguous,-0.0013317972968122488,80.0
P6,score_Myeloid_inflammation,contiguous,0.20071140456130132,80.0
P6,tumour_immune_contact,contiguous,,80.0
P6,frac_Tumour,contiguous,0.0,81.0
P6,frac_Immune,contiguous,0.2653061224489796,81.0
P6,score_Estrogen_response,contiguous,-0.48523800636635794,81.0
P6,score_Proliferation,contiguous,0.005443261694205323,81.0
P6,score_T_cell_activity,contiguous,-0.00444236159631491,81.0
P6,score_Myeloid_inflammation,contiguous,0.290905645133455,81.0
P6,tumour_immune_contact,contiguous,,81.0
P6,frac_Tumour,contiguous,0.0,82.0
P6,frac_Immune,contiguous,0.4557823129251701,82.0
P6,score_Estrogen_response,contiguous,-0.12447808934097462,82.0
P6,score_Proliferation,contiguous,0.007335134372959872,82.0
P6,score_T_cell_activity,contiguous,-0.011519417123459365,82.0
P6,score_Myeloid_inflammation,contiguous,0.2571497474548537,82.0
P6,tumour_immune_contact,contiguous,,82.0
P6,frac_Tumour,contiguous,0.0,83.0
P6,frac_Immune,contiguous,0.35374149659863946,83.0
P6,score_Estrogen_response,contiguous,-0.515079060067899,83.0
P6,score_Proliferation,contiguous,0.005162097476507262,83.0
P6,score_T_cell_activity,contiguous,-0.004928937375220392,83.0
P6,score_Myeloid_inflammation,contiguous,0.4717562732665253,83.0
P6,tumour_immune_contact,contiguous,,83.0
P6,frac_Tumour,contiguous,0.0,84.0
P6,frac_Immune,contiguous,0.35034013605442177,84.0
P6,score_Estrogen_response,contiguous,-0.5131134373502968,84.0
P6,score_Proliferation,contiguous,-0.0013687642537006687,84.0
P6,score_T_cell_activity,contiguous,-0.0006100976342202821,84.0
P6,score_Myeloid_inflammation,contiguous,0.5376627043668684,84.0
P6,tumour_immune_contact,contiguous,,84.0
P6,frac_Tumour,contiguous,0.0,85.0
P6,frac_Immune,contiguous,0.05102040816326531,85.0
P6,score_Estrogen_response,contiguous,0.04314549175624327,85.0
P6,score_Proliferation,contiguous,-0.007633379243669054,85.0
P6,score_T_cell_activity,contiguous,-0.014712993455932607,85.0
P6,score_Myeloid_inflammation,contiguous,0.08211312031259342,85.0
P6,tumour_immune_contact,contiguous,,85.0
P6,frac_Tumour,contiguous,0.0,86.0
P6,frac_Immune,contiguous,0.46598639455782315,86.0
P6,score_Estrogen_response,contiguous,-0.09818619418690305,86.0
P6,score_Proliferation,contiguous,0.00700406492297071,86.0
P6,score_T_cell_activity,contiguous,-0.01413296499939506,86.0
P6,score_Myeloid_inflammation,contiguous,0.24051988192619458,86.0
P6,tumour_immune_contact,contiguous,,86.0
P6,frac_Tumour,contiguous,0.0,87.0
P6,frac_Immune,contiguous,0.47278911564625853,87.0
P6,score_Estrogen_response,contiguous,-0.5094122588465363,87.0
P6,score_Proliferation,contiguous,0.010707058397009802,87.0
P6,score_T_cell_activity,contiguous,-0.00588961623463406,87.0
P6,score_Myeloid_inflammation,contiguous,0.5334122475440115,87.0
P6,tumour_immune_contact,contiguous,,87.0
P6,frac_Tumour,contiguous,0.0,88.0
P6,frac_Immune,contiguous,0.3469387755102041,88.0
P6,score_Estrogen_response,contiguous,-0.4377516089850332,88.0
P6,score_Proliferation,contiguous,0.004095840518977368,88.0
P6,score_T_cell_activity,contiguous,-0.008576353391596021,88.0
P6,score_Myeloid_inflammation,contiguous,0.3266307527736278,88.0
P6,tumour_immune_contact,contiguous,,88.0
P6,frac_Tumour,contiguous,0.0,89.0
P6,frac_Immune,contiguous,0.4013605442176871,89.0
P6,score_Estrogen_response,contiguous,-0.07662473693395555,89.0
P6,score_Proliferation,contiguous,0.007421909408504462,89.0
P6,score_T_cell_activity,contiguous,-0.011938456075517486,89.0
P6,score_Myeloid_inflammation,contiguous,0.2458717306026332,89.0
P6,tumour_immune_contact,contiguous,,89.0
P6,frac_Tumour,contiguous,0.0,90.0
P6,frac_Immune,contiguous,0.14285714285714285,90.0
P6,score_Estrogen_response,contiguous,-0.4612049212391861,90.0
P6,score_Proliferation,contiguous,0.0157759443459327,90.0
P6,score_T_cell_activity,contiguous,0.009495501709041359,90.0
P6,score_Myeloid_inflammation,contiguous,0.16466502051833068,90.0
P6,tumour_immune_contact,contiguous,,90.0
P6,frac_Tumour,contiguous,0.0,91.0
P6,frac_Immune,contiguous,0.07142857142857142,91.0
P6,score_Estrogen_response,contiguous,-0.45121307985765324,91.0
P6,score_Proliferation,contiguous,0.01826666298839781,91.0
P6,score_T_cell_activity,contiguous,-0.0022401789872021106,91.0
P6,score_Myeloid_inflammation,contiguous,0.2077736445013126,91.0
P6,tumour_immune_contact,contiguous,,91.0
P6,frac_Tumour,contiguous,0.0,92.0
P6,frac_Immune,contiguous,0.2789115646258503,92.0
P6,score_Estrogen_response,contiguous,-0.43241332561089,92.0
P6,score_Proliferation,contiguous,-0.004284712464090376,92.0
P6,score_T_cell_activity,contiguous,0.014981379707362082,92.0
P6,score_Myeloid_inflammation,contiguous,0.38755578108095684,92.0
P6,tumour_immune_contact,contiguous,,92.0
P6,frac_Tumour,contiguous,0.0,93.0
P6,frac_Immune,contiguous,0.391156462585034,93.0
P6,score_Estrogen_response,contiguous,-0.32177719481343575,93.0
P6,score_Proliferation,contiguous,-0.005031371117989763,93.0
P6,score_T_cell_activity,contiguous,0.007572785497822218,93.0
P6,score_Myeloid_inflammation,contiguous,0.34038616105059727,93.0
P6,tumour_immune_contact,contiguous,,93.0
P6,frac_Tumour,contiguous,0.0,94.0
P6,frac_Immune,contiguous,0.40476190476190477,94.0
P6,score_Estrogen_response,contiguous,-0.22454325178995335,94.0
P6,score_Proliferation,contiguous,0.0009690670983321008,94.0
P6,score_T_cell_activity,contiguous,-0.01857148613475033,94.0
P6,score_Myeloid_inflammation,contiguous,0.23762863306772136,94.0
P6,tumour_immune_contact,contiguous,,94.0
P6,frac_Tumour,contiguous,0.0,95.0
P6,frac_Immune,contiguous,0.35374149659863946,95.0
P6,score_Estrogen_response,contiguous,-0.5101769486659526,95.0
P6,score_Proliferation,contiguous,0.0014665049841614836,95.0
P6,score_T_cell_activity,contiguous,0.017030825982266518,95.0
P6,score_Myeloid_inflammation,contiguous,0.49151757665521556,95.0
P6,tumour_immune_contact,contiguous,,95.0
P6,frac_Tumour,contiguous,0.0,96.0
P6,frac_Immune,contiguous,0.17346938775510204,96.0
P6,score_Estrogen_response,contiguous,-0.45773303474631055,96.0
P6,score_Proliferation,contiguous,0.006328797037639316,96.0
P6,score_T_cell_activity,contiguous,0.0030132970016449917,96.0
P6,score_Myeloid_inflammation,contiguous,0.2534232744681708,96.0
P6,tumour_immune_contact,contiguous,,96.0
P6,frac_Tumour,contiguous,0.0,97.0
P6,frac_Immune,contiguous,0.3163265306122449,97.0
P6,score_Estrogen_response,contiguous,-0.29120341864055665,97.0
P6,score_Proliferation,contiguous,-0.013650973139166016,97.0
P6,score_T_cell_activity,contiguous,0.011575667849649014,97.0
P6,score_Myeloid_inflammation,contiguous,0.3266283398136801,97.0
P6,tumour_immune_contact,contiguous,,97.0
P6,frac_Tumour,contiguous,0.0,98.0
P6,frac_Immune,contiguous,0.24829931972789115,98.0
P6,score_Estrogen_response,contiguous,-0.3912154284619408,98.0
P6,score_Proliferation,contiguous,-0.0030520170602668676,98.0
P6,score_T_cell_activity,contiguous,0.0015961813202688645,98.0
P6,score_Myeloid_inflammation,contiguous,0.29051956255014255,98.0
P6,tumour_immune_contact,contiguous,,98.0
P6,frac_Tumour,contiguous,0.0,99.0
P6,frac_Immune,contiguous,0.14625850340136054,99.0
P6,score_Estrogen_response,contiguous,-0.2234090837466401,99.0
P6,score_Proliferation,contiguous,-0.014354439844079563,99.0
P6,score_T_cell_activity,contiguous,0.009026140595918747,99.0
P6,score_Myeloid_inflammation,contiguous,0.21211479774195668,99.0
P6,tumour_immune_contact,contiguous,,99.0
